872.754,5.13928e-05
861.943,0.000150225
869.597,0.000249455
879.766,0.000352465
859.91,0.000454577
863.941,0.000553078
860.882,0.00065589
876.57,0.000754663
855.685,0.000852985
860.159,0.000957242
860.629,0.00105611
861.429,0.00115641
865.257,0.00125761
857.738,0.00135993
873.715,0.00146013
856.9,0.0015572
857.841,0.00166073
858.695,0.00176048
845.534,0.00186025
877.035,0.00196148
835.094,0.0020623
850.59,0.00216519
851.539,0.00226406
862.704,0.00236701
858.698,0.00246579
835.343,0.00256527
845.445,0.002667
845.91,0.00276694
824.894,0.00287014
833.627,0.00296841
827.904,0.00307335
836.984,0.00317055
821.557,0.00327458
811.918,0.00337317
813.21,0.00347718
800.869,0.00357668
810.248,0.00367657
823.574,0.00377592
802.964,0.00387837
775.292,0.00397954
812.329,0.0040804
807.517,0.00418184
804.801,0.00428031
773.124,0.00438056
778.544,0.00448105
796.758,0.00458292
799.671,0.00467976
779.392,0.0047836
774.911,0.00487885
769.331,0.00498494
780.008,0.00508225
773.815,0.00518044
810.53,0.0052812
800.129,0.00538252
796.443,0.00548591
798.135,0.00558544
805.011,0.00568711
815.726,0.0057841
789.036,0.00588476
813.993,0.00598816
801.678,0.00608342
793.625,0.00618718
813.039,0.00628862
810.275,0.00638705
841.105,0.00648736
816.437,0.00658865
827.507,0.00668786
825.47,0.0067889
851.901,0.00688946
858.64,0.00698798
831.362,0.00709026
855.053,0.00719331
859.06,0.00728969
864.909,0.00739083
861.967,0.00749073
851.877,0.00758941
858.068,0.00769315
879.164,0.00779309
868.998,0.00789439
849.379,0.00799362
856.524,0.00809528
865.312,0.00819533
865.847,0.00829715
864.94,0.00839818
862.239,0.00849816
860.921,0.00859876
876.913,0.00869913
866.8,0.00879838
871.566,0.00890131
866.354,0.00900061
888.577,0.00910208
876.577,0.00920046
858.982,0.00930331
857.846,0.00940146
876.897,0.00950378
871.049,0.00960589
869.309,0.00970458
859.255,0.00980777
881.525,0.00990678
886.417,0.0100071
873.617,0.0101066
875.798,0.0102083
880.882,0.0103092
870.373,0.0104087
868.05,0.0105097
881.296,0.0106106
849.961,0.0107116
869.314,0.0108113
866.01,0.0109137
871.234,0.0110117
867.168,0.0111156
861.539,0.011213
843.503,0.0113169
862.425,0.0114139
862.694,0.011517
865.439,0.0116188
859.699,0.0117176
867.596,0.0118174
852.782,0.011919
851.604,0.0120191
863.281,0.012119
852.861,0.0122207
854.111,0.0123204
844.562,0.0124215
850.845,0.0125222
860.414,0.0126223
838.671,0.0127236
839.015,0.0128242
856.505,0.012923
842.748,0.0130267
848.553,0.0131265
831.922,0.0132219
826.677,0.0133295
843.566,0.0134286
854.629,0.0135295
816.45,0.013628
850.081,0.0137302
824.255,0.013828
820.965,0.0139299
826.394,0.014033
820.934,0.01413
815.769,0.0142325
824.747,0.0143315
813.168,0.0144332
839.874,0.0145329
829.296,0.0146338
814.342,0.0147325
807.719,0.0148378
834.166,0.0149346
800.894,0.0150382
789.964,0.0151402
774.856,0.015238
793.042,0.0153382
795.421,0.0154416
789.443,0.01554
763.762,0.0156416
791.93,0.0157424
766.035,0.0158423
800.475,0.0159437
798.026,0.0160448
764.111,0.0161441
796.519,0.016248
798.877,0.0163448
788.244,0.0164462
797.63,0.016548
800.039,0.0166484
809.956,0.0167479
791.28,0.0168494
811.7,0.0169479
832.654,0.0170506
825.802,0.0171487
845.645,0.0172526
830.215,0.0173528
849.397,0.0174521
852.552,0.0175501
835.471,0.0176551
847.226,0.0177516
848.254,0.0178576
868.044,0.0179545
846.313,0.0180556
837.482,0.0181585
871.934,0.0182578
848.782,0.0183568
838.263,0.0184612
848.469,0.0185586
864.204,0.0186592
867.734,0.0187617
850.159,0.0188599
870.374,0.0189626
862.45,0.0190646
870.473,0.0191628
852.392,0.0192632
888.677,0.0193647
859.209,0.0194653
868.374,0.0195665
867.743,0.019667
868.302,0.0197679
864.088,0.0198664
857.77,0.0199681
851.005,0.0200691
876.458,0.0201687
870.244,0.0202693
859.211,0.0203699
865.655,0.0204709
872.727,0.0205716
876.054,0.0206723
876.981,0.0207739
873.634,0.0208742
852.127,0.0209722
863.845,0.0210744
859.94,0.0211762
865.389,0.0212734
871.632,0.0213771
877.789,0.0214772
867.108,0.0215759
863.184,0.0216774
869.661,0.021778
866.599,0.0218782
864.671,0.0219789
882.781,0.0220817
853.023,0.0221805
866.398,0.0222825
879.408,0.0223819
863.844,0.0224854
845.053,0.0225802
865.414,0.0226811
870.343,0.022785
845.24,0.022884
867.278,0.0229843
834.855,0.0230849
817.705,0.0231899
849.793,0.0232873
845.638,0.0233916
835.95,0.0234885
838.373,0.0235885
843.363,0.0236887
828.634,0.0237902
820.751,0.0238906
832.377,0.0239946
795.507,0.0240922
801.664,0.0241938
812.092,0.0242926
810.235,0.0243961
806.835,0.0244941
803.728,0.0245942
793.849,0.0246943
798.314,0.0247971
798.449,0.0249002
792.986,0.0249951
782.991,0.0251021
788.843,0.0251954
793.554,0.0253011
805.801,0.0254015
766.711,0.0255008
772.368,0.025602
781.745,0.0257005
775.698,0.0258028
785.282,0.0259035
784.784,0.0260035
779.161,0.0261071
783.614,0.0262082
786.453,0.0263036
793.108,0.0264076
784.637,0.0265071
791.024,0.0266054
782.075,0.0267094
797.007,0.0268098
801.736,0.0269096
844.456,0.0270073
793.667,0.0271116
809.018,0.0272118
825.479,0.0273106
808.287,0.0274144
847.211,0.0275128
811.403,0.0276144
840.712,0.0277176
834.658,0.0278134
832.905,0.027918
844.535,0.0280145
858.411,0.0281188
848.864,0.0282188
840.853,0.0283164
844.443,0.0284191
861.175,0.0285177
874.336,0.0286205
872.722,0.0287194
876.468,0.0288222
887.084,0.0289222
876.546,0.0290212
872.338,0.0291241
872.299,0.0292231
886.707,0.0293241
871.518,0.0294238
858.756,0.029526
850.063,0.0296254
861.812,0.0297279
873.429,0.029828
879.024,0.0299263
881.602,0.0300273
890.473,0.0301292
886.666,0.0302295
886.556,0.0303292
880.541,0.0304308
888.923,0.0305303
899.034,0.0306338
873.546,0.030732
862.34,0.0308323
890.966,0.0309324
878.908,0.0310356
869.236,0.031138
880.75,0.0312347
871.911,0.031335
879.845,0.0314358
874.779,0.0315343
860.524,0.0316392
867.822,0.0317377
869.691,0.031841
875.99,0.0319392
865.871,0.0320381
871.806,0.0321378
866.031,0.0322415
876.013,0.0323397
857.455,0.0324417
860.943,0.0325398
867.583,0.0326445
848.71,0.0327408
828.431,0.0328432
841.527,0.0329427
861.837,0.0330446
841.394,0.0331456
829.469,0.0332442
830.396,0.0333468
840.88,0.0334419
841.137,0.0335448
839.592,0.033647
845.507,0.0337496
842.014,0.0338462
850.978,0.0339485
823.999,0.0340519
835.416,0.0341482
831.745,0.0342504
824.353,0.0343482
823.861,0.0344538
796.477,0.0345486
809.985,0.0346513
801.657,0.0347533
804.981,0.0348516
810.264,0.0349535
796.949,0.0350544
806.765,0.0351529
785.485,0.0352548
809.514,0.0353537
801.104,0.0354571
787.197,0.035555
804.657,0.0356554
794.665,0.0357576
791.407,0.0358579
781.211,0.0359559
775.251,0.0360593
771.671,0.0361572
769.145,0.0362617
770.663,0.0363601
794.324,0.0364606
764.711,0.0365632
770.109,0.0366604
792.427,0.0367626
798.081,0.0368629
791.714,0.0369657
795.126,0.0370639
805.279,0.037164
810.518,0.0372661
792.721,0.0373664
804.435,0.0374668
813.509,0.0375678
818.513,0.0376683
821.803,0.0377636
837.802,0.0378696
824.895,0.0379655
830.933,0.0380679
862.017,0.0381682
841.297,0.0382666
863.823,0.0383709
854.578,0.0384678
856.418,0.0385713
856.708,0.0386717
883.743,0.0387739
854.871,0.0388731
870.637,0.038973
856.714,0.0390738
877.579,0.0391728
882.625,0.0392753
875.836,0.0393737
886.408,0.0394729
883.769,0.0395774
864.091,0.0396753
869.478,0.0397769
870.397,0.0398776
882.982,0.0399778
886.113,0.0400758
888.011,0.0401807
876.833,0.0402781
873.645,0.0403787
882.941,0.0404809
889.372,0.0405784
884.148,0.0406809
874.544,0.0407789
876.647,0.040883
873.365,0.040981
878.081,0.0410838
871.146,0.0411814
868.074,0.0412831
868.41,0.041383
878.971,0.0414851
879,0.0415843
873.34,0.0416865
870.147,0.041787
880.033,0.0418873
855.991,0.0419864
856.957,0.0420869
857.948,0.0421873
866.789,0.0422898
866.495,0.0423873
872.917,0.0424907
856.023,0.0425887
854.428,0.0426887
857.149,0.0427898
857.867,0.0428925
865.735,0.0429932
849.052,0.0430913
849.837,0.0431922
841.579,0.043294
852.41,0.0433916
824.441,0.0434947
831.998,0.0435947
829.949,0.0436961
839.509,0.0437949
857.189,0.0438952
827.186,0.0439973
838.962,0.0441006
823.008,0.0441961
815.728,0.0443
826.512,0.0443982
814.033,0.0444997
800.004,0.0446037
801.268,0.0446985
798.231,0.044804
822.744,0.0449014
795.461,0.0449996
791.011,0.0451016
811.004,0.0452036
796.718,0.0453043
801.637,0.0454016
764.195,0.0455036
792.314,0.0456029
796.392,0.0457059
776.814,0.0458056
771.175,0.0459044
786.29,0.0460081
809.956,0.0461112
801.49,0.046206
781.598,0.0463057
790.897,0.0464092
792.941,0.0465097
781.426,0.0466093
787.352,0.0467072
798.377,0.0468091
800.355,0.0469115
802.785,0.0470107
805.033,0.047112
810.792,0.0472159
823.944,0.0473104
813.301,0.0474134
851.365,0.0475139
829.768,0.0476152
835.313,0.0477137
834.583,0.0478169
839.842,0.0479145
859.032,0.0480149
841.503,0.0481163
844.799,0.0482174
857.215,0.0483148
855.987,0.0484183
835.445,0.0485172
861.654,0.0486189
868.69,0.0487203
861.209,0.0488196
872.597,0.0489191
858.907,0.049023
863.748,0.0491202
873.826,0.0492237
870.77,0.0493224
873.956,0.0494216
870.443,0.0495243
859.909,0.0496231
863.803,0.0497244
874.522,0.0498278
868.142,0.0499239
870.807,0.0500271
871.459,0.0501258
886.534,0.0502276
880.764,0.0503253
866.28,0.0504275
868.744,0.0505293
894.743,0.0506259
874.153,0.0507307
888.882,0.0508322
878.959,0.0509297
880.706,0.0510305
874.342,0.0511326
865.282,0.0512341
856.048,0.0513318
860.988,0.0514314
868.126,0.0515336
864.531,0.0516312
879.329,0.0517362
871.057,0.0518335
877.359,0.0519337
870.552,0.0520356
877.292,0.0521336
875.018,0.0522362
851.652,0.0523362
865.543,0.0524352
852.163,0.0525363
860.1,0.0526397
848.901,0.052739
863.826,0.0528345
860.334,0.0529416
845.997,0.0530415
868.516,0.0531417
852.81,0.0532391
868.33,0.0533414
859.092,0.0534419
854.063,0.0535421
860.275,0.0536417
848.658,0.0537449
837.485,0.0538426
836.038,0.0539455
850.824,0.0540463
834.488,0.0541469
830.303,0.0542461
817.342,0.0543478
818.185,0.0544453
841.375,0.0545468
838.14,0.0546479
836.177,0.0547499
843.418,0.054852
828.005,0.0549479
817.842,0.0550518
805.705,0.0551476
827.502,0.0552524
800.209,0.05535
814.216,0.055453
823.144,0.0555498
804.536,0.055651
805.665,0.0557528
815.804,0.0558521
808.823,0.055953
816.691,0.0560568
791.394,0.0561561
813.867,0.0562548
781.079,0.0563522
799.152,0.0564592
790.672,0.0565562
771.603,0.0566568
788.082,0.0567601
798.06,0.0568576
805.117,0.0569596
784.431,0.0570603
785.994,0.0571584
792.705,0.0572604
780.389,0.0573597
759.333,0.0574663
809.591,0.0575607
812.458,0.0576634
780.028,0.0577633
816.23,0.0578636
821.745,0.0579643
806.676,0.0580637
800.061,0.0581643
822.559,0.0582662
824.558,0.0583643
845.097,0.0584654
846.286,0.0585655
819.868,0.0586667
841.608,0.0587673
842.582,0.0588677
844.267,0.0589691
854.2,0.0590699
846.017,0.0591699
847.971,0.059269
837.933,0.0593717
847.589,0.0594703
867.83,0.059573
838.084,0.0596735
855.594,0.0597718
874.352,0.0598725
860.876,0.0599732
867.791,0.0600745
849.319,0.0601741
865.625,0.060276
868.253,0.0603751
855.89,0.0604761
853.247,0.0605752
860.361,0.0606756
862.258,0.0607775
874.768,0.0608776
848.25,0.0609774
884.752,0.0610799
871.288,0.0611811
870.097,0.061279
854.028,0.0613812
855.082,0.0614797
845.456,0.0615794
878.998,0.061683
850.263,0.0617816
878.143,0.0618828
873.453,0.0619826
880.102,0.0620842
848.008,0.0621839
857.722,0.0622823
863.157,0.0623847
841.674,0.0624855
868.696,0.0625857
872.319,0.0626869
877.69,0.0627841
894.133,0.062887
849.749,0.0629871
844.285,0.0630874
869.742,0.0631868
867.914,0.0632871
863.415,0.0633855
875.428,0.0634896
877.01,0.063589
854.337,0.0636881
836.129,0.0637907
843.988,0.0638847
858.224,0.0639906
857.099,0.0640919
846.726,0.0641882
858.889,0.0642903
834.601,0.0643905
866.256,0.0644917
835.384,0.0645898
823.541,0.0646892
827.799,0.0647895
829.487,0.0648948
837.255,0.0649929
873.953,0.0650901
827.898,0.06519
837.779,0.0652934
835.959,0.0653927
813.239,0.0654906
833.165,0.0655925
802.578,0.0656941
818.262,0.0657913
792.554,0.0658937
827.109,0.0659891
790.752,0.0660948
792.418,0.0661948
785.676,0.0662959
771.731,0.0663955
783.288,0.0664936
791.177,0.0665969
756.663,0.0666945
777.542,0.0667978
770.806,0.0668949
781.471,0.0669952
791.456,0.0670985
780.362,0.0672003
767.934,0.0672971
776.024,0.0673989
813.732,0.0674932
799.033,0.0675966
800.183,0.0676982
797.424,0.0677979
800.223,0.0678993
800.073,0.0679992
824.484,0.0680994
812.023,0.0681968
845.956,0.0683013
828.676,0.0683977
839.129,0.0685007
815.231,0.0685998
829.906,0.0686979
855.41,0.0687996
852.986,0.0689022
862.512,0.0690015
846.778,0.0691011
857.947,0.0692027
849.189,0.069299
865.506,0.0694007
868.104,0.0695029
866.961,0.0696004
865.554,0.0697004
856.156,0.069803
870.722,0.0699042
885.154,0.0700019
866.679,0.0701036
860.573,0.0702026
876.427,0.0703048
885.586,0.0704027
874.883,0.0705043
868.349,0.0706065
887.151,0.0707048
849.733,0.0708043
867.224,0.0709037
887.736,0.0710044
859.741,0.0711072
876.666,0.0712056
882.902,0.0713031
897.86,0.071407
890.705,0.0715062
888.099,0.071605
855.42,0.0717073
892.119,0.0718071
871.946,0.0719063
872.073,0.0720079
872.466,0.0721089
881.506,0.0722086
867.507,0.0723081
876.26,0.0724078
874.169,0.0725061
866.19,0.0726086
862.195,0.0727107
879.871,0.0728081
873.1,0.0729091
864.385,0.0730073
892.319,0.0731099
858.24,0.0732101
884.515,0.0733107
869.556,0.0734105
880.371,0.0735106
883.342,0.0736126
851.185,0.073711
833.303,0.0738121
877.946,0.0739104
855.608,0.0740121
854.899,0.0741125
847.523,0.0742098
849.206,0.0743124
835.744,0.0744109
868.146,0.0745111
856.402,0.074613
831.989,0.074716
837.567,0.0748123
845.197,0.0749174
851.258,0.0750128
850.391,0.0751147
831.962,0.0752157
812.067,0.0753145
813.889,0.0754134
835.247,0.0755132
831.55,0.0756152
802.109,0.0757133
798.287,0.0758144
787.064,0.0759152
825.721,0.0760149
808.166,0.076119
797.536,0.0762174
811.684,0.0763162
789.252,0.0764176
800.232,0.0765181
786.907,0.0766188
791.118,0.0767135
778.058,0.0768209
787.757,0.0769189
800.081,0.0770201
760.585,0.0771159
779.144,0.0772171
777.116,0.0773196
768.148,0.0774192
765.318,0.0775181
774.898,0.0776215
793.009,0.0777183
791.364,0.0778205
773.842,0.0779223
778.47,0.0780203
800.367,0.0781236
799.589,0.0782201
792.662,0.0783211
824.337,0.0784218
800.025,0.0785223
817.009,0.0786234
810.2,0.0787211
828.84,0.0788227
830.904,0.0789205
836.558,0.0790234
836.767,0.0791224
859.016,0.0792251
843.099,0.0793223
848.207,0.0794233
842.814,0.079525
859.09,0.079626
838.716,0.0797223
871.193,0.0798248
870.114,0.0799262
854.816,0.0800253
846.637,0.0801246
856.642,0.0802298
880.548,0.0803234
892.267,0.0804258
879.84,0.080525
851.327,0.0806269
872.151,0.0807256
875.05,0.0808268
880.633,0.080928
887.586,0.0810266
882.03,0.0811278
884.125,0.0812269
886.839,0.081327
850.638,0.0814277
879.404,0.0815304
891.613,0.0816258
874.203,0.0817284
888.307,0.0818298
878.46,0.0819304
886.685,0.0820296
868.709,0.0821281
869.171,0.0822293
877.996,0.0823301
891.65,0.0824323
870.102,0.0825317
868.164,0.0826303
863.112,0.0827305
871.686,0.0828326
883.397,0.0829292
874.532,0.0830337
882.667,0.0831291
852.226,0.0832332
844.042,0.0833317
850.579,0.0834318
865.874,0.0835317
847.39,0.0836319
857.35,0.083732
869.534,0.0838349
831.761,0.0839339
841.619,0.0840324
841.929,0.0841357
849.376,0.0842342
836.781,0.0843345
843.328,0.0844343
844.776,0.0845366
848.602,0.0846366
843.115,0.0847344
830.855,0.0848342
840.737,0.0849349
847.634,0.0850376
845.904,0.0851357
825.632,0.0852384
807.218,0.0853369
812.251,0.0854366
819.817,0.0855388
818.678,0.0856358
812.392,0.0857408
786.664,0.0858388
826.859,0.0859381
800.072,0.086036
801.021,0.0861389
794.18,0.0862408
806.755,0.0863394
783.874,0.0864391
793.72,0.0865421
822.035,0.0866395
799.597,0.0867371
773.922,0.0868392
796.27,0.0869393
796.997,0.0870415
792.418,0.0871416
776.001,0.0872413
757.407,0.087341
808.864,0.0874421
793.109,0.0875425
790.296,0.0876402
749.498,0.0877426
777.833,0.0878412
780.609,0.0879434
785.507,0.0880406
791.162,0.0881445
778.23,0.0882425
793.528,0.0883486
814.17,0.0884451
793.34,0.0885428
816.504,0.0886431
845.18,0.0887455
834.291,0.088846
840.332,0.0889452
843.3,0.089043
865.128,0.089148
840.875,0.0892485
846.892,0.0893427
858.73,0.0894483
868.002,0.0895466
857.408,0.089644
861.969,0.0897473
865.059,0.0898486
874.786,0.0899476
857.199,0.0900499
858.427,0.0901458
880.712,0.0902462
861.927,0.0903485
869.257,0.0904479
883.189,0.090547
871.551,0.0906477
871.769,0.0907471
876.528,0.0908497
876.828,0.0909489
873.637,0.0910511
870.555,0.0911482
871.89,0.091251
874.435,0.0913499
888.133,0.0914501
877.294,0.0915523
872.77,0.0916496
876.181,0.0917497
865.971,0.091849
855.81,0.0919537
877.725,0.0920482
876.688,0.0921514
860.564,0.0922528
871.596,0.0923511
871.808,0.0924518
887.045,0.0925543
876.014,0.0926526
878.205,0.0927522
880.702,0.0928556
866.868,0.0929517
869.32,0.0930525
849.45,0.0931543
866.027,0.093253
865.028,0.0933547
861.738,0.0934538
858.279,0.0935558
864.198,0.0936538
850.429,0.0937558
859.646,0.0938557
866.389,0.0939538
861.922,0.094058
845.683,0.0941582
844.391,0.0942567
857.844,0.0943573
844.67,0.0944547
844.341,0.0945581
845.979,0.0946589
861.776,0.094756
860.959,0.094857
846.004,0.0949586
837.016,0.0950555
834.294,0.0951594
828.303,0.0952604
828.632,0.0953601
832.256,0.0954588
840.288,0.0955613
818.856,0.0956596
809.797,0.0957581
826.655,0.0958598
804.65,0.0959625
810.3,0.0960585
799.117,0.0961592
819.54,0.0962632
784.768,0.0963611
809.035,0.0964611
821.059,0.0965625
781.891,0.0966607
822.43,0.0967617
810.641,0.0968619
793.611,0.0969605
804.121,0.097065
766.059,0.0971648
798.628,0.097266
802.113,0.0973642
808.222,0.0974634
763.805,0.0975606
820.236,0.097669
782.623,0.0977623
812.932,0.0978644
779.449,0.0979616
782.026,0.0980662
770.247,0.0981646
791.895,0.0982643
773.186,0.0983654
807.422,0.0984649
804.706,0.0985683
808.649,0.0986672
787.345,0.0987677
813.117,0.0988666
821.324,0.0989685
814.047,0.0990691
821.815,0.0991682
827.959,0.0992659
819.994,0.0993706
847.747,0.0994683
833.344,0.099568
840.613,0.0996709
836.874,0.0997678
853.644,0.0998696
855.495,0.0999704
848.253,0.100071
838.62,0.100169
827.853,0.100269
859.02,0.100369
853.865,0.100471
842.927,0.10057
857.583,0.100672
849.508,0.10077
855.344,0.10087
871.48,0.10097
855.595,0.101072
868.867,0.101172
864.582,0.101272
856.853,0.101373
855.833,0.101473
885.757,0.101573
860.049,0.101674
871.736,0.101773
875.901,0.101873
866.703,0.101974
862.804,0.102073
866.499,0.102175
854.018,0.102275
854.649,0.102374
864.705,0.102476
856.479,0.102575
856.418,0.102673
855.031,0.102776
853.959,0.102876
847.512,0.102976
849.749,0.103075
855.878,0.103177
852.664,0.103275
842.244,0.103376
875.484,0.103478
867.026,0.103577
854.789,0.103677
861.193,0.103777
865.27,0.103878
882.118,0.10398
874.702,0.104078
876.816,0.104178
873.606,0.104279
855.127,0.104379
852.953,0.104478
846.891,0.10458
851.757,0.104681
860.937,0.104782
859.933,0.104877
860.914,0.104982
858.428,0.105081
849.686,0.10518
839.05,0.105279
859.647,0.105381
859.735,0.105481
833.682,0.105582
846.339,0.10568
826.23,0.105779
842.795,0.105883
821.217,0.105981
811.5,0.106085
841.443,0.106185
830.288,0.106283
818.092,0.106384
818.511,0.106482
835.141,0.106583
817.042,0.106684
806.399,0.106788
795.574,0.106885
821.97,0.106982
817.989,0.107086
779.467,0.107186
798.175,0.107283
810.026,0.107385
816.808,0.107487
815.978,0.107583
778.449,0.107686
768.574,0.107789
811.057,0.107888
794.872,0.107989
768.301,0.108088
792.161,0.108189
799.931,0.108288
809.027,0.10839
796.554,0.108489
795.234,0.108587
770.652,0.108691
791.144,0.108789
788.878,0.108889
798.659,0.108989
812.078,0.109087
810.276,0.109193
831.264,0.10929
808.553,0.109395
818.406,0.109491
849.079,0.109593
841.629,0.109692
829.544,0.109792
839.536,0.109893
852.605,0.109993
849,0.110093
859.423,0.11019
841.541,0.110293
864.14,0.110393
849.991,0.110496
856.693,0.110593
859.747,0.110692
858.78,0.110793
865.283,0.110894
857.812,0.110996
868.942,0.111093
886.884,0.111195
869.924,0.111296
867.507,0.111395
872.328,0.111497
873.775,0.111595
870.601,0.111697
874.133,0.111798
866.758,0.111897
871.967,0.111998
888.534,0.112098
869.454,0.112197
884.703,0.112296
869.51,0.112401
872.098,0.112498
872.484,0.112598
876.141,0.112698
885.984,0.112799
870.138,0.112899
870.074,0.112999
892.031,0.1131
875.731,0.113199
876.218,0.1133
882.4,0.113396
884.298,0.113502
878.619,0.113601
885.482,0.113702
861.457,0.113801
863.724,0.113902
867.958,0.114002
891.752,0.114102
881.445,0.114199
884.685,0.114302
877.916,0.114403
855.221,0.114504
863.759,0.114602
877.972,0.114704
867.768,0.114805
856.533,0.114904
867.172,0.114999
863.838,0.115105
852.135,0.115205
849.504,0.115302
854.857,0.115408
848.116,0.115503
833.636,0.115605
839.195,0.115705
823.421,0.115807
838.717,0.115905
827.493,0.116005
827.801,0.116104
823.948,0.116206
830.729,0.116306
825.969,0.116405
814.43,0.116503
793.587,0.11661
803.427,0.116709
794.627,0.116805
797.597,0.116906
796.536,0.11701
794.996,0.11711
817.281,0.117209
813.319,0.117311
794.249,0.117406
774.088,0.117511
766.943,0.117612
792.722,0.117709
776.25,0.117811
792.104,0.11791
783.696,0.118013
765.335,0.118109
780.672,0.118208
784.995,0.118311
769.691,0.118413
760.365,0.118512
761.74,0.118612
795.529,0.118709
788.412,0.118814
776.532,0.118914
775.717,0.119013
766.6,0.11911
776.825,0.119213
785.664,0.119314
796.279,0.119414
793.91,0.119514
802.683,0.119614
820.969,0.119715
802.489,0.119816
804.747,0.119914
859.495,0.120015
836.643,0.120113
828.733,0.120213
834.418,0.120316
818.502,0.120416
833.493,0.120516
855.626,0.120616
854.186,0.120717
852.144,0.120816
856.811,0.120918
857.761,0.121015
855.629,0.121117
846.137,0.121219
867.036,0.121315
865.635,0.121419
859.866,0.121516
866.05,0.121616
865.093,0.121719
857.239,0.121819
876.805,0.12192
859.278,0.122019
875.968,0.122118
879.678,0.122222
866.988,0.122318
879.122,0.122422
884.096,0.122519
877.424,0.12262
894.903,0.122721
886.218,0.122824
879.115,0.122921
874.03,0.123021
882.252,0.123123
881.333,0.123222
874.247,0.123322
884.445,0.123423
877.051,0.123521
870.962,0.123622
871.453,0.123723
880.45,0.123824
876.613,0.123922
886.254,0.124022
870.042,0.124125
866.926,0.124224
869.373,0.124324
860.065,0.124427
853.176,0.124522
855.944,0.124625
862.089,0.124726
860.298,0.124825
862.026,0.124924
879.545,0.125026
833.355,0.125127
850.719,0.125228
828.614,0.125332
857.771,0.125426
832.41,0.12553
845.826,0.125632
863.922,0.125729
849.633,0.125832
849.063,0.125933
814.151,0.126033
819.338,0.126133
830.31,0.126234
836.779,0.126332
840.711,0.126434
805.167,0.126533
833.069,0.126637
816.642,0.126733
818.809,0.126839
802.714,0.126938
819.46,0.127041
805.308,0.127138
792.328,0.127238
805.602,0.127339
794.967,0.127443
800.984,0.127541
810.764,0.127644
763.667,0.127743
777.325,0.127846
769.305,0.127945
775.88,0.128043
775.388,0.128148
794.665,0.128245
780.523,0.128347
777.84,0.128444
778.335,0.128549
796.449,0.128647
816.636,0.128749
791.65,0.128849
782.195,0.128951
788.655,0.129051
765.702,0.12915
806.339,0.129252
801.761,0.129355
799.763,0.129452
789.43,0.129556
815.383,0.129655
828.377,0.129755
835.492,0.129859
848.148,0.129954
833.681,0.130056
824.943,0.130155
840.529,0.13026
832.22,0.130357
842.324,0.130463
857.374,0.130562
873.908,0.130661
856.633,0.130763
877.157,0.13086
864.194,0.130964
878.1,0.131063
872.512,0.131166
877.135,0.131263
886.978,0.131368
880.477,0.131464
889.24,0.131568
871.22,0.131666
890.734,0.131766
892.678,0.13187
876.26,0.131969
876.454,0.132072
870.944,0.132169
870.862,0.132272
864.574,0.132372
864.891,0.132473
877.197,0.132572
880.849,0.132674
869.147,0.132775
869.019,0.132874
882.394,0.132976
868.88,0.133076
872.563,0.133175
865.261,0.133277
870.915,0.13338
865.803,0.13348
864.549,0.133578
868.21,0.133677
887.119,0.133781
870.82,0.133883
870.994,0.133979
859.212,0.134082
872.253,0.134182
875.702,0.134283
876.179,0.134383
856.29,0.134484
857.241,0.134585
854.797,0.134686
868.855,0.134788
860.402,0.134887
871.923,0.134989
865.382,0.135089
834.262,0.135187
854.814,0.135291
865.499,0.135389
858.607,0.135492
864.896,0.13559
857.018,0.135693
839.107,0.135793
848.312,0.135893
827.183,0.135992
839.198,0.136095
848.8,0.136197
849.902,0.136295
832.829,0.136399
846.899,0.136496
821.197,0.136596
851.312,0.136698
821.445,0.136798
820.859,0.136901
841.487,0.137001
822.213,0.137101
826.404,0.137202
806.763,0.137303
818.337,0.137404
818.892,0.137506
801.497,0.137603
810.503,0.137706
794.665,0.137806
797.591,0.137908
817.144,0.138006
810.587,0.138103
832.545,0.138209
788.472,0.138308
767.737,0.138407
790.557,0.138509
806.13,0.138613
798.324,0.138711
805.749,0.13881
793.497,0.138913
781.288,0.139014
797.382,0.139116
794.711,0.139214
797.186,0.139315
798.717,0.139416
811.265,0.139517
831.313,0.139616
821.681,0.139719
809.285,0.13982
824.024,0.139918
821.614,0.140019
826.097,0.140121
840.254,0.140221
811.511,0.140319
827.115,0.140424
860.229,0.140519
839.411,0.140622
874.94,0.140727
843.154,0.140825
844.534,0.140923
850.072,0.141025
847.365,0.141127
867.995,0.141225
857.489,0.141328
843.348,0.141428
855.434,0.141528
851.277,0.141631
844.088,0.14173
862.904,0.14183
856.054,0.141932
857.402,0.142033
850.896,0.142133
876.125,0.142234
879.182,0.142334
844.317,0.142436
866.501,0.142535
882.612,0.142637
852.076,0.142735
859.33,0.142838
870.971,0.142936
861.388,0.14304
856.738,0.143138
856.489,0.143239
868.678,0.14334
879.202,0.143442
857.578,0.143539
871.488,0.143641
878.666,0.143743
862.306,0.143843
865.69,0.143946
858.757,0.144043
852.024,0.144141
861.527,0.144246
872.253,0.144346
879.37,0.144449
875.279,0.144548
838.126,0.144646
862.88,0.14475
878.554,0.14485
841.345,0.144949
850.924,0.145052
878.338,0.145151
850.426,0.145252
862.789,0.145352
849.047,0.145453
852.105,0.145554
859.73,0.145653
826.745,0.145757
864.812,0.145857
831.763,0.145955
841.204,0.146056
875.105,0.146161
843.693,0.146258
841.931,0.14636
838.244,0.146459
857.54,0.146559
843.1,0.146661
845.39,0.14676
836.407,0.146861
839.264,0.146963
838.677,0.147064
826.397,0.147164
800.181,0.147263
818.048,0.147364
832.488,0.147467
821.112,0.147563
820.567,0.147666
813.662,0.147766
814.684,0.147867
807.672,0.147969
777.926,0.148067
779.323,0.148169
817.402,0.148268
774.947,0.148369
759.338,0.148471
794.301,0.148572
790.082,0.148674
786.24,0.148774
792.549,0.148873
797.627,0.148978
779.089,0.149075
791.976,0.149179
783.445,0.149279
771.848,0.149377
784.433,0.149477
784.217,0.149579
769.843,0.149678
777.49,0.14978
772.419,0.14988
808.179,0.149984
809.955,0.150081
797.875,0.150187
815.097,0.150283
804.358,0.150382
834.346,0.150483
821.197,0.150585
831.539,0.150687
826.485,0.150787
843.073,0.150886
838.003,0.150989
835.065,0.151088
842.095,0.151189
840.068,0.15129
859.245,0.151389
834.872,0.151493
848.195,0.151588
851.009,0.151693
850.457,0.151792
875.767,0.151893
873.053,0.151992
850.545,0.152094
880.965,0.152196
864.002,0.152295
866.038,0.152396
877.738,0.152497
867.3,0.152598
870.046,0.152697
872.225,0.152799
876.842,0.152898
879.192,0.153001
872.974,0.1531
874.251,0.153202
866.497,0.153302
869.701,0.153403
862.285,0.153502
869.463,0.153604
858.53,0.153703
870.801,0.153805
883.771,0.153907
877.473,0.154004
859.028,0.154108
864.273,0.154207
865.715,0.154308
859.703,0.154408
852.345,0.154508
881.385,0.154609
878.649,0.154713
863.132,0.154811
873.825,0.154912
865.37,0.155013
880.298,0.155111
869.248,0.155215
863.455,0.155314
871.925,0.155417
870.187,0.155517
870.118,0.155616
877.732,0.155717
867.417,0.155816
857.421,0.155916
843.016,0.156018
862.895,0.156119
864.831,0.156221
868.504,0.156319
880.594,0.156418
866.044,0.156522
860.835,0.156623
859.672,0.156723
859.165,0.156823
855.727,0.156924
836.398,0.157023
827.458,0.157127
853.648,0.157223
829.233,0.157327
820.29,0.15743
835.728,0.157529
850.198,0.157631
849.694,0.157728
831.531,0.157831
818.894,0.157934
816.876,0.158027
818.956,0.158132
821.363,0.158232
800.257,0.158333
796.195,0.158433
784.426,0.158534
799.317,0.158634
788.745,0.158735
793.613,0.158838
811.423,0.158935
776.326,0.159038
778.749,0.159138
780.59,0.159237
775.293,0.159341
791.493,0.159439
781.775,0.15954
789.137,0.15964
768.687,0.159743
774.29,0.159842
783.379,0.159946
765.334,0.160043
796.67,0.160146
783.104,0.160245
779.567,0.160345
773,0.160447
800.772,0.160545
838.095,0.16065
810.42,0.160749
818.224,0.160848
830.074,0.160951
808.556,0.161048
822.159,0.161151
839.543,0.16125
829.494,0.161351
842.24,0.161452
849.3,0.161555
841.266,0.161654
860.762,0.161754
851.868,0.161856
831.41,0.161955
862.97,0.162054
847.816,0.162158
850.075,0.162257
838.712,0.162357
854.512,0.162459
854.267,0.16256
860.375,0.162658
866.836,0.162761
865.958,0.162861
876.659,0.162962
856.128,0.163063
851.877,0.163163
859.779,0.163265
880.302,0.163364
875.729,0.163465
861.841,0.163566
869.348,0.163666
886.342,0.163768
874.5,0.163867
872.661,0.163966
858.029,0.164068
877.707,0.16417
875.904,0.164272
863,0.164371
874.114,0.164469
883.355,0.164571
878.927,0.164672
884.444,0.164772
875.675,0.164873
888.733,0.164973
872.007,0.165075
874.018,0.165176
877.351,0.165274
869.527,0.165378
867.328,0.165477
875.365,0.16558
854.704,0.165679
852.897,0.16578
852.66,0.16588
842.545,0.165981
857.289,0.166079
867.838,0.166182
858.905,0.166283
847.438,0.166384
859.938,0.166483
850.624,0.166583
856.991,0.166684
864.135,0.166784
855.539,0.166886
854.791,0.166988
819.495,0.167086
828.278,0.167189
831.271,0.16729
829.62,0.167387
816.462,0.16749
834.516,0.167589
821.506,0.167691
804.465,0.167794
827.727,0.167892
815.499,0.167994
816.206,0.168092
824.797,0.168198
832.366,0.168295
796.169,0.168396
796.906,0.168494
801.381,0.168597
804.008,0.168699
789.313,0.168798
789.96,0.168901
796.471,0.169
785.347,0.169101
773.673,0.1692
798.585,0.169301
770.185,0.169404
800.559,0.1695
794.757,0.169603
795.164,0.169706
784.661,0.169803
797.269,0.169907
764.464,0.170002
796.496,0.170109
805.427,0.170206
779.922,0.170307
793.472,0.170408
815.896,0.170507
794.171,0.170611
831.535,0.170711
812.007,0.17081
831.204,0.170913
798.692,0.171013
840.503,0.171111
842.324,0.171214
823.769,0.171314
854.325,0.171416
845.159,0.171515
843.712,0.171614
851.791,0.171718
838.178,0.171816
859.441,0.171918
889.009,0.172016
886.285,0.17212
858.488,0.17222
885.771,0.172318
856.84,0.172422
866.99,0.172521
881.997,0.172624
859.241,0.172722
882.398,0.172825
870.513,0.172924
887.799,0.173025
867.068,0.173123
888.033,0.173227
879.836,0.173326
878.627,0.173427
887.598,0.173527
868.733,0.173627
898.942,0.173728
874.333,0.173832
871.243,0.173931
885.272,0.174031
880.358,0.17413
872.178,0.174232
875.107,0.174331
861.854,0.174434
872.469,0.174533
871.688,0.174634
868.53,0.174735
870.837,0.174835
869.92,0.174935
874.494,0.175037
877.376,0.175138
871.11,0.175239
855.626,0.175339
881.814,0.175441
874.517,0.175539
838.098,0.175642
876.861,0.175741
863.795,0.175844
858.027,0.175942
849.463,0.176043
859.215,0.176145
831.513,0.176244
856.131,0.176345
850.448,0.176446
857.71,0.176547
860.27,0.176648
837.432,0.176747
837.236,0.176848
835.308,0.176949
851.809,0.17705
846.046,0.17715
850.437,0.177253
845.616,0.177352
824.059,0.177454
819.261,0.177553
861.089,0.177652
839.465,0.177757
810.95,0.177855
824.234,0.177956
831.486,0.178057
809.382,0.178157
817.693,0.178259
814.387,0.178356
825.172,0.178456
841.433,0.17856
828.217,0.178656
799.675,0.17876
801.17,0.178863
811.183,0.178958
804.641,0.179062
815.646,0.179163
783.459,0.179261
790.105,0.179364
808.09,0.179465
790.863,0.179564
805.283,0.179663
776.452,0.179766
794.566,0.179867
788.581,0.179968
792.006,0.180069
785.259,0.180166
813.789,0.180272
788.251,0.18037
798.877,0.18047
789.54,0.180571
791.686,0.180671
813.058,0.180769
820.635,0.180874
823.933,0.180973
810.521,0.181073
822.75,0.181174
834.957,0.181276
839.06,0.181374
843.413,0.181477
852.97,0.181577
825.306,0.181679
843.731,0.181783
828.261,0.181881
844.861,0.181979
853.896,0.182082
866.63,0.182182
851.772,0.182281
877.947,0.182382
841.158,0.182484
870.042,0.182585
851.073,0.182684
841.766,0.182786
866.05,0.182884
853.758,0.182987
849.137,0.183086
873.791,0.183185
864.608,0.183289
854.883,0.183389
861.878,0.18349
858.021,0.18359
859.35,0.183691
866.895,0.183793
862.337,0.183891
850.895,0.183993
863.708,0.184093
876.953,0.184192
854.203,0.184297
871.693,0.184392
871.846,0.184497
862.387,0.184597
867.104,0.184697
865.515,0.184798
863.293,0.184899
867.946,0.184999
863.306,0.185098
870.177,0.1852
865.32,0.185301
863.044,0.1854
871.94,0.185501
853.612,0.185603
861.371,0.185703
846.394,0.185805
852.955,0.185903
861.862,0.186006
867.653,0.186106
840.083,0.186206
852.385,0.186306
853.851,0.186407
861.457,0.186507
849.691,0.18661
831.538,0.186708
854.519,0.186806
848.849,0.186909
848.877,0.18701
848.077,0.187113
816.755,0.187212
850.227,0.187313
837.16,0.187414
836.858,0.187517
844.499,0.187616
830.871,0.187714
840.298,0.187817
804.744,0.187918
818.038,0.188014
826.927,0.188117
828.152,0.188219
818.812,0.188318
804.438,0.188418
830.636,0.188519
836.673,0.188621
830.368,0.188724
797.453,0.188821
802.649,0.188921
800.756,0.189022
794.56,0.189122
831.423,0.189228
799.493,0.189328
787.565,0.189428
813.584,0.189528
814.02,0.189625
812.804,0.189727
761.406,0.189829
809,0.189929
798.838,0.190031
790.073,0.19013
784.463,0.190232
772.948,0.190334
788.178,0.190432
773.763,0.190532
778.322,0.190635
784.801,0.190734
779.075,0.190836
794.08,0.190935
788.971,0.191036
794.441,0.191136
787.67,0.191241
799.942,0.191337
811.996,0.191443
820.937,0.191542
814.59,0.191638
791.619,0.191741
816.9,0.191844
800.058,0.191943
837.575,0.19204
841.367,0.192145
846.992,0.192244
842.038,0.192347
856.535,0.192444
868.391,0.192546
879.818,0.192645
867.6,0.192746
844.877,0.192849
860.492,0.192948
847.394,0.193049
849.76,0.193148
853.827,0.193251
859.678,0.193351
845.893,0.19345
867.96,0.193554
856.502,0.193653
872.517,0.193752
868.027,0.193855
868.954,0.193955
851.716,0.194053
863.998,0.194156
847.014,0.194255
862.515,0.194358
865.984,0.19446
879.166,0.194559
864.387,0.194657
868.969,0.19476
856.116,0.194859
868.578,0.194962
866.57,0.19506
857.87,0.195163
859.739,0.195263
863.231,0.195367
844.547,0.195462
871.445,0.195564
882.996,0.195665
871.494,0.195768
864.277,0.195865
859.343,0.195967
864.221,0.196067
887.168,0.19617
859.876,0.196268
873.758,0.196367
871.569,0.196469
871.292,0.196569
864.028,0.196673
871.152,0.196772
865.666,0.196874
867.337,0.196973
868.492,0.197074
842.926,0.197173
875.876,0.197277
894.519,0.197375
871.95,0.197477
850.907,0.197575
857.999,0.197678
857.537,0.197778
852.926,0.197877
844.878,0.197981
863.841,0.198081
830.445,0.19818
818.375,0.198281
827.936,0.198381
837.961,0.198483
860.648,0.198583
820.961,0.198682
846.889,0.198787
804.579,0.198886
827.918,0.198985
796.754,0.199086
833.661,0.199187
804.761,0.199291
817.779,0.199388
807.394,0.199491
802.662,0.19959
811.299,0.199692
776.05,0.199792
798.754,0.199892
785.163,0.199992
802.262,0.200096
785.705,0.200193
804.999,0.200294
802.844,0.200392
793.27,0.200493
769.137,0.200598
757.464,0.200694
776.514,0.200799
779.063,0.200897
775.846,0.200998
779.92,0.201099
775.808,0.201201
793.184,0.201299
786.594,0.201401
808.284,0.201501
811.352,0.201603
790.784,0.201701
820.54,0.201804
799.591,0.201903
824.506,0.202005
810.195,0.202104
829.707,0.202207
836.115,0.202308
808.423,0.202407
816.229,0.202508
855.984,0.202608
841.903,0.202709
858.407,0.202809
858.528,0.202909
845.484,0.203011
861.489,0.203113
853.137,0.203209
854.953,0.203314
856.034,0.203412
859.695,0.203515
853.752,0.203615
857.237,0.203712
853.847,0.203817
846.626,0.203915
860.579,0.204017
856.512,0.204118
849.324,0.204219
872.767,0.204319
875.373,0.204419
873.27,0.20452
864.232,0.20462
862.226,0.204721
867.768,0.204823
867.612,0.204922
867.859,0.205024
861.183,0.205123
880.06,0.205224
891.19,0.205326
867.089,0.205423
882.785,0.205527
867.924,0.205624
866.113,0.205727
875.945,0.205828
875.138,0.205929
874.083,0.206031
875.017,0.206129
893.288,0.206232
874.811,0.206329
876.299,0.206432
864.648,0.206532
854.348,0.206634
884.367,0.206735
872.681,0.206836
879.307,0.206933
868.731,0.207037
883.203,0.207135
872.033,0.207237
858.365,0.207336
835.766,0.207437
854.843,0.207539
856.151,0.207641
850.856,0.207738
844.316,0.207841
857.304,0.207942
837.421,0.208042
836.178,0.208143
829.33,0.208244
864.755,0.208347
831.282,0.208444
837.632,0.208545
821.893,0.208647
814.282,0.208745
822.671,0.20885
805.894,0.208946
845.669,0.209047
826.942,0.20915
808.757,0.209249
829.934,0.209349
812.714,0.20945
824.275,0.209551
815.532,0.20965
765.969,0.209754
800.806,0.209851
785.095,0.209955
795.344,0.210053
782.987,0.210157
777.605,0.210255
792.721,0.210357
764.214,0.210456
771.217,0.210555
788.753,0.210659
801.151,0.210761
794.632,0.210856
771.751,0.210961
775.036,0.211062
812.718,0.211161
774.695,0.211264
807.332,0.211364
825.955,0.211463
793.053,0.211563
822.328,0.211667
823.262,0.211765
789.704,0.211867
838.257,0.211966
841.062,0.21207
844.492,0.212165
830.287,0.21227
835.605,0.212367
857.786,0.212471
847.008,0.212571
854.736,0.21267
846.74,0.212775
850.602,0.212872
868.168,0.212974
871.623,0.213072
874.995,0.213177
858.825,0.213276
854.007,0.213372
851.676,0.213478
874.565,0.213576
869.599,0.213678
869.873,0.213777
865.631,0.21388
878.237,0.213978
858.987,0.214078
887.135,0.214181
891.356,0.214281
885.267,0.214379
879.434,0.214483
886.047,0.214583
887.981,0.214684
884.357,0.214781
891.163,0.214884
888.666,0.214987
897.562,0.215085
885.86,0.215186
881.297,0.215287
874.991,0.215388
883.323,0.21549
879.854,0.215588
894.397,0.215693
861.779,0.215791
864.419,0.21589
883.24,0.215991
891.04,0.216091
863.059,0.216192
871.083,0.216295
879.546,0.216394
868.938,0.216495
883.176,0.216594
854.612,0.216694
849.34,0.216798
851.783,0.216899
853.103,0.216996
868.59,0.217097
842.569,0.217199
856.911,0.217299
853.331,0.217403
857.69,0.217502
858.311,0.217601
857.571,0.217704
846.33,0.217802
848.632,0.217904
847.885,0.218002
842.923,0.218103
839.297,0.218204
843.207,0.218308
852.207,0.218404
839.75,0.218506
816.107,0.218608
824.088,0.218709
838.597,0.218807
803.313,0.218911
807.173,0.219009
834.13,0.219113
820.22,0.219211
818.474,0.219311
798.467,0.219409
810.684,0.219518
808.617,0.219611
792.824,0.219719
778.914,0.219815
793.379,0.219913
811.316,0.220015
777.658,0.220119
782.606,0.22022
780.918,0.220317
777.685,0.220417
793.929,0.22052
794.263,0.220621
783.565,0.22072
799.051,0.220822
771.905,0.220922
782.482,0.221021
771.172,0.221125
776.18,0.221225
794.911,0.221325
802.613,0.221426
767.663,0.221523
802.467,0.221628
790.388,0.221729
798.848,0.221826
807.258,0.221931
818.941,0.222031
803.169,0.22213
813.595,0.222232
832.071,0.22233
836.491,0.222432
828.138,0.222532
842.682,0.222636
841.211,0.22273
845.55,0.222831
839.409,0.222938
858.872,0.223033
852.182,0.223136
860.461,0.223235
876.458,0.223338
857.021,0.22344
868.836,0.223539
865.439,0.223639
883.577,0.223741
870.941,0.223839
860.33,0.223942
858.192,0.224042
879.472,0.22414
875.865,0.224244
868.837,0.224342
861.751,0.224445
859.316,0.224544
866.371,0.224646
867.454,0.224744
875.848,0.224845
876.642,0.224947
888.451,0.225051
865.569,0.225148
863.119,0.225249
862.005,0.22535
878.646,0.225449
862.406,0.225552
861.458,0.22565
866.674,0.225752
883.914,0.225853
867.82,0.225952
883.243,0.226055
864.962,0.226155
891.884,0.226255
840.695,0.226355
866.258,0.226458
868.638,0.226558
872.109,0.226661
877.088,0.22676
874.549,0.226859
872.177,0.22696
850.077,0.227057
867.478,0.227162
858.637,0.227263
857.273,0.22736
856.472,0.227461
857.132,0.227563
845.344,0.227664
873.951,0.227767
861.116,0.227868
850.668,0.227967
826.485,0.228068
843.349,0.22817
842.223,0.22827
841.382,0.228368
848.667,0.228469
827.303,0.22857
838.262,0.228671
850.243,0.228772
826.812,0.228874
815.543,0.228973
821.538,0.229068
826.584,0.229173
827.251,0.229272
793.6,0.229374
809.109,0.229476
833.396,0.229576
795.511,0.229677
802.66,0.229775
798.625,0.22988
810.377,0.22998
797.114,0.230079
809.448,0.230182
805.355,0.230283
809.942,0.230379
799.314,0.230481
808.65,0.230583
819.013,0.230681
825.219,0.230782
785.418,0.230883
799.965,0.230985
789.892,0.231083
819.135,0.231186
817.053,0.231285
814.995,0.23139
794.306,0.231487
798.177,0.231588
802.9,0.23169
802.608,0.231788
820.697,0.231889
790.433,0.23199
845.834,0.23209
842.728,0.232193
813.805,0.232295
809.426,0.232392
836.466,0.232494
851.694,0.232594
851.041,0.232694
850.028,0.232796
826.675,0.232896
848.642,0.232997
861.006,0.233099
861.491,0.233198
877.275,0.233298
844.789,0.233401
876.373,0.2335
867.981,0.233601
856.505,0.2337
867.775,0.233804
858.137,0.233904
883.294,0.234004
876.457,0.234102
868.878,0.234207
863.38,0.234304
879.759,0.234406
862.194,0.234507
877.188,0.234607
868.715,0.234707
889.831,0.234808
874.79,0.234909
876.062,0.235012
859.758,0.235111
882.522,0.235209
886.256,0.235313
880.783,0.235412
883.899,0.235511
889.764,0.235613
887.99,0.235715
888.086,0.235814
894.293,0.235915
870.605,0.236016
890.093,0.236118
868.933,0.236219
873.243,0.236317
848.238,0.236418
868.545,0.236518
863.445,0.236621
868.948,0.236719
860.417,0.236821
892.666,0.236922
864.611,0.237023
862.817,0.237123
874.913,0.237223
851.269,0.237322
881.517,0.237427
852.107,0.237525
849.236,0.237626
869.487,0.237727
872.355,0.237828
865.31,0.237926
862.786,0.238028
868.896,0.23813
845.245,0.238231
850.148,0.238331
837.379,0.238432
848.059,0.238535
844.445,0.238631
852.589,0.238732
851.692,0.238835
841.063,0.238934
817.477,0.239034
837.211,0.239135
843.558,0.239237
843.881,0.23934
841.274,0.239439
841.567,0.239536
845.846,0.239637
819.21,0.23974
822.068,0.23984
820.62,0.239942
820.206,0.240041
843.615,0.24014
819.698,0.240242
819.449,0.240344
796.062,0.240444
813.065,0.240544
812.423,0.240644
815.965,0.240746
770.857,0.240846
787.865,0.240946
791.203,0.241051
794.901,0.241149
776.241,0.241248
795.628,0.24135
779.169,0.241449
785.319,0.241551
776.833,0.241654
795.714,0.241753
798.003,0.241855
801.11,0.241951
779.432,0.242053
808.347,0.242152
785.894,0.242257
806.219,0.242354
814.042,0.242455
810.383,0.242557
822.749,0.242658
820.194,0.242757
821.233,0.242858
829.882,0.242959
833.797,0.243059
839.087,0.243161
847.645,0.243263
844.261,0.243362
860.683,0.243462
852.922,0.243563
850.927,0.243662
852.908,0.243765
838.507,0.243864
858.235,0.243963
875.871,0.244066
876.146,0.244168
864.596,0.244267
873.428,0.244366
864.187,0.244471
874.803,0.24457
867.79,0.24467
856.783,0.24477
871.521,0.244871
866.4,0.244971
881.377,0.245072
865.518,0.245173
886.64,0.245274
876.146,0.245376
870.389,0.245474
861.252,0.245576
884.894,0.245675
860.232,0.245777
863.194,0.245878
854.338,0.245978
867.566,0.246079
870.155,0.246181
881.382,0.24628
847.642,0.246382
874.521,0.24648
865.192,0.246582
868.04,0.246682
896.038,0.246783
877.508,0.246883
882.371,0.246985
861.635,0.247085
874.848,0.247185
862.47,0.247287
878.112,0.247387
876.473,0.247488
858.477,0.247587
869.069,0.24769
859.682,0.247788
847.774,0.247889
878.364,0.247993
878.175,0.248089
862.391,0.248194
853.731,0.248293
838.979,0.248395
856.172,0.248493
857.803,0.248596
869.386,0.248697
847.958,0.248796
851.513,0.248897
844.154,0.248997
837.717,0.249095
853.769,0.2492
815.952,0.2493
815.596,0.2494
822.46,0.249498
813.589,0.249603
828.95,0.2497
829.779,0.249802
807.819,0.249904
790.012,0.250005
800.395,0.250102
807.584,0.250205
809.357,0.250304
798.98,0.250407
791.319,0.250506
792.562,0.25061
805.849,0.250709
791.762,0.25081
802.668,0.250908
789.414,0.251012
804.385,0.251112
811.477,0.251212
747.027,0.251314
783.165,0.251414
791.52,0.251515
790.016,0.251616
749.245,0.251717
798.007,0.251822
799.464,0.251923
804.516,0.252019
762.787,0.252126
781.462,0.252222
809.959,0.252325
786.525,0.252424
790.245,0.252523
803.634,0.252625
787.586,0.252726
808.416,0.252831
834.589,0.252927
833.419,0.253028
838.793,0.253133
830.382,0.253229
836.917,0.253331
853.516,0.253433
842.706,0.253534
853.932,0.253634
825.905,0.253737
859.646,0.253837
860.969,0.253938
848.236,0.254038
868.113,0.254139
868.34,0.254239
844.664,0.25434
876.178,0.254444
864.81,0.254542
874.026,0.254642
869.885,0.254746
871.959,0.254845
876.187,0.254946
872.602,0.255049
880.439,0.255148
880.252,0.25525
846.322,0.255349
881.232,0.255452
875.854,0.255551
887.05,0.255654
873.306,0.255755
886.583,0.255855
888.636,0.255955
872.107,0.256059
873.306,0.256159
890.685,0.256259
887.141,0.256358
875.526,0.25646
882.658,0.256561
862.678,0.25666
872.23,0.256763
861.177,0.256865
877.282,0.256965
868.058,0.257066
880.65,0.257168
878.981,0.257266
870.284,0.257371
868.801,0.257469
874.523,0.25757
865.196,0.257672
856.571,0.257774
856.814,0.257874
856.43,0.257976
871.156,0.258072
850.614,0.258176
849.076,0.258278
882.169,0.258377
870.595,0.258481
856.144,0.258578
861.113,0.25868
843.462,0.258779
866.391,0.258881
856.573,0.258984
834.488,0.259084
834.153,0.259187
841.977,0.259285
838.667,0.259386
838.714,0.259489
834.1,0.259587
837.865,0.259688
831.196,0.259791
817.711,0.259892
823.573,0.259994
835.177,0.260093
817.535,0.260193
806.839,0.260293
826.395,0.260397
804.912,0.260498
777.987,0.260596
798.522,0.260699
778.205,0.260801
797.36,0.2609
839.111,0.261002
784.076,0.261103
820.768,0.261203
790.572,0.261305
789.854,0.261404
772.608,0.261507
767.722,0.261607
764.367,0.261708
767.121,0.261811
814.62,0.261911
789.724,0.262011
793.566,0.262113
792.046,0.262213
783.307,0.262315
787.091,0.262414
791.597,0.262515
786.036,0.262616
779.812,0.262717
793.994,0.262818
791.759,0.262922
806.616,0.263021
815.046,0.263119
825.614,0.263221
821.12,0.263324
833.039,0.263422
832.557,0.263524
835.542,0.263626
810.158,0.263725
860.505,0.263827
834.635,0.263931
847.451,0.264031
845.581,0.264127
861.261,0.26423
852.397,0.264334
866.521,0.264429
854.855,0.264533
865.425,0.264632
867.439,0.264734
868.807,0.264834
860.056,0.264938
860.467,0.265037
872.988,0.265139
888.815,0.265238
847.41,0.26534
896.894,0.265443
885.313,0.265542
867.64,0.26564
853.234,0.265743
868.689,0.265844
883.008,0.265948
860.83,0.266047
867.036,0.266147
852.099,0.266248
857.298,0.266349
878.524,0.26645
855.592,0.266551
878.448,0.266651
853.401,0.266754
871.747,0.266855
854.114,0.266956
871.268,0.267057
873.742,0.267156
867.272,0.26726
880.245,0.267359
858.636,0.267459
845.687,0.267562
873.931,0.26766
863.569,0.26776
863.348,0.267863
863.649,0.267964
848.38,0.268063
864.167,0.268165
847.072,0.268267
869.723,0.268368
844.547,0.268469
849.71,0.268572
850.858,0.268667
843.651,0.268772
863.954,0.268873
845.734,0.268972
850.707,0.269076
861.927,0.269175
836.404,0.269273
842.578,0.269378
828.3,0.269477
821.903,0.269579
834.35,0.269679
835.602,0.269779
828.044,0.269881
825.47,0.269983
811.569,0.270085
816.411,0.270182
836.113,0.270287
818.27,0.270383
809.068,0.270488
802.625,0.270589
819.2,0.270686
807.501,0.27079
812.508,0.27089
812.803,0.270989
816.378,0.271094
804.95,0.271192
774.692,0.271295
818.752,0.271396
815.223,0.271497
777.244,0.271596
812.77,0.271696
813.432,0.271799
802.454,0.271898
796.893,0.272
795.925,0.272099
813.606,0.272198
818.143,0.272304
808.014,0.272404
812.064,0.272505
789.624,0.272606
808.869,0.272708
810.666,0.272811
809.017,0.272905
844.022,0.273012
826.675,0.27311
834.674,0.273211
838.677,0.273312
843.144,0.273412
855.36,0.273513
859.55,0.273617
822.873,0.273717
866.653,0.273816
862.734,0.273915
874.627,0.274021
866.803,0.274118
875.11,0.27422
878.06,0.274323
859.288,0.274422
866.897,0.274523
868.652,0.274624
870.661,0.274724
868.183,0.274825
858.045,0.274927
869.946,0.275028
881.917,0.275127
868.451,0.275228
888.415,0.275332
863.726,0.27543
890.827,0.275531
883.962,0.275633
876.156,0.275734
875.932,0.275835
887.641,0.275936
888.943,0.276036
880.035,0.276137
888.871,0.276238
863.632,0.276339
881.341,0.276438
887.537,0.276541
880.785,0.276643
873.62,0.276744
857.187,0.276843
873.766,0.276944
869.785,0.277048
890.745,0.277146
863.196,0.277247
879.116,0.277349
881.6,0.27745
864.801,0.277551
856.026,0.277651
885.836,0.27775
884.899,0.277853
870.414,0.277954
888.29,0.278055
883.911,0.278157
858.352,0.278258
863.31,0.278356
848.78,0.27846
849.589,0.27856
852.03,0.278659
855.762,0.278761
836.053,0.278862
862.989,0.278963
871.934,0.279064
861.789,0.279164
860.428,0.279268
863.262,0.279366
844.439,0.279466
861.241,0.279569
853.227,0.27967
839.324,0.279767
840.664,0.279868
842.331,0.279973
830.888,0.280072
863.781,0.280174
847.172,0.280273
836.606,0.280377
831.264,0.280475
819.004,0.280575
835.121,0.280678
829.832,0.280779
830.62,0.280879
807.281,0.280981
829.744,0.281078
800.755,0.281184
820.617,0.281285
795.535,0.281383
813.847,0.281487
800.12,0.281585
776.421,0.281686
783.638,0.281788
800.831,0.281889
800.176,0.28199
809.469,0.282092
801.993,0.282191
787.594,0.282291
776.84,0.282394
807.363,0.282496
776.789,0.282599
765.286,0.282696
802.809,0.282795
800.708,0.282897
765.269,0.283002
756.392,0.283101
770.157,0.2832
787.267,0.283301
794.902,0.283405
798.52,0.283505
778.858,0.283606
810.615,0.283706
799.362,0.283808
827.464,0.283908
807.654,0.284006
821.38,0.284109
827.254,0.28421
820.912,0.284312
838.347,0.284415
821.476,0.284511
847.754,0.284614
840.902,0.284712
841.162,0.284816
853.626,0.284915
858.137,0.285016
857.017,0.28512
864.461,0.285219
843.139,0.285321
864.631,0.285423
850.09,0.285521
854.942,0.285623
860.586,0.285724
852.321,0.285825
875.661,0.285927
862.722,0.286025
859.457,0.286128
876.857,0.286228
865.779,0.286329
853.613,0.28643
862.574,0.286532
856.725,0.286631
859.358,0.286733
859.919,0.286835
852.694,0.286935
858.161,0.287036
867.33,0.287138
876.729,0.287237
865.051,0.287338
857.76,0.28744
885.671,0.287541
877.96,0.287642
882.545,0.287741
852.229,0.287842
859.794,0.287945
845.353,0.288043
847.157,0.288146
852.881,0.288246
874.295,0.288347
871.646,0.288446
850.269,0.288549
858.488,0.288653
848.625,0.28875
857.429,0.288852
857.249,0.288952
877.027,0.289056
862.782,0.289154
847.627,0.289253
865.41,0.289353
856.995,0.289461
852.178,0.289557
854.034,0.28966
864.866,0.289759
855.112,0.289865
832.938,0.289962
840.551,0.290062
832.949,0.290165
835.751,0.290265
842.428,0.290363
841.907,0.290466
821.697,0.290568
831.725,0.290669
833.604,0.29077
815.658,0.290871
842.749,0.290971
830.414,0.291072
834.994,0.291173
823.195,0.291274
824.995,0.291372
814.206,0.291472
800.089,0.291577
799.724,0.291677
813.202,0.291775
787.652,0.291878
787.234,0.291979
755.869,0.292083
808.633,0.292181
796.03,0.292283
782.393,0.292385
752.876,0.292487
779.205,0.292583
801.283,0.292687
780.041,0.292787
808.913,0.292885
794.368,0.292989
776.149,0.293092
803.849,0.293191
790.818,0.293291
798.687,0.293391
780.616,0.293493
816.952,0.293595
812.411,0.293699
826.26,0.293793
815.251,0.293898
811.125,0.293997
833.389,0.294103
834.28,0.294199
827.963,0.294301
838.965,0.294403
829.215,0.294503
856.107,0.2946
855.962,0.294705
876.932,0.294803
851.285,0.294907
862.577,0.295006
863.529,0.295109
853.986,0.295208
849.649,0.29531
864.978,0.295411
866.966,0.295513
859.625,0.295613
852.538,0.295713
875.267,0.295816
876.376,0.295914
863.343,0.296016
875.103,0.296117
870.573,0.296219
863.584,0.296318
864.213,0.29642
884.454,0.29652
893.207,0.296622
889.282,0.296724
873.028,0.296824
876.319,0.296924
880.449,0.297025
868.979,0.297127
875.741,0.297228
884.235,0.297327
873.51,0.297427
880.667,0.297531
871.75,0.297631
860.624,0.297732
891.939,0.297833
867.637,0.297932
886.839,0.298034
872.598,0.298136
885.369,0.298234
851.541,0.298339
867.602,0.298436
882.269,0.298538
891.256,0.298641
867.192,0.298741
867.484,0.298844
874.523,0.298943
871.092,0.299044
860.079,0.299145
847.911,0.299246
860.229,0.299344
881.3,0.299449
826.622,0.299548
852.29,0.299649
862.056,0.29975
856.966,0.299849
863.601,0.299951
847.443,0.300051
850.148,0.300153
851.807,0.300254
834.479,0.300356
830.366,0.300455
847.956,0.300554
833.6,0.30066
845.104,0.300759
828.188,0.30086
823.673,0.300961
842.023,0.301061
824.288,0.301164
820.976,0.301263
848.477,0.301366
832.53,0.301467
802.125,0.301567
827.291,0.301666
808.262,0.301766
787.584,0.301871
805.398,0.30197
823.087,0.302071
805.209,0.30217
803.031,0.302273
808.414,0.302371
812.292,0.302474
802.691,0.302574
784.315,0.302676
778.436,0.302775
787.482,0.302876
782.436,0.302978
773.401,0.303083
781.272,0.303182
772.91,0.303282
798.55,0.303384
778.815,0.303486
796.137,0.303579
798.344,0.303686
763.844,0.303784
793.063,0.303886
793.454,0.303989
804.619,0.304089
795.078,0.30419
802.695,0.304289
823.073,0.304394
816.041,0.304494
834.155,0.304596
829.404,0.30469
858.204,0.304792
858.147,0.304895
843.04,0.304999
852.971,0.305098
861,0.305201
854.712,0.305299
845.239,0.305401
852.352,0.305503
861.127,0.305603
844.787,0.305704
873.198,0.305805
876.241,0.305904
866.32,0.306008
884.533,0.306106
893.045,0.306207
890.933,0.306309
868.325,0.306411
880.573,0.306513
868.321,0.306612
872.66,0.306714
879.074,0.306814
877.982,0.306916
866.102,0.307015
869.197,0.307116
875.308,0.307215
858.083,0.30732
871.646,0.307417
886.892,0.307519
877.007,0.307619
880.028,0.307721
867.296,0.307824
862.756,0.307924
877.472,0.308025
873.114,0.308126
877.588,0.308226
859.671,0.308327
876.066,0.308429
854.057,0.308529
871.025,0.30863
870.777,0.308732
859.577,0.30883
866.387,0.308932
872.567,0.309032
852.979,0.309135
854.025,0.309234
885.847,0.309335
863.473,0.309438
862.916,0.309538
869.45,0.309639
846.087,0.30974
870.451,0.309839
855.982,0.309942
871.244,0.31004
856.461,0.310143
846.965,0.310245
852.22,0.310348
849.897,0.310445
834.906,0.310546
841.126,0.310649
838.373,0.310749
851.475,0.310851
814.63,0.31095
843.649,0.311052
811.671,0.31115
804.405,0.311252
807.387,0.311354
821.478,0.311456
790.961,0.311553
834.975,0.311659
821.838,0.311759
799.092,0.311857
778.695,0.311961
770.283,0.31206
803.468,0.312163
785.883,0.312262
778.897,0.31236
805.163,0.312466
748.906,0.312563
785.141,0.312665
780.566,0.312768
800.881,0.312866
786.257,0.312972
764.628,0.31307
776.921,0.313173
772.351,0.313272
784.038,0.313373
789.221,0.313472
780.388,0.313574
813.77,0.313674
814.484,0.313775
789.417,0.313877
782.995,0.313977
778.231,0.314079
807.779,0.31418
816.526,0.314278
800.795,0.314382
787.179,0.314484
801.491,0.31458
842.948,0.314684
831.708,0.314786
844.935,0.314888
847.116,0.314988
853.395,0.315088
845.336,0.315187
855.197,0.315289
846.361,0.315389
843.506,0.315493
852.043,0.315592
851.04,0.315694
870.092,0.315796
866.573,0.315893
855.746,0.315999
872.752,0.316098
874.945,0.316198
864.856,0.316298
876.729,0.316398
855.016,0.316499
840.184,0.316603
852.902,0.316702
875.769,0.316802
855.209,0.316907
852.237,0.317004
875.812,0.317106
864.491,0.317206
869.079,0.317308
879.294,0.31741
864.857,0.317507
863.078,0.317611
879.558,0.317711
858.701,0.317813
863.013,0.317913
876.918,0.318014
864.941,0.318116
855.148,0.318216
860.691,0.318317
877.311,0.318417
868.739,0.31852
857.806,0.318617
857.936,0.318722
867.371,0.31882
868.027,0.318921
884.426,0.319021
876.55,0.319126
868.215,0.319227
874.462,0.319327
856.493,0.319426
862.046,0.319529
870.247,0.319626
857.848,0.319731
868.969,0.31983
854.886,0.31993
877.873,0.320032
842.766,0.320132
854.37,0.320233
860.579,0.320336
846.935,0.320436
851.99,0.320536
846.362,0.320639
830.928,0.320738
840.814,0.320841
831.183,0.320939
848.407,0.32104
844.153,0.321145
829.622,0.321241
841.611,0.321345
809.392,0.321447
835.224,0.321549
838.857,0.321644
829.505,0.321748
807.845,0.321847
823.633,0.32195
841.491,0.322052
804.613,0.322152
818.038,0.322252
824.188,0.32235
800.093,0.322453
834.957,0.322552
815.767,0.322656
797.278,0.322756
830.453,0.322858
800.447,0.322961
790.772,0.323058
801.399,0.323163
781.723,0.32326
783.067,0.323362
801.267,0.323463
785.082,0.323565
801.644,0.323664
797.358,0.323764
801.543,0.323868
784.675,0.323965
794.253,0.324067
791.057,0.324173
811.691,0.32427
793.679,0.324372
828.434,0.324471
796.441,0.324573
830.649,0.324676
826.16,0.324776
827.717,0.324878
817.343,0.324976
849.022,0.325078
840.631,0.325181
845.842,0.325281
853.965,0.325382
865.063,0.325481
847.74,0.325583
855.557,0.325684
848.846,0.325784
860.509,0.325885
866.052,0.325986
854.665,0.326088
848.734,0.32619
870.736,0.326289
851.719,0.326389
882.716,0.326491
875.363,0.32659
865.826,0.326694
873.685,0.326793
849.384,0.326894
868.669,0.326994
869.403,0.327097
871.248,0.327195
872.469,0.327298
867.453,0.3274
877.048,0.327501
871.924,0.327599
865.61,0.327701
867.945,0.327803
870.379,0.327904
866.804,0.328003
858.222,0.328105
861.643,0.328207
842.433,0.328306
871.721,0.328408
861.826,0.328508
853.396,0.328609
865.715,0.32871
865.463,0.32881
889.531,0.328912
856.367,0.329014
855.632,0.329114
866.994,0.329215
875.954,0.329315
883.129,0.329415
869.869,0.329519
866.393,0.329617
866.305,0.329717
856.425,0.329819
861.369,0.329923
849.522,0.330021
851.744,0.330125
863.924,0.330222
853.147,0.330327
833.334,0.330426
844.247,0.330526
851.838,0.330627
850.379,0.330727
854.64,0.33083
823.812,0.330932
841.287,0.331032
854.403,0.33113
827.035,0.331232
833.437,0.331334
854.073,0.331434
838.468,0.331539
851.547,0.331634
825.286,0.331738
820.549,0.331836
831.758,0.331938
825.777,0.332042
817.391,0.33214
815.756,0.332244
813.402,0.332345
808.23,0.332443
801.337,0.332544
793.607,0.332647
777.233,0.332748
757.819,0.33285
796.31,0.332946
785.797,0.333051
786.774,0.33315
807.164,0.333251
762.38,0.333354
794.784,0.333452
765.626,0.333555
774.805,0.333657
769.487,0.333759
764.261,0.333859
773.823,0.333957
802.715,0.334056
758.792,0.33416
769.299,0.334258
784.275,0.334358
789.467,0.334464
796.941,0.33456
804.918,0.334665
809.647,0.334766
779.702,0.334868
813.206,0.334968
824.039,0.335067
809.878,0.335171
823.681,0.33527
835.208,0.335371
844.617,0.335471
839.359,0.335573
853.588,0.335671
851.24,0.335775
846.853,0.335874
842.81,0.335977
857.659,0.336078
861.543,0.336179
852.48,0.336277
857.655,0.336379
864.836,0.336482
862.636,0.33658
844.432,0.336682
869.752,0.336784
866.341,0.336886
866.729,0.336983
858.283,0.337088
873.804,0.337187
862.178,0.337288
870.272,0.337388
856.622,0.337488
879.86,0.337591
859.521,0.33769
865.411,0.337791
881.259,0.337893
869.528,0.337994
889.656,0.338095
890.327,0.338197
884.805,0.338297
874.976,0.338398
880.697,0.338497
885.153,0.338598
861.177,0.338702
885.607,0.338801
867.077,0.338901
871.871,0.339004
883.344,0.339105
884.509,0.339206
876.299,0.339307
882.225,0.339406
871.678,0.339508
868.031,0.339606
874.813,0.339709
870.113,0.339807
865.508,0.339912
879.957,0.340013
866.986,0.340112
878.372,0.340215
872.586,0.340314
862.448,0.340416
874.255,0.340519
860.478,0.340616
872.128,0.340716
839.201,0.340821
845.889,0.340917
852.049,0.341026
845.51,0.34112
849.394,0.341223
858.817,0.341324
837.351,0.341425
858.641,0.341527
833.175,0.341627
842.712,0.341731
863.294,0.341827
838.497,0.341929
835.914,0.342029
824.495,0.342128
825.778,0.342233
822.776,0.34233
837.436,0.342436
825.271,0.342537
827.769,0.342634
841.441,0.342738
819.93,0.342838
809.44,0.342937
837.745,0.343036
806.662,0.34314
816.517,0.343241
815.041,0.34334
815.303,0.343445
833.294,0.343546
811.011,0.343645
818.034,0.343745
801.252,0.343847
786.544,0.343947
789.421,0.344047
806.647,0.34415
801.601,0.344249
784.873,0.344351
817.63,0.344453
776.438,0.344555
791.391,0.344654
789.899,0.344752
810.024,0.344856
811.365,0.344957
819.956,0.345057
822.334,0.345157
824.327,0.34526
840.8,0.345361
846.52,0.34546
840.916,0.345563
838.62,0.345665
831.142,0.345764
830.813,0.345867
847.418,0.345966
869.377,0.346068
865.567,0.346168
867.76,0.346268
873.224,0.346371
860.219,0.346468
871.496,0.346572
856.852,0.346673
850.519,0.346774
856.905,0.346873
880.175,0.346976
872.12,0.347076
878.048,0.347178
873.132,0.347277
892.969,0.347378
875.378,0.34748
874.752,0.34758
883.609,0.347681
874.762,0.347782
884.438,0.347884
865.657,0.347984
881.605,0.348081
872.583,0.348188
887.504,0.348288
893.619,0.348388
886.995,0.348488
859.296,0.348589
858.042,0.348689
863.279,0.348791
856.77,0.348892
864.806,0.348994
870.679,0.349095
884.87,0.349194
890.46,0.349296
884.952,0.349395
866.434,0.349496
881.934,0.349599
867.518,0.349697
864.552,0.349801
876.993,0.349901
872.363,0.350002
868.569,0.350103
856.516,0.350204
853.762,0.350305
863.08,0.350405
861.172,0.350506
851.134,0.350606
858.442,0.350707
849.263,0.350807
854.719,0.350909
834.473,0.351009
836.364,0.351112
833.664,0.351216
832.07,0.351314
850.744,0.351415
853.393,0.351514
831.357,0.351616
828.215,0.351716
840.192,0.35182
803.218,0.351921
825.362,0.352019
819.752,0.352122
799.516,0.352219
830.792,0.352322
820.449,0.352423
785.749,0.352522
775.981,0.352623
789.809,0.352726
805.805,0.352828
798.609,0.352927
782.586,0.353027
799.307,0.353129
780.535,0.353233
776.196,0.353332
734.132,0.35343
765.857,0.353533
775.425,0.353637
754.267,0.353736
774.505,0.353834
789.451,0.35394
760.607,0.354036
742.073,0.354141
756.667,0.354239
734.214,0.354343
745.415,0.354444
753.666,0.354542
733.26,0.354643
792.948,0.354741
804.122,0.354846
802.409,0.354945
784.625,0.355049
806.003,0.355147
817.202,0.355249
788.631,0.355352
810.55,0.355454
813.877,0.355549
831.212,0.355655
832.829,0.355753
822.368,0.355855
844.246,0.355956
822.367,0.356054
851.496,0.356158
853.401,0.356258
842.757,0.35636
863.959,0.35646
862.799,0.356562
846.883,0.356665
861.391,0.356762
882.411,0.356861
852.361,0.356966
854.293,0.357065
877.491,0.357166
861.846,0.357265
872.567,0.357368
862.074,0.35747
873.939,0.35757
860.201,0.357673
858.56,0.357772
880.114,0.357873
840.066,0.357975
852.143,0.358073
861.133,0.358175
856.282,0.358276
870.369,0.358377
883.512,0.358478
855.781,0.358578
856.469,0.358681
865.748,0.35878
866.352,0.358881
867.278,0.358983
849.862,0.359084
860.557,0.359184
877.14,0.359286
870.567,0.359385
878.487,0.359487
857.03,0.359588
885.669,0.359688
859.025,0.359788
877.703,0.359892
855.893,0.359992
860.204,0.360092
871.413,0.360193
868.658,0.360295
866.408,0.360393
862.546,0.360499
855.822,0.360596
861.563,0.360696
866.764,0.3608
867.79,0.3609
858.685,0.361001
850.104,0.361101
870.732,0.361201
860.42,0.361305
869.929,0.361404
867.5,0.361505
844.142,0.361604
860.77,0.361707
861.106,0.361808
855.628,0.361909
857.255,0.36201
870.241,0.362108
872.879,0.362214
869.936,0.362312
861.573,0.362415
866.603,0.362516
867.816,0.362616
853.987,0.362716
849.347,0.362816
838.586,0.362918
843.374,0.36302
849.414,0.36312
839.709,0.36322
854.693,0.363323
831.935,0.363423
840.813,0.363522
836.912,0.363625
823.413,0.363723
826.432,0.363827
858.136,0.363924
846.499,0.364028
818.46,0.36413
784.893,0.364228
811.451,0.36433
829.133,0.364432
848.856,0.364533
831.072,0.364634
839.726,0.364733
840.515,0.364836
824.364,0.364938
839.654,0.365038
835.215,0.365139
849.715,0.365238
829.122,0.365342
839.957,0.365441
832.97,0.365541
843.811,0.365643
844.76,0.365744
842.478,0.365845
851.794,0.365946
849.801,0.366047
868.5,0.366146
863.602,0.366248
862.194,0.366349
844.522,0.36645
865.45,0.366551
854.148,0.366652
880.935,0.366753
862.055,0.366855
887.541,0.366955
869.701,0.367056
858.997,0.367157
867.76,0.367257
885.446,0.367357
858.708,0.36746
866.401,0.36756
873.28,0.367661
880.904,0.367762
878.88,0.367863
890.372,0.367965
879.994,0.368065
891.702,0.368162
866.137,0.368267
879.032,0.368366
875.426,0.368469
888.286,0.368569
882.219,0.368671
857.571,0.36877
869.797,0.368872
880.764,0.368973
893.56,0.369074
851.8,0.369175
877.247,0.369274
885.516,0.369375
872.845,0.369479
870.2,0.369577
880.328,0.369678
878.989,0.36978
848.478,0.369882
847.714,0.36998
876.116,0.370083
853.639,0.370182
872.987,0.370284
865.586,0.370385
866.015,0.370487
861.168,0.370586
870.148,0.370688
850.792,0.37079
855.738,0.370889
852.407,0.370989
851.959,0.371092
830.87,0.371191
861.541,0.371295
853.287,0.371394
858.742,0.371493
847.595,0.371596
857.951,0.371698
850.416,0.371796
841.498,0.371899
867.889,0.372002
830.548,0.372097
833.467,0.372201
835.17,0.372302
834.289,0.372401
832.282,0.372505
834.851,0.372604
823.499,0.372704
804.566,0.372807
780.429,0.372908
797.559,0.373004
792.968,0.373109
803.568,0.373213
786.817,0.373309
783.945,0.373408
789.036,0.373514
768.703,0.373611
737.267,0.373713
781.335,0.373815
753.913,0.37392
771.239,0.374015
767.418,0.37412
732.459,0.37422
775.607,0.374319
749.337,0.374422
731.007,0.374527
754.12,0.374624
744.022,0.374724
733.906,0.374826
747.855,0.374925
735.349,0.375027
775.97,0.375126
733.964,0.375227
777.756,0.375333
768.31,0.375432
790.31,0.375532
785.839,0.375635
789.5,0.375732
791.768,0.375835
795.62,0.375934
818.563,0.376036
796.764,0.376137
818.212,0.376239
838.452,0.376339
816.05,0.376442
839.06,0.376539
824.62,0.37664
843.935,0.37674
857.395,0.376843
844.725,0.376945
860.291,0.377044
862.57,0.377146
855.732,0.377248
850.237,0.377347
859.382,0.377448
859.455,0.377548
860.684,0.377653
856.757,0.377752
859.942,0.377853
869.725,0.377953
849.915,0.378053
860.46,0.378157
841.588,0.378256
884.687,0.378356
855.977,0.378458
887.823,0.37856
865.463,0.378661
866.27,0.37876
867.182,0.378864
868.524,0.378963
889.263,0.379062
875.805,0.379164
866.383,0.379265
875.041,0.379365
885.589,0.379466
857.456,0.379568
872.521,0.379671
847.133,0.379771
883.015,0.379869
872.96,0.379973
866.195,0.38007
884.929,0.380174
881.417,0.380275
870.755,0.380374
866.007,0.380476
858.465,0.380576
877.817,0.380677
894.673,0.380777
886.536,0.380882
872.761,0.380981
898.568,0.381082
881.243,0.381181
876.132,0.381285
891.297,0.381385
889.61,0.381485
867.569,0.381585
872.927,0.381688
899.218,0.381785
867.865,0.381892
882.286,0.381988
877.34,0.382091
866.558,0.382191
862.318,0.382293
882.167,0.382393
885.883,0.382494
874.07,0.382594
856.172,0.382697
852.395,0.382797
870.817,0.382899
868.042,0.382999
864.572,0.383102
857.566,0.3832
866.401,0.383302
860.143,0.383402
856.899,0.383504
870.835,0.383604
842.04,0.383704
825.996,0.383805
846.914,0.383905
830.193,0.384009
825.488,0.384109
845.289,0.384208
836.467,0.384311
821.969,0.384412
830.474,0.38451
820.8,0.384613
838.166,0.384715
841.85,0.384814
831.155,0.384915
849.303,0.385016
855.992,0.385117
828.631,0.38522
823.48,0.38532
833.769,0.385419
838.853,0.385522
828.811,0.385622
822.626,0.385723
846.126,0.385825
837.11,0.385926
831.295,0.386026
869.478,0.386127
842.05,0.386229
838.225,0.386329
855.468,0.38643
854.474,0.386531
847.347,0.386631
863.976,0.386732
874.39,0.386832
845.321,0.386934
867.908,0.387035
871.478,0.387136
872.051,0.387236
867.293,0.387341
865.237,0.387439
888.09,0.387539
868.839,0.387641
871.346,0.387742
883.248,0.387843
873.136,0.387942
892.345,0.388044
863.222,0.388146
865.87,0.388244
889.418,0.388347
883.849,0.388449
889.956,0.388547
886.304,0.38865
867.083,0.388751
883.576,0.38885
900.222,0.388951
894.024,0.389054
884.107,0.389153
894.601,0.389256
895.44,0.389356
892.719,0.389458
897.044,0.389559
893.747,0.38966
881.468,0.389758
889.079,0.389861
882.178,0.389961
906.631,0.390062
906.324,0.390164
890.223,0.390264
881.049,0.390365
877.587,0.390466
879.075,0.390568
859.824,0.390668
885.278,0.390768
873.464,0.390871
872.438,0.390969
870.604,0.391071
883.215,0.391173
863.236,0.391272
856.366,0.391373
873.773,0.391476
872.458,0.391578
866.177,0.391675
875.982,0.391779
860.54,0.391877
855.544,0.39198
836.956,0.392081
853.958,0.392181
840.451,0.392283
840.715,0.39238
826.186,0.392485
853.541,0.392582
827.127,0.392685
844.355,0.392785
818.181,0.392889
824.979,0.392988
810.666,0.393089
826.945,0.39319
813.42,0.393291
800.162,0.39339
829.657,0.393496
809.878,0.393592
770.435,0.393696
780.819,0.393796
770.737,0.393896
797.31,0.393998
785.303,0.394096
767.459,0.3942
773.845,0.394299
778.201,0.394404
770.363,0.394502
761.426,0.394605
697.055,0.394701
756.38,0.394805
750.519,0.394903
760.379,0.39501
760.321,0.395109
743.621,0.395209
735.398,0.395309
762.916,0.395408
767.259,0.395509
753.15,0.395613
739.102,0.395713
774.277,0.395814
762.681,0.395918
777.867,0.396015
775.255,0.396117
812.809,0.396219
791.836,0.39632
797.769,0.396421
821.047,0.39652
785.762,0.39662
822.644,0.396723
813.378,0.396823
820.291,0.396922
814.464,0.397027
839.862,0.397125
836.138,0.397231
852.26,0.397331
855.823,0.397429
866.609,0.397527
849.375,0.397631
833.2,0.397732
852.265,0.397834
863.102,0.397934
867.693,0.398033
868.084,0.398135
856.735,0.398237
872.96,0.398336
846.881,0.398437
874.332,0.398537
858.074,0.398639
863.672,0.398738
879.095,0.398839
879.404,0.398943
869.315,0.399043
876.437,0.399142
881.87,0.399246
861.004,0.399347
871.698,0.399447
863.391,0.399547
867.272,0.399647
871.634,0.39975
864.415,0.39985
882.515,0.39995
867.202,0.400052
864.381,0.400154
866.518,0.400254
881.974,0.400354
872.686,0.400456
868.916,0.400558
873.76,0.400658
857.639,0.400758
884.796,0.40086
887.923,0.400958
882.448,0.401061
881.656,0.401161
867.552,0.401264
902.229,0.401363
881.484,0.401466
870.427,0.401566
896.167,0.401664
883.608,0.401769
875.802,0.401869
873.751,0.401968
874.47,0.402069
876.1,0.402171
859.037,0.402274
894.974,0.402372
885.813,0.402474
884.4,0.402576
875.968,0.402676
859.95,0.402777
876.721,0.402876
877.539,0.402979
875.95,0.40308
881.282,0.403177
864.873,0.403281
861.793,0.403382
869.314,0.403482
870.214,0.403583
858.629,0.403684
851.125,0.403787
880.458,0.403887
870.638,0.403987
864.369,0.404089
863.488,0.40419
866.812,0.404288
854.767,0.404392
856.423,0.404493
879.62,0.404593
856.854,0.404691
833.205,0.404794
869.122,0.404895
857.817,0.404997
864.182,0.4051
847.029,0.405197
835.423,0.405296
846.828,0.4054
846.885,0.4055
870.769,0.405604
854.967,0.405707
861.969,0.405804
841.467,0.405906
841.878,0.406008
840.751,0.40611
854.787,0.406207
851.588,0.406311
891.966,0.406411
853.788,0.406512
877.142,0.406612
849.659,0.406712
881.998,0.406811
865.886,0.406914
877.082,0.407017
895.263,0.407118
881.731,0.407217
864.724,0.407316
887.73,0.40742
894.571,0.407517
886.528,0.407621
872.163,0.407721
893.719,0.407822
892.088,0.407922
878.039,0.408025
892.053,0.408124
889.491,0.408227
900.954,0.408327
888.342,0.408429
897.811,0.40853
875.242,0.408629
877.504,0.408731
881.054,0.408831
896.171,0.408933
886.725,0.409032
892.197,0.409134
881.374,0.409235
892.11,0.409335
888.819,0.409437
881.279,0.409536
867.94,0.40964
894.258,0.409739
883.281,0.409839
888.338,0.409941
875.439,0.410043
886.301,0.410143
861.253,0.410244
908.636,0.410345
881.641,0.410445
873.885,0.410547
881.872,0.410647
878.563,0.410749
877.739,0.410849
875.779,0.41095
898.327,0.411049
885.511,0.411153
881.398,0.411253
854.959,0.411354
881.985,0.411456
870.714,0.411555
866.101,0.411657
853.187,0.411757
856.866,0.411857
857.72,0.411959
863.206,0.412061
863.48,0.412161
860.753,0.412261
868.583,0.412362
858.18,0.412466
859.999,0.412563
854.744,0.412666
867.372,0.412766
847.059,0.412866
833.635,0.412968
838.998,0.413067
851.084,0.413171
848.568,0.41327
856.746,0.413374
850.077,0.413474
838.214,0.413573
828.253,0.413675
808.669,0.413775
842.998,0.413875
808.492,0.413974
819.605,0.414079
821.861,0.414176
813.278,0.414283
791.02,0.414379
777.239,0.414481
778.449,0.414583
785.165,0.414682
772.865,0.414786
764.114,0.414888
719.771,0.414982
754.144,0.415085
749.596,0.415187
777.508,0.415287
769.072,0.415388
739.209,0.415495
739.527,0.415593
747.242,0.415694
771.984,0.415795
710.26,0.415896
699.062,0.415996
736.525,0.416096
738.096,0.416202
763.381,0.416296
743.205,0.416398
777.374,0.416501
750.925,0.416606
761.14,0.416699
742.456,0.416803
805.663,0.416903
768.469,0.417008
805.844,0.417104
800.359,0.417207
820.646,0.417308
816.342,0.41741
826.698,0.417507
827.017,0.417612
843.287,0.417711
842.421,0.417815
843.038,0.417913
833.782,0.418016
858.054,0.418116
823.684,0.418215
854.203,0.418316
865.658,0.418419
849.267,0.418516
855.002,0.418622
860.819,0.418717
862.158,0.418821
856.549,0.418921
870.508,0.419022
848.691,0.419126
862.919,0.419226
868.703,0.419326
869.842,0.419426
859.566,0.419527
864.216,0.419628
863.988,0.41973
868.117,0.41983
874.02,0.419932
865.987,0.420031
875.62,0.420134
873.372,0.420234
884.437,0.420336
879.969,0.420434
852.445,0.420536
879.938,0.420638
886.157,0.420737
867.445,0.420839
861.69,0.420939
895.298,0.421041
890.258,0.421143
876.588,0.421242
907.195,0.421345
903.112,0.421445
874.148,0.421546
894.589,0.421645
902.046,0.421746
876.521,0.421848
902.489,0.42195
886.969,0.422049
892.936,0.422152
893.126,0.422252
873.493,0.422353
903.021,0.422454
870.46,0.422553
901.144,0.422656
901.459,0.422755
895.83,0.422857
892.293,0.422958
882.331,0.42306
893.521,0.423161
890.604,0.423259
888.646,0.423362
876.567,0.423463
878.697,0.423565
884.305,0.423665
877.212,0.423765
876.286,0.423868
864.33,0.423968
862.769,0.424067
870.278,0.424169
874.985,0.42427
856.449,0.424372
856.576,0.424471
873.357,0.424572
885.146,0.424674
847.914,0.424776
859.882,0.424873
847.608,0.424976
848.286,0.425076
839.93,0.425179
843.607,0.425276
832.253,0.425382
849.379,0.425481
862.848,0.425578
851.204,0.425683
863.528,0.425785
857.497,0.425883
839.705,0.425982
830.809,0.426087
852.708,0.426185
846.012,0.426286
864.405,0.426389
844.8,0.426491
842.592,0.426591
863.447,0.426691
840.563,0.426795
848.634,0.426896
853.371,0.426995
863.464,0.427098
863.892,0.427196
860.355,0.427297
865.969,0.427397
875.43,0.4275
881.245,0.427601
845.587,0.427701
889.051,0.427802
888.154,0.427902
890.14,0.428004
892.994,0.428105
887.805,0.428206
871.257,0.428304
888.312,0.428406
876.16,0.42851
869.811,0.428607
881.802,0.42871
884.74,0.42881
910.628,0.428913
889.075,0.429012
898.253,0.429113
902.645,0.429213
896.278,0.429316
884.361,0.429416
898.68,0.429517
888.355,0.42962
860.217,0.429719
891.472,0.42982
893.145,0.429921
881.914,0.430022
880.384,0.430123
901.965,0.430222
889.737,0.430324
886.829,0.430424
894.466,0.430527
891.375,0.430626
885.084,0.430729
901.746,0.430828
873.586,0.43093
900.886,0.431031
884.766,0.431131
891.496,0.431232
884.801,0.431333
892.776,0.431434
890.907,0.431534
880.89,0.431634
882.82,0.431738
886.448,0.431836
870.386,0.431941
889.201,0.432041
889.78,0.432139
873.491,0.432241
888.607,0.432345
874.889,0.43244
878.09,0.432544
860.099,0.432646
873.285,0.432747
860.399,0.432847
853.278,0.43295
841.229,0.433047
847.521,0.433149
850.737,0.433249
841.034,0.433351
857.302,0.43345
835.008,0.433555
851.857,0.433654
827.101,0.433754
838.089,0.433856
819.155,0.433956
806.267,0.434058
822.616,0.434158
826.632,0.434263
796.32,0.434361
797.96,0.434461
793.144,0.434563
821.66,0.434661
775.823,0.434766
789.768,0.434864
769.35,0.434964
759.405,0.435066
747.952,0.43517
764.494,0.43527
767.344,0.435372
760.995,0.435469
751.441,0.435574
749.444,0.43567
757.241,0.435774
721.57,0.43587
729.133,0.435975
750.194,0.436076
704.808,0.436174
732.618,0.436278
774.487,0.436377
760.305,0.436482
741.058,0.43658
733.07,0.436681
741.371,0.436781
752.414,0.436883
755.622,0.436989
769.81,0.437084
752.796,0.437189
791.045,0.437286
812.117,0.437389
806.338,0.437489
826.249,0.437591
828.427,0.437692
826.453,0.437794
815.183,0.437895
816.435,0.437993
814.139,0.438094
843.48,0.438196
832.383,0.438298
827.293,0.438395
863.788,0.438498
849.742,0.438597
846.413,0.4387
846.472,0.438802
867.887,0.438903
842.919,0.439003
848.461,0.439101
857.271,0.439204
873.885,0.439304
880.744,0.439406
878.406,0.439507
862.7,0.439607
872.152,0.439708
873.595,0.439811
872.772,0.439912
873.309,0.440012
866.056,0.440113
895.994,0.440213
873.534,0.440313
862.109,0.440416
890.519,0.440516
882.387,0.440618
870.51,0.440719
881.816,0.440818
867.872,0.44092
880.043,0.441023
873.927,0.441121
867.765,0.441224
883.431,0.441323
884.216,0.441423
876.381,0.441525
883.059,0.441626
873.467,0.441727
891.729,0.441828
887.421,0.441929
872.55,0.442031
869.406,0.442132
871.808,0.442231
873.004,0.442333
899.726,0.442433
886.552,0.442534
886.18,0.442635
902.968,0.442737
877.938,0.442837
885.629,0.442936
871.931,0.44304
893.585,0.44314
892.181,0.443241
885.054,0.443342
890.615,0.443442
888.12,0.443542
887.387,0.443645
871.702,0.443745
887.054,0.443845
883.603,0.443947
855.729,0.444046
873.455,0.444149
885.001,0.444251
864.468,0.44435
858.299,0.444451
864.221,0.444552
849.291,0.444654
855.329,0.444754
863.739,0.444854
876.29,0.444954
851.212,0.445057
862.711,0.445158
856.043,0.44526
851.695,0.445361
836.858,0.44546
863.502,0.445565
874.804,0.445662
858.08,0.445763
840.203,0.445863
835.579,0.445966
853.495,0.446065
846.945,0.446166
851.139,0.446269
853.35,0.446368
839.699,0.446471
850.234,0.446571
832.503,0.446671
836.024,0.446769
851.018,0.446874
873.615,0.446974
866.27,0.447073
854.601,0.447176
860.948,0.447278
846.645,0.447375
865.95,0.44748
873.526,0.447579
857.775,0.44768
876.219,0.447783
879.157,0.447881
868.9,0.447983
884.23,0.448085
884.837,0.448185
883.902,0.448287
886.84,0.44839
875.724,0.448487
887.348,0.448588
880.618,0.44869
902.756,0.448788
885.669,0.448891
888.046,0.448992
895.522,0.449095
879.198,0.449193
906.441,0.449296
898.616,0.449396
888.504,0.449497
893.623,0.449598
894.465,0.449699
896.208,0.449798
893.557,0.4499
887.234,0.450003
893.295,0.450101
881.36,0.450203
886.488,0.450304
880.673,0.450405
886.846,0.450504
884.197,0.450608
879.101,0.450708
889.393,0.450809
887.432,0.450908
896.399,0.451011
886.843,0.451111
883.268,0.451213
893.183,0.451315
876.669,0.451413
884.734,0.451515
882.207,0.451615
888.405,0.451717
888.803,0.45182
870.278,0.451918
880.743,0.45202
872.536,0.45212
872.838,0.45222
868.447,0.452323
880.38,0.452422
854.197,0.452523
851.099,0.452623
865.389,0.452727
876.023,0.452827
855.046,0.452929
877.744,0.453029
869.082,0.453128
869.689,0.453232
864.957,0.453329
858.856,0.453434
862.44,0.453531
870.203,0.453632
847.348,0.453735
845.825,0.453833
843.123,0.453936
834.262,0.454038
860.15,0.454137
840.545,0.454242
822.064,0.454337
809.49,0.454439
814.187,0.454545
816.661,0.454642
849.464,0.454748
804.151,0.454845
804.875,0.454948
802.559,0.455045
813.294,0.455152
826.403,0.455251
808.846,0.455351
776.152,0.455449
797.905,0.455551
773.254,0.455652
801.962,0.455753
777.612,0.455852
778.385,0.455954
744.444,0.456057
770.952,0.456157
779.861,0.456257
758.369,0.456359
745.325,0.456459
747.559,0.456565
744.325,0.456659
732.358,0.456765
753.697,0.456864
746.309,0.456962
773.675,0.457067
749.688,0.457165
734.861,0.457267
761.6,0.457369
756.679,0.457471
782.872,0.45757
766.888,0.457668
795.617,0.457772
797.11,0.457871
794.872,0.457973
810.518,0.458075
803.906,0.458174
805.486,0.458276
833.772,0.458377
810.905,0.458477
827.316,0.458579
835.972,0.458683
842.286,0.458782
838.052,0.45888
858.416,0.458983
853.583,0.459081
838.118,0.459185
861.482,0.459284
852.129,0.459387
855.756,0.459486
863.275,0.459589
852.531,0.459687
854.257,0.459789
863.878,0.459892
868.348,0.45999
866.487,0.460092
864.597,0.460196
864.019,0.460294
871.154,0.460394
866.633,0.460497
868.47,0.460597
869.001,0.460698
877.933,0.460798
886.028,0.460901
865.393,0.461
873.62,0.461102
875.383,0.461201
886.166,0.461305
874.941,0.461404
890.993,0.461506
879.52,0.461607
872.229,0.461707
870.922,0.461809
875.629,0.461909
873.903,0.46201
886.887,0.46211
881.258,0.462211
867.972,0.462312
877.751,0.462413
891.562,0.462514
884.95,0.462616
874.345,0.462716
876.942,0.462818
864.151,0.462918
888.5,0.463019
850.063,0.463119
874.409,0.463219
882.577,0.463322
879.946,0.463423
889.268,0.463522
889.948,0.463623
892.764,0.463726
890.976,0.463825
885.346,0.463926
889.558,0.464028
899.55,0.464129
897.622,0.464229
880.085,0.464329
894.787,0.46443
898.956,0.464533
871.241,0.464634
891.083,0.464734
880.853,0.464835
888.149,0.464934
886.147,0.465039
879.849,0.465139
875.66,0.465241
859.146,0.465339
854.12,0.465439
865.863,0.465541
866.87,0.46564
859.013,0.465742
850.096,0.465846
858.144,0.465944
859.834,0.466048
857.592,0.466148
852.35,0.466246
853.789,0.466348
847.357,0.46645
857.55,0.46655
852.937,0.466651
836.993,0.466751
845.123,0.466853
829.477,0.466955
850.513,0.467054
836.033,0.467156
835.654,0.467258
825.123,0.467359
848.983,0.46746
845.568,0.46756
833.223,0.46766
856.13,0.467762
862.353,0.467863
858.167,0.467964
850.118,0.468062
866.881,0.468165
867.348,0.468266
877.331,0.468368
865.682,0.468468
867.869,0.468569
874.221,0.468669
880.554,0.468769
868.767,0.468871
862.199,0.468972
891.647,0.469073
877.242,0.469175
877.011,0.469274
871.062,0.469376
867.069,0.469477
899.885,0.469575
890.534,0.469679
886.671,0.46978
872.89,0.46988
875.975,0.469981
884.673,0.470082
888.687,0.470182
872.403,0.470284
893.385,0.470386
892.493,0.470485
905.367,0.470588
878.175,0.470686
894.967,0.470788
882.245,0.470888
883.678,0.47099
892.04,0.47109
915.146,0.471192
895.158,0.471294
886.389,0.471395
868.217,0.471495
885.197,0.471595
883.253,0.471697
889.872,0.471796
882.939,0.471897
890.282,0.471999
872.465,0.4721
871.619,0.4722
883.468,0.472304
896.696,0.472403
885.941,0.472504
899.48,0.472604
896.148,0.472706
894.037,0.472806
906.665,0.472907
897.447,0.473009
884.073,0.473109
885.502,0.473209
884.013,0.473308
873.347,0.473412
877.155,0.473513
875.837,0.473613
886.298,0.473713
870.59,0.473817
874.142,0.473916
869.455,0.474016
864.016,0.474117
854.205,0.47422
846.509,0.474316
856.372,0.47442
859.611,0.474522
858.756,0.47462
850.427,0.474724
836.066,0.474824
836.919,0.474927
812.014,0.475027
805.306,0.475127
836.933,0.475226
804.191,0.475332
817.655,0.475429
798.265,0.475533
790.504,0.475634
794.082,0.475731
799.827,0.475835
784.339,0.475936
801.597,0.476035
811.766,0.476138
775.376,0.476236
770.849,0.476338
789.607,0.476435
756.14,0.476543
777.298,0.476639
734.354,0.476742
737.326,0.476844
780.133,0.476941
749.912,0.477048
748.365,0.477145
755.376,0.477244
744.231,0.477349
745.674,0.477447
740.479,0.477549
742.42,0.477655
757.862,0.477749
763.73,0.477851
777.718,0.477954
771.132,0.478055
770.239,0.478153
778.629,0.478256
793.556,0.478355
775.855,0.478458
832.88,0.478561
801.641,0.478658
815.209,0.478759
808.55,0.478861
825.09,0.478961
839.917,0.479064
828.836,0.479164
831.603,0.479269
858.762,0.479365
854.395,0.479463
858.024,0.479568
864.539,0.479668
864.263,0.479769
885.781,0.47987
864.206,0.47997
858.844,0.480072
853.551,0.480172
864.246,0.480274
865.8,0.480375
880.516,0.480477
874.342,0.480576
881.167,0.480678
886.118,0.480778
871.374,0.480879
893.916,0.48098
870.03,0.481082
864.805,0.481181
875.826,0.481285
883.493,0.481383
881.828,0.481486
880.302,0.481585
884.043,0.481686
884.399,0.481789
860.104,0.481888
897.457,0.481989
894.429,0.48209
894.777,0.482191
874.185,0.482292
881.765,0.482393
895.556,0.482494
898.245,0.482595
885.266,0.482695
881.598,0.482796
886.644,0.482897
876.772,0.482998
879.052,0.4831
906.924,0.483199
901.421,0.483302
898.689,0.483401
889.848,0.483504
898.561,0.483603
891.352,0.483704
884.223,0.483808
871.438,0.483906
888.619,0.484007
877.545,0.484107
879.245,0.48421
886.856,0.484309
897.709,0.484412
882.63,0.48451
875.149,0.484613
882.437,0.484713
871.985,0.484814
887.007,0.484915
879.334,0.485018
878.228,0.485116
864.695,0.485219
879.195,0.485317
867.762,0.485421
880.302,0.485521
865.12,0.485621
871.909,0.485725
864.422,0.485823
861.513,0.485924
868.022,0.486024
858.956,0.486128
848.214,0.486228
860.181,0.486325
839.743,0.48643
830.336,0.48653
791.41,0.486632
760.476,0.486732
746.863,0.486835
697.937,0.486935
678.23,0.487033
733.239,0.487135
830.251,0.487231
824.309,0.487338
825.263,0.487436
834.121,0.487541
841.995,0.487637
870.364,0.487741
868.665,0.487842
882.054,0.487941
864.388,0.488045
854.544,0.488144
874.093,0.488247
860.917,0.488346
876.837,0.488449
864.437,0.488545
876.279,0.48865
871.03,0.48875
870.226,0.488851
861.402,0.488951
862.554,0.489054
856.038,0.489153
856.709,0.489254
864.984,0.489356
858.954,0.489456
849.188,0.489557
861.967,0.489659
878.84,0.489758
861.01,0.489861
859.683,0.489959
869.753,0.490063
863.037,0.490164
880.397,0.490264
856.406,0.490364
882.099,0.490465
835.383,0.490567
851.728,0.490668
866.637,0.490767
875.313,0.490869
870.27,0.49097
844.564,0.49107
858.33,0.491172
859.142,0.491273
848.092,0.491376
863.597,0.491474
849.294,0.491575
863.6,0.491677
864.516,0.491778
837.341,0.49188
828.676,0.491979
866.582,0.492081
849.212,0.492181
834.742,0.492284
868.277,0.492381
850.736,0.492485
856.421,0.492583
854.65,0.492687
860.644,0.492785
841.553,0.492888
836.074,0.492987
834.002,0.493088
849.435,0.493187
843.386,0.493291
846.366,0.49339
837.639,0.493494
838.507,0.493594
832.494,0.493694
860.608,0.493795
838.457,0.493896
830.708,0.493997
807.917,0.494098
830.583,0.494198
826.27,0.494299
830.223,0.494401
821.969,0.494502
823.937,0.494603
822.236,0.494704
808.943,0.494804
809.659,0.494905
793.212,0.495006
820.294,0.495109
784.881,0.495207
800.397,0.495309
803.4,0.495412
790.204,0.49551
792.892,0.495615
794.808,0.495712
796.919,0.495813
791.885,0.495912
780.552,0.496021
770.712,0.496115
784.825,0.496216
774.455,0.49632
762.055,0.49642
755.197,0.49652
738.261,0.496621
762.277,0.496718
758.71,0.496824
761.949,0.496923
745.731,0.497026
777.563,0.497125
743.364,0.497227
728.871,0.497324
730.716,0.497429
728.067,0.497526
739.761,0.497628
737.966,0.497734
735.491,0.497828
747.846,0.497938
746.395,0.498035
712.223,0.498133
763.03,0.498237
749.364,0.498334
740.313,0.49844
768.454,0.498538
773.88,0.49864
763.412,0.498741
762.522,0.498842
787.579,0.498941
791.069,0.499045
822.645,0.499143
801.087,0.499245
804.352,0.499344
807.404,0.499442
802.972,0.499549
805.177,0.49965
824.922,0.499746
818.311,0.499851
819.896,0.49995
813.383,0.500051
833.455,0.500149
827.099,0.500251
837.76,0.500354
820.888,0.500452
833.763,0.500555
826.738,0.500655
832.279,0.500758
842.476,0.500858
839.699,0.500958
829.315,0.50106
829.127,0.501161
848.276,0.50126
839.067,0.501361
844.394,0.501463
862.494,0.501563
850.015,0.501665
842.736,0.501766
863.915,0.501866
857.268,0.501969
851.685,0.502067
842.31,0.502172
835.051,0.50227
857.027,0.502372
867.267,0.502471
856.319,0.502574
884.594,0.502674
863.244,0.502776
882.306,0.502875
855.353,0.502976
859.82,0.503077
887.764,0.503179
871.601,0.503281
858.97,0.50338
871.643,0.503481
848.902,0.503583
899.955,0.503682
857.816,0.503785
876.198,0.503885
878.723,0.503987
883.12,0.504087
890.865,0.504189
876.518,0.50429
887.555,0.504389
863.658,0.504491
876.49,0.504592
863.069,0.504693
878.044,0.504791
880.102,0.504894
865.448,0.504997
886.653,0.505095
885.962,0.505198
870.196,0.505299
887.381,0.505398
881.286,0.505499
853.837,0.505599
864.995,0.505699
877.87,0.505802
869.395,0.505901
871.031,0.506005
859.233,0.506105
868.232,0.506205
873.948,0.506309
853.317,0.506406
856.197,0.506506
872.17,0.50661
854.233,0.506711
871.821,0.506813
866.551,0.506914
860.248,0.507009
859.956,0.507116
847.257,0.507213
851.377,0.507316
851.103,0.507416
832.737,0.507518
854.891,0.507621
830.627,0.507717
822.841,0.507821
831.359,0.507924
840.874,0.508023
841.703,0.508121
846.049,0.508224
839.899,0.508325
842.618,0.508427
846.907,0.508527
832.878,0.508628
837.666,0.508729
836.615,0.50883
847.734,0.508931
847.536,0.509033
865.346,0.509132
845.119,0.509233
849.105,0.509334
842.358,0.509434
864.185,0.509535
826.109,0.509637
866.555,0.509737
869.661,0.509839
853.25,0.509939
858.652,0.510042
859.073,0.510141
869.038,0.510241
872.829,0.510343
864.191,0.510443
853.751,0.510545
864.785,0.510644
877.805,0.510749
869.293,0.510849
873.257,0.510947
862.42,0.511049
878.02,0.511149
863.428,0.511253
862.813,0.511352
880.584,0.511454
876.544,0.511553
886.621,0.511654
871.615,0.511757
850.481,0.511856
889.264,0.511958
884.775,0.512058
861.121,0.512162
849.02,0.512259
864.266,0.512359
884.691,0.512461
879.625,0.512561
893.517,0.512664
880.68,0.512766
869.096,0.512866
883.2,0.512967
883.617,0.513067
890.298,0.51317
866.733,0.513269
884.49,0.513371
881.611,0.513472
874.705,0.513573
870.978,0.513673
900.497,0.513773
894.174,0.513877
892.905,0.513976
894.387,0.514078
871.826,0.514177
881.759,0.514278
882.837,0.51438
874.655,0.514481
874.987,0.514581
860.256,0.514681
855.169,0.514784
852.95,0.514883
864.91,0.514984
842.622,0.515084
856.897,0.515187
854.969,0.51529
846.58,0.515388
837.905,0.515485
847.225,0.51559
818.673,0.515692
816.708,0.51579
817.52,0.515893
849.31,0.515994
831.787,0.516096
828.274,0.516198
789.451,0.516299
805.792,0.516398
789.735,0.516495
794.156,0.516602
789.505,0.516699
749.148,0.516799
739.181,0.516904
764.877,0.517002
734.475,0.517104
755.639,0.517209
730.303,0.517306
704.26,0.517406
716.321,0.517508
723.788,0.517606
723.816,0.517709
700.477,0.517811
696.44,0.517911
711.867,0.518013
707.758,0.518113
692.918,0.518214
697.174,0.518314
722.871,0.518418
700.35,0.518516
706.79,0.51862
744.161,0.518717
739.981,0.51882
741.946,0.518919
722.477,0.519022
772.347,0.519123
768.475,0.519223
785.102,0.519323
779.854,0.519425
798.558,0.519527
811.289,0.519628
803.063,0.519731
819.161,0.519829
819.196,0.51993
823.309,0.520031
832.912,0.520134
819.128,0.520233
839.727,0.520334
837.989,0.520435
834.929,0.520534
834.527,0.520635
838.394,0.520738
845.9,0.52084
849.527,0.520939
874.872,0.521041
857.183,0.521137
870.979,0.521242
867.122,0.521342
873.759,0.521442
868.947,0.521544
857.583,0.521645
884.885,0.521746
863.32,0.521847
890.405,0.521947
892.683,0.522048
867.253,0.522149
878.094,0.52225
907.979,0.522351
889.671,0.522451
879.816,0.522553
884.087,0.522654
892.169,0.522754
884.063,0.522857
893.517,0.522956
901.03,0.523059
888.906,0.523159
890.515,0.52326
893.966,0.52336
899.963,0.52346
882.28,0.523562
902.178,0.523663
901.993,0.523765
886.642,0.523866
903.455,0.523965
901.643,0.524067
886.35,0.524167
889.62,0.524266
875.879,0.524369
892.459,0.52447
891.157,0.524571
880.885,0.524671
873.613,0.524775
874.707,0.524873
903.786,0.524974
874.685,0.525076
872.194,0.525176
871.347,0.525279
855.542,0.525379
880.333,0.525478
861.863,0.525581
880.817,0.52568
861.782,0.525783
869.529,0.525882
875.353,0.525984
872.808,0.526086
870.522,0.526185
865.743,0.526287
868.701,0.526387
871.6,0.526488
857.319,0.526589
842.306,0.526691
841.035,0.52679
867.624,0.526892
858.34,0.526994
853.456,0.527095
851.689,0.527194
848.947,0.527296
851.174,0.527398
844.334,0.527497
831.752,0.527601
854.405,0.527701
834.221,0.527799
831.974,0.527901
830.294,0.528003
855.452,0.528104
857.527,0.528205
860.046,0.528305
847.057,0.528404
827.885,0.528507
853.365,0.528606
855.037,0.528708
844.013,0.52881
852.474,0.528909
855.666,0.529011
869.521,0.529112
839.009,0.529215
859.653,0.529312
867.125,0.529415
870.576,0.529516
881.587,0.529618
861.908,0.529718
876.909,0.52982
855.384,0.52992
855.425,0.53002
894.149,0.53012
894.776,0.530221
894.778,0.530323
893.153,0.530422
898.971,0.530526
893.092,0.530625
892.95,0.530727
891.128,0.530826
894.799,0.53093
909.023,0.531028
889.567,0.531132
892.948,0.531231
900.676,0.531332
905.102,0.531434
914.93,0.531534
907.897,0.531635
910.769,0.531736
890.622,0.531836
907.407,0.531938
898.777,0.532039
907.817,0.53214
894.992,0.532242
902.268,0.53234
906.209,0.532442
900.105,0.532545
880.621,0.532643
895.134,0.532746
898.794,0.532847
884.264,0.532947
894.711,0.533047
891.947,0.533147
875.315,0.533249
871.529,0.53335
885.414,0.533452
882.376,0.533551
880.307,0.533653
885.54,0.533753
881.985,0.533856
866.341,0.533954
873.968,0.534057
867.511,0.534159
882.207,0.534259
875.217,0.53436
871.075,0.534461
871.618,0.53456
874.122,0.534662
861.488,0.534762
872.968,0.534864
858.297,0.534966
861.626,0.535065
866.649,0.535167
855.703,0.535266
851.592,0.535368
856.858,0.535469
849.993,0.535569
848.854,0.535671
861.974,0.535773
858.334,0.535873
845.076,0.535972
829.575,0.536076
831.72,0.536178
833.658,0.536277
802.895,0.536379
804.002,0.536476
819.201,0.536579
825.838,0.53668
801.511,0.536782
817.882,0.536883
807.142,0.536981
782.7,0.537085
768.589,0.537186
788.04,0.537286
801.895,0.537387
792.239,0.537487
754.619,0.537588
773.931,0.537688
783.484,0.53779
761.333,0.537892
763.447,0.537992
760.684,0.538091
773.218,0.538193
757.66,0.538293
763.15,0.538395
776.256,0.538497
748.068,0.538598
792.884,0.538701
766.796,0.5388
762.245,0.538899
756.095,0.539004
779.05,0.5391
758.481,0.539202
795.528,0.539305
795.949,0.539406
808.664,0.539509
787.193,0.539604
800.179,0.539708
822.556,0.539807
833.358,0.539909
824.683,0.54001
848.938,0.540112
829.968,0.540212
843.67,0.540315
831.992,0.540414
822.468,0.540514
854.914,0.540616
846.458,0.540717
844.062,0.540817
843.309,0.540918
834.698,0.541019
852.119,0.541121
836.562,0.541222
860.568,0.541321
861.261,0.541424
858.347,0.541524
840.769,0.541626
882.859,0.541726
859.506,0.541824
856.259,0.541929
850.964,0.542028
872.571,0.542129
851.486,0.54223
877.593,0.542331
866.906,0.542432
864.087,0.542534
868.512,0.542634
872.11,0.542734
877.009,0.542836
874.515,0.542936
869.243,0.543036
884.505,0.543139
883.845,0.543241
867.889,0.54334
870.507,0.54344
882.227,0.543542
881.143,0.543644
895.195,0.543743
905.556,0.543845
866.562,0.543946
892.309,0.544047
887.712,0.544146
883.102,0.544249
883.154,0.54435
874.41,0.544451
897.432,0.544551
867.974,0.544653
888.618,0.544751
888.07,0.544856
885.932,0.544954
868.097,0.545056
897.511,0.545156
895.195,0.545259
887.131,0.545358
887.765,0.545459
898.084,0.545558
891.849,0.545662
889.589,0.545761
896.357,0.545863
891.825,0.545963
892.42,0.546065
888.122,0.546167
876.796,0.546266
882.236,0.546367
888.147,0.546468
886.644,0.546568
881.628,0.54667
883.285,0.54677
886.888,0.546872
889.448,0.546973
874.603,0.547073
874.895,0.547173
885.104,0.547276
882.096,0.547376
895.072,0.547478
875.103,0.547577
861.56,0.547678
879.568,0.547781
883.754,0.547881
879.635,0.547984
876.914,0.548081
874.53,0.548183
877.512,0.548285
872.076,0.548387
857.772,0.548488
879.629,0.548586
855.264,0.548688
868.24,0.548789
848.438,0.548889
854.779,0.54899
867.22,0.549092
863.964,0.549191
848.577,0.549295
848.077,0.549394
865.212,0.549496
864.77,0.549597
864.069,0.549697
841.466,0.5498
869.525,0.549899
875.225,0.549999
856.1,0.5501
853.969,0.550202
856.637,0.550304
848.838,0.550404
850.371,0.550504
857.004,0.550606
856.781,0.550706
874.839,0.550807
884.185,0.550906
862.361,0.551011
880.97,0.551108
867.024,0.551211
871.128,0.551313
883.562,0.551412
885.62,0.551514
873.035,0.551616
883.861,0.551714
882.451,0.551816
882.876,0.551918
883.311,0.552018
864.889,0.552119
882.957,0.552221
875.796,0.552321
903.196,0.552421
860.594,0.552524
890.525,0.552623
872.443,0.552727
858.528,0.552827
900.393,0.552927
886.686,0.553027
871.914,0.553129
897.842,0.553227
867.186,0.553329
885.28,0.553431
880.662,0.553531
870.731,0.553634
885.372,0.553733
909.184,0.553835
885.102,0.553937
871.444,0.554036
865.486,0.554136
888.958,0.554235
880.69,0.554338
896.079,0.55444
892.871,0.554542
885.077,0.554642
869.73,0.554744
886.869,0.554842
894.189,0.554945
883.455,0.555045
889.487,0.555147
890.346,0.555247
883.805,0.555349
875.98,0.555447
874.701,0.555552
895.338,0.555648
887.559,0.555752
865.925,0.555853
881.395,0.555954
872.683,0.556054
884.675,0.556158
856.307,0.556257
850.803,0.556357
868.521,0.556456
839.872,0.556559
853.857,0.556661
827.041,0.556762
843.345,0.55686
843.632,0.556963
839.541,0.557063
832.44,0.557162
822.56,0.557266
834.288,0.557367
826.645,0.557468
795.922,0.557567
800.134,0.557673
791.173,0.557767
798.103,0.557872
794.509,0.557973
782.101,0.558071
768.954,0.558173
761.275,0.558272
782.217,0.558375
767.769,0.558474
770.601,0.558579
729.634,0.558679
756.211,0.558778
749.086,0.558879
729.115,0.558981
734.677,0.559078
749.824,0.559185
723.426,0.559281
743.715,0.559386
726.712,0.559487
748.08,0.559585
731.742,0.559688
736.599,0.559787
758.371,0.559889
763.636,0.55999
759.763,0.560092
772.611,0.56019
770.953,0.560294
788.416,0.560393
786.569,0.560498
791.752,0.560597
812.193,0.560694
824.662,0.560798
844.681,0.5609
828.999,0.560998
835.419,0.561101
832.883,0.561199
842.597,0.561301
849.087,0.561403
840.202,0.561503
837.687,0.561604
849.029,0.561706
860.508,0.561806
862.51,0.561906
852.566,0.562009
857.144,0.562109
866.693,0.562211
877.777,0.56231
866.819,0.562412
852.334,0.562514
870.746,0.562613
902.738,0.562714
872.9,0.562815
889.415,0.562916
878.155,0.563016
884.143,0.563119
871.856,0.563218
891.681,0.563321
883.848,0.563421
889.656,0.563519
897.436,0.563623
898.026,0.563723
905.688,0.563824
900.212,0.563927
889.569,0.564025
908.714,0.564126
906.889,0.564228
892.113,0.564329
899.897,0.564431
899.696,0.56453
905.572,0.564631
913.689,0.564733
907.734,0.564833
911.62,0.564935
911.051,0.565035
907.843,0.565136
888.933,0.565238
893.703,0.565339
916.543,0.565438
878.127,0.56554
895.111,0.56564
902.768,0.565741
918.483,0.56584
899.258,0.565945
886.783,0.566045
891.049,0.566145
891.958,0.566246
878.321,0.566347
880.945,0.566451
889.123,0.566549
885.637,0.56665
873.158,0.566752
891.596,0.566851
877.189,0.566954
880.378,0.567053
884.696,0.567153
879.035,0.567259
861.71,0.567353
865.874,0.567458
867.837,0.567555
871.67,0.567659
869.337,0.567761
858.098,0.567862
851.36,0.567961
860.241,0.568061
868.858,0.568163
865.472,0.568264
871.372,0.568363
859.042,0.568467
862.315,0.568568
874.226,0.568669
852.935,0.568768
852.209,0.568871
845.361,0.568971
855.504,0.569072
856.194,0.569172
845.487,0.569274
836.381,0.569372
853.653,0.569476
862.468,0.569575
843.642,0.569678
847.46,0.569778
863.282,0.569878
852.721,0.56998
854.487,0.57008
870.349,0.57018
869.044,0.570282
866.111,0.570383
864.117,0.570484
859.551,0.570584
868.199,0.570686
880.753,0.570787
893.412,0.570889
861.453,0.570988
883.801,0.571092
880.532,0.571191
878.799,0.571293
897.827,0.571394
885.284,0.571495
888.132,0.571593
900.016,0.571696
883.907,0.571796
879.347,0.571897
892.166,0.571999
884.184,0.572099
914.404,0.572199
902.805,0.572302
910.224,0.5724
892.619,0.572503
915.079,0.572601
890.96,0.572705
906.336,0.572803
911.026,0.572906
915.299,0.573005
914.275,0.57311
893.092,0.573209
889.765,0.57331
913.312,0.573412
908.087,0.573511
905.178,0.573613
901.439,0.573714
904.963,0.573813
880.837,0.573916
895.801,0.574016
885.706,0.574119
902.274,0.574216
910.306,0.57432
899.065,0.574421
874.25,0.574522
880.466,0.57462
884.974,0.574722
892.463,0.574823
884.355,0.574923
870.063,0.575026
876.78,0.575125
876.379,0.575229
860.45,0.575328
875.486,0.575429
879.033,0.57553
866.485,0.57563
863.555,0.575732
861.049,0.575832
879.57,0.575932
858.155,0.576034
863.986,0.576134
853.408,0.576237
845.53,0.576337
853.837,0.576437
857.582,0.576539
847.238,0.576639
848.313,0.576742
844.094,0.576839
834.297,0.57694
825.134,0.577045
843.255,0.577143
820.872,0.577243
830.106,0.577345
825.962,0.577444
842.641,0.57755
819.817,0.57765
796.695,0.577749
803.224,0.577847
799.354,0.577952
789.151,0.578052
790.431,0.578156
794.834,0.57825
812.405,0.578354
809.093,0.578454
779.509,0.578558
778.771,0.578655
771.528,0.57876
760.396,0.578862
805.154,0.57896
763.593,0.57906
733.292,0.579161
759.197,0.579262
746.305,0.579363
757.799,0.579467
774.399,0.579563
760.201,0.579669
775.24,0.579771
724.393,0.579869
757.195,0.579972
769.978,0.580071
733.459,0.580172
774.85,0.580273
777.245,0.580374
774.638,0.580473
796.374,0.580578
816.822,0.580676
800.97,0.580776
806.067,0.580876
818.254,0.580977
844.139,0.58108
833.213,0.581179
835.868,0.581284
855.232,0.581381
840.185,0.581481
859.668,0.581587
864.42,0.581684
866.854,0.581787
845.905,0.581886
865.35,0.581987
860.932,0.582087
847.388,0.58219
866.509,0.582289
866.696,0.58239
872.52,0.582493
860.816,0.582593
853.017,0.582695
847.762,0.582794
874.795,0.582896
871.697,0.582997
851.36,0.5831
862.357,0.583199
857.354,0.583299
860.192,0.583401
869.56,0.5835
880.466,0.583603
882.61,0.583703
885.43,0.583804
892.616,0.583905
858.923,0.584007
877.15,0.584108
867.457,0.584209
873.049,0.584308
882.923,0.584408
884.428,0.584511
873.118,0.584611
881.966,0.584712
900.479,0.584813
892.014,0.584914
889.453,0.585014
888.671,0.585117
871.518,0.585217
895.484,0.585319
899.501,0.585419
876.392,0.58552
886.839,0.58562
881.652,0.585721
877.836,0.585821
879.532,0.585925
896.569,0.586023
868.654,0.586124
875.534,0.586227
881.738,0.586326
894.039,0.586427
900.601,0.586529
878.517,0.58663
898.765,0.586729
880.545,0.58683
870.083,0.586932
892.77,0.587035
880.41,0.587134
878.593,0.587234
880.695,0.587335
893.782,0.587437
879.196,0.587539
870.129,0.58764
887.003,0.58774
882.813,0.587842
893.22,0.58794
861.527,0.588042
866.138,0.588143
868.725,0.588244
863.589,0.588345
859.478,0.588446
869.889,0.588547
867.224,0.588647
876.497,0.588748
886.106,0.588851
885.136,0.588949
868.165,0.589051
888.45,0.589151
882.187,0.589252
864.793,0.589355
877.295,0.589455
883.259,0.589554
851.057,0.589656
873.2,0.589756
861.702,0.589859
874.99,0.58996
874.996,0.590062
878.028,0.590161
863.035,0.590263
876.386,0.590361
862.516,0.590466
849.277,0.590565
883.346,0.590667
879.552,0.590766
863.932,0.590867
877.011,0.59097
874.7,0.59107
877.827,0.591168
867.85,0.591271
888.825,0.591371
877.062,0.591474
887.506,0.591574
894.92,0.591674
887.791,0.591776
882.433,0.591878
880.004,0.591977
878.303,0.59208
872.157,0.59218
893.584,0.592279
887.53,0.592381
890.804,0.592482
871.426,0.592584
878.03,0.592683
882.019,0.592785
894.155,0.592885
893.625,0.592988
895.275,0.593087
900.494,0.593189
900.329,0.593289
897.315,0.593391
884.698,0.593491
877.07,0.593593
887.374,0.593692
882.872,0.593794
889.8,0.593894
874.796,0.593995
893.331,0.594097
887.147,0.594197
886.089,0.594299
882.513,0.594399
888.854,0.594501
883.947,0.594601
879.16,0.594702
871.541,0.594803
892.904,0.594903
869.87,0.595005
884.088,0.595108
884.152,0.595207
887.808,0.595308
889.761,0.595407
883.779,0.595509
879.911,0.59561
874.848,0.59571
845.639,0.595812
872.836,0.595912
868.045,0.596014
888.753,0.596115
872.022,0.596215
880.989,0.596316
856.154,0.596418
882.88,0.596519
857.841,0.59662
888.111,0.59672
882.365,0.59682
860.609,0.596923
881.736,0.597022
867.739,0.597124
886.081,0.597225
870.987,0.597327
854.34,0.597429
867.132,0.597526
841.529,0.59763
836.007,0.597726
852.077,0.59783
853.736,0.597932
859.189,0.59803
835.73,0.598134
825.398,0.598231
831.911,0.598336
830.712,0.598433
865.096,0.59854
806.372,0.598637
791.484,0.59874
824.349,0.598839
773.773,0.598941
803.129,0.599042
784.966,0.599143
773.551,0.599243
780.151,0.599345
758.021,0.599445
757.876,0.599546
757.75,0.599649
757.079,0.599747
751.217,0.599847
763.554,0.599949
740.753,0.60005
737.784,0.600151
739.287,0.600252
727.904,0.600353
731.457,0.600455
731.706,0.60055
736.24,0.600655
746.264,0.600756
737.507,0.600859
751.284,0.600953
772.792,0.601057
745.631,0.601161
793.184,0.601259
770.822,0.601362
781.724,0.60146
790.199,0.601566
810.356,0.601666
827.141,0.601767
825.242,0.601871
831.258,0.601967
825.469,0.602067
821.2,0.60217
834.127,0.602273
834.453,0.60237
849.479,0.602471
833.216,0.602574
852.646,0.602675
827.576,0.602774
850.372,0.602875
827.167,0.602976
856.056,0.603076
877.777,0.603178
850.419,0.603279
835.672,0.60338
871.344,0.603481
875.571,0.603582
878.347,0.603682
858.409,0.603784
850.786,0.603885
863.239,0.603986
893.689,0.604087
865.907,0.604188
875.316,0.604288
881.799,0.604389
875.152,0.60449
886.342,0.604591
897.3,0.604694
878.499,0.604792
895.514,0.604896
896.425,0.604996
894.316,0.605094
895.342,0.605196
908.882,0.605298
892.709,0.605399
890.2,0.605499
901.09,0.605599
901.116,0.605701
891.545,0.605801
902.952,0.605903
895.313,0.606004
891.869,0.606105
900.489,0.606204
887.767,0.606309
901.33,0.606406
896.505,0.606509
900.177,0.606607
902.007,0.60671
890.235,0.606812
896.183,0.606911
896.11,0.607013
898.813,0.607113
870.619,0.607215
875.768,0.607314
881.129,0.607418
898.818,0.607516
891.457,0.607617
881.3,0.607719
887.849,0.607821
893.576,0.607919
869.642,0.608021
849.548,0.608123
892.848,0.608221
866.472,0.608325
863.467,0.608426
871.411,0.608526
864.213,0.608628
860.159,0.60873
857.531,0.608827
858.443,0.60893
841.034,0.609028
864.636,0.609133
873.244,0.609232
854.431,0.609335
862.028,0.609434
842.791,0.609535
856.74,0.609638
847.031,0.609737
843.953,0.609838
827.48,0.609939
830.507,0.61004
849.046,0.610143
838.871,0.610242
853.97,0.610343
831.735,0.610445
855.851,0.610544
852.403,0.610649
849.282,0.610747
853.246,0.610848
840.779,0.610948
832.06,0.611049
848.074,0.611151
868.302,0.61125
883.227,0.611352
868.001,0.611454
868.147,0.611554
870.694,0.611655
874.357,0.611754
881.362,0.611856
865.884,0.611957
881.513,0.612058
870.072,0.612161
863.927,0.612258
888.508,0.612363
877.279,0.612462
880.363,0.612564
883.396,0.612664
895.017,0.612765
894.115,0.612867
878.489,0.612968
885.892,0.613066
882.753,0.613169
890.047,0.61327
884.506,0.613369
899.421,0.613471
888.458,0.613573
899.765,0.613672
909.476,0.613774
903.368,0.613876
900.325,0.613974
885.816,0.614078
898.728,0.614176
903.152,0.614278
887.645,0.614379
901.993,0.61448
901.778,0.614581
903.162,0.614683
902.019,0.614783
876.742,0.614884
896.858,0.614984
898.223,0.615087
906.493,0.615187
901.374,0.615289
891.969,0.615388
898.041,0.61549
901.736,0.615591
883.634,0.615691
903.193,0.615791
884.94,0.615892
882.477,0.615996
886.416,0.616094
883.65,0.616197
865.166,0.616295
857.911,0.616399
909.885,0.616495
868.539,0.616599
844.034,0.616701
868.485,0.616802
855.663,0.616902
856.119,0.617003
860.709,0.617104
864.823,0.617205
853.207,0.617307
860.961,0.617404
832.025,0.617509
858.397,0.617608
844.601,0.617708
847.573,0.617811
832.098,0.61791
833.709,0.618013
832.311,0.618111
824.392,0.618215
827.335,0.618314
821.673,0.618416
846.171,0.618515
789.44,0.618618
813.77,0.618717
802.559,0.618817
789.015,0.61892
799.708,0.619021
770.863,0.619122
802.224,0.619222
787.834,0.619322
780.855,0.619424
768.253,0.619523
743.156,0.619628
791.945,0.619729
757.895,0.619827
756.045,0.619927
744.46,0.620031
749.527,0.620129
760.947,0.620231
757.07,0.62033
753.061,0.620432
744.72,0.620536
753.656,0.620634
749.817,0.620737
776.976,0.620835
768.663,0.620939
767.603,0.621038
784.399,0.62114
753.666,0.621241
766.858,0.621344
791.629,0.621441
775.212,0.621542
783.105,0.621644
793.028,0.621746
813.355,0.621845
818.438,0.621949
834.016,0.622046
821.921,0.622152
837.959,0.62225
831.732,0.622352
828.965,0.622453
842.4,0.622554
851.707,0.622655
871.42,0.622755
857.41,0.622852
850.613,0.622954
859.363,0.623058
866.886,0.623158
847.047,0.623261
874.135,0.623358
864.793,0.623461
875.688,0.623564
883.864,0.623662
869.744,0.623764
864.449,0.623862
863.452,0.623966
874.076,0.624065
858.744,0.624165
870.667,0.624268
865.572,0.62437
879.245,0.624469
881.057,0.624573
879.232,0.624671
887.698,0.624772
873.147,0.624874
865.145,0.624973
869.891,0.625075
859.339,0.625178
898.242,0.625275
863.742,0.625378
856.702,0.625479
861.107,0.625581
873.372,0.62568
886.429,0.625782
853.219,0.625882
874.486,0.625983
862.592,0.626083
880.558,0.626183
870.622,0.626287
870.631,0.626388
881.801,0.626487
888.81,0.626588
900.437,0.626689
869.598,0.626791
874.96,0.626893
873.11,0.626993
884.241,0.627094
880.3,0.627196
872.977,0.627293
871.72,0.627396
864.473,0.627497
886.475,0.627596
879.927,0.627702
872.821,0.6278
880.263,0.627901
854.608,0.628002
876.774,0.6281
883.587,0.628203
874.256,0.628304
868.64,0.628404
865.074,0.628507
867.394,0.628607
880.836,0.628708
887.438,0.628809
861.652,0.628909
869.628,0.629011
850.663,0.629111
859.696,0.629214
874.179,0.629316
868.42,0.629413
864.885,0.629514
853.9,0.629618
854.252,0.629718
849.499,0.629818
863.831,0.629918
868.462,0.63002
862.815,0.630121
861.074,0.630222
855.087,0.630322
863.087,0.630427
847.021,0.630525
849.024,0.630624
845.771,0.630727
859.954,0.630829
834.503,0.630928
857.648,0.631027
846.568,0.631129
859.495,0.631232
872.159,0.631331
858.017,0.631431
857.144,0.631534
866.612,0.631634
852.218,0.631738
848.961,0.631836
868.637,0.631938
858.057,0.632039
855.753,0.632139
853.02,0.63224
876.861,0.63234
855.335,0.632441
886.443,0.632542
873.814,0.632643
880.886,0.632745
889.493,0.632844
884.543,0.632946
877.892,0.633049
892.303,0.633147
873.478,0.63325
874.85,0.63335
897.937,0.633449
882.96,0.633554
881.99,0.633653
885.304,0.633754
889.848,0.633853
873.428,0.633958
882.508,0.634056
876.665,0.634156
880.035,0.634259
861.443,0.634359
875.384,0.63446
897.306,0.634561
878.131,0.634662
877.957,0.634762
876.03,0.634862
877.11,0.634964
904.594,0.635066
869.155,0.635165
870.406,0.635268
870.346,0.635368
880.763,0.635467
877.671,0.635571
860.995,0.635671
852.287,0.635772
870.462,0.635872
871.981,0.635975
866.745,0.636075
869.399,0.636175
874.781,0.636276
866.028,0.636378
878.823,0.63648
885.711,0.636579
851.773,0.63668
871.961,0.636782
864.841,0.63688
868.117,0.636981
870.948,0.637084
866.111,0.637184
853.995,0.637284
865.158,0.637387
848.254,0.637485
861.798,0.637589
859.786,0.637688
853.708,0.63779
843.39,0.637891
846.401,0.637991
861.294,0.638095
844.164,0.638191
870.122,0.638295
873.305,0.638394
860.395,0.638499
832.225,0.638596
829.58,0.638699
828.948,0.6388
836.093,0.638902
840.242,0.639
820.476,0.639101
825.774,0.639201
810.9,0.639304
811.588,0.6394
801.606,0.639504
802.811,0.639605
805.82,0.639707
793.566,0.63981
776.226,0.639909
799.321,0.640009
787.63,0.640112
744.658,0.640211
787.53,0.640313
734.113,0.640415
764.811,0.640516
752.36,0.640614
750.544,0.640713
759.255,0.640817
767.981,0.640916
739.308,0.641018
733.155,0.641119
722.424,0.641222
744.11,0.64132
743.322,0.641421
756.237,0.641522
743.337,0.641625
746.614,0.641727
774.652,0.641824
779.678,0.641928
761.859,0.642027
785.171,0.642133
807.503,0.642229
791.336,0.642331
829.486,0.64243
779.078,0.642529
805.275,0.642633
802.202,0.642736
835.625,0.642835
827.46,0.642934
844.383,0.643038
846.122,0.643139
844.04,0.64324
842.493,0.64334
834.894,0.64344
832.126,0.643542
849.375,0.643644
829.8,0.643744
858.832,0.643844
872.639,0.643944
862.109,0.644046
871.776,0.644147
857.65,0.644248
852.343,0.644349
862.807,0.644447
855.847,0.644551
887.554,0.64465
859.575,0.644754
890.075,0.644851
864.259,0.644956
864.001,0.645055
863.15,0.645156
861.083,0.645258
874.26,0.645358
872.621,0.645459
877.938,0.64556
874.007,0.645661
873.038,0.645762
885.205,0.645861
887.297,0.645964
874.895,0.646063
882.828,0.646165
876.27,0.646266
864.601,0.646366
883.551,0.646468
868.464,0.646568
869.431,0.64667
876.347,0.64677
892.141,0.646871
885.222,0.646972
895.518,0.647073
878.954,0.647174
896.358,0.647274
881.612,0.647375
890.609,0.647478
881.585,0.647578
880.297,0.64768
875.838,0.64778
891.181,0.647881
894.249,0.647983
892.933,0.648084
887.721,0.648182
883.762,0.648284
874.28,0.648384
875.211,0.648487
887.841,0.648586
877.516,0.648688
886.721,0.648788
874.323,0.64889
850.662,0.64899
854.026,0.64909
869.629,0.649193
868.526,0.649294
851.669,0.649392
865.758,0.649496
851.519,0.649596
852.694,0.649698
852.747,0.649798
844.717,0.649899
855.481,0.65
844.172,0.650101
854.787,0.650202
852.238,0.650301
842.371,0.650403
832.638,0.650503
819.899,0.650604
823.476,0.650705
834.123,0.650806
836.527,0.650907
815.318,0.651008
827.497,0.651109
820.532,0.65121
827.883,0.65131
814.011,0.651411
820.566,0.651516
818.012,0.651614
838.232,0.651714
832.414,0.651815
840.775,0.651919
817.501,0.652018
840.435,0.65212
822.799,0.652221
837.736,0.652322
863.061,0.652423
846.033,0.652522
833.559,0.652623
845.905,0.652723
857.02,0.652826
880.967,0.652926
862.045,0.653027
845.604,0.653128
846.955,0.653228
852.562,0.653328
877.061,0.65343
868.717,0.65353
880.946,0.653633
895.242,0.653734
862.593,0.653835
882.484,0.653934
892.691,0.654036
868.728,0.654138
896.046,0.654237
886.943,0.65434
892.227,0.65444
869.126,0.654542
897.205,0.654641
890.739,0.654743
892.318,0.654842
870.719,0.654944
879.694,0.655044
875.746,0.655146
897.519,0.655246
903.788,0.655348
890.589,0.655449
904.806,0.655549
887.065,0.65565
887.717,0.655752
883.987,0.655852
905.902,0.655953
907.554,0.656055
882.777,0.656154
901.971,0.656258
900.028,0.656357
896.921,0.656458
880.67,0.656559
888.997,0.656661
900.186,0.65676
884.904,0.656862
878.248,0.656961
884.414,0.657063
896.178,0.657165
865.295,0.657264
888.122,0.657364
868.597,0.657467
876.267,0.657567
871.412,0.657669
847.389,0.657769
874.973,0.657868
857.166,0.657972
868.063,0.658071
854.786,0.658171
864.714,0.658275
851.355,0.658375
853.456,0.658474
831.173,0.658577
849.078,0.658677
832.611,0.658777
817.166,0.658879
828.699,0.658979
834.727,0.659083
830.084,0.659181
824.489,0.659283
800.743,0.659387
806.396,0.659485
829.812,0.659588
820.626,0.659685
781.838,0.65979
791.694,0.659886
793.081,0.659992
783.246,0.660088
782.451,0.660192
779.132,0.660291
775.02,0.660393
783.903,0.660495
741.621,0.660595
755.088,0.660697
740.253,0.660798
729.541,0.660896
726.059,0.660999
736.979,0.661097
745.14,0.661201
744.049,0.661304
758.649,0.6614
746.668,0.661502
735.066,0.6616
748.764,0.661708
715.468,0.661809
730.458,0.661908
737.862,0.662008
774.899,0.662108
760.787,0.66221
755.185,0.662312
765.748,0.662411
789.415,0.662511
792.797,0.662614
806.32,0.662715
824.594,0.662813
807.74,0.662912
814.113,0.663018
829.341,0.663119
821.98,0.663216
849.501,0.663319
853.644,0.663419
837.752,0.663521
836.271,0.66362
864.265,0.663723
842.36,0.663825
852.489,0.663927
859.582,0.664023
860.508,0.664127
873.662,0.664228
865.876,0.664325
850.183,0.664428
863.16,0.664528
879.103,0.664628
882.199,0.664732
850.915,0.664833
880.017,0.664936
880.905,0.665036
874.3,0.665136
864.009,0.665236
885.565,0.665336
859.993,0.665439
874.813,0.66554
872.918,0.66564
859.049,0.665741
857.387,0.665843
896.434,0.665945
873.984,0.666042
844.111,0.666146
872.47,0.666246
868.089,0.666346
854.843,0.666449
873.84,0.666548
889.358,0.666647
864.813,0.666749
848.661,0.666852
863.507,0.666952
878.162,0.667053
856.847,0.667154
866.901,0.667255
873.721,0.667355
865.867,0.667455
863.68,0.667558
855.146,0.667659
853.512,0.667759
878.197,0.667859
863.778,0.667962
843.427,0.668063
849.22,0.668162
869.309,0.668265
864.311,0.668363
852.078,0.668466
864.308,0.668568
866.945,0.668669
867.739,0.668768
869.426,0.668868
859.917,0.668971
872.59,0.66907
868.261,0.669172
870.961,0.669274
863.977,0.669373
870.43,0.669473
866.48,0.669575
866.472,0.669677
871.181,0.669778
833.837,0.669877
851.485,0.669977
851.665,0.670082
844.759,0.670179
852.024,0.670283
851.535,0.670382
850.425,0.670484
848.96,0.670584
833.093,0.670688
840.684,0.670788
847.469,0.670888
839.596,0.670989
851.879,0.671087
854.958,0.671191
853.642,0.671289
856.7,0.67139
842.14,0.671496
839.667,0.671593
832.324,0.671695
828.885,0.671798
854.345,0.671893
870.619,0.671997
836.573,0.672099
843.967,0.6722
861.398,0.6723
842.171,0.6724
841.693,0.672502
855.557,0.672604
859.027,0.672706
858.514,0.672806
851.788,0.672906
864.505,0.673007
869.999,0.67311
868.612,0.673209
862.975,0.673308
889.155,0.673413
881.78,0.67351
887.352,0.673612
881.282,0.673712
885.723,0.673814
889.202,0.673915
896.725,0.674016
888.336,0.674116
868.385,0.674217
877.383,0.674317
890.08,0.67442
896.788,0.674522
880.481,0.674619
883.919,0.674723
887.871,0.674822
872.223,0.674924
878.308,0.675025
899.969,0.675126
883.735,0.675228
864.209,0.675327
902.443,0.675428
883.353,0.675528
885.594,0.67563
873.584,0.675731
893.972,0.675833
882.776,0.675933
891.12,0.676032
884.037,0.676136
883.903,0.676236
875.775,0.676336
885.919,0.676436
866.897,0.676538
884.042,0.676639
875.255,0.676739
875.147,0.67684
871.989,0.676943
863.388,0.677042
884.491,0.677146
873.918,0.677244
880.505,0.677345
879.416,0.677446
871.742,0.677548
860.629,0.677648
857.575,0.677748
863.352,0.677849
877.04,0.677951
866.122,0.678053
862.598,0.678153
867.039,0.678255
850.358,0.678354
874.265,0.678454
869.711,0.678557
864.923,0.678657
848.624,0.678758
861.22,0.67886
863.438,0.67896
853.131,0.679061
847.741,0.67916
849.137,0.679264
853.599,0.679365
841.482,0.679462
837.065,0.679568
822.886,0.679666
824.584,0.679769
827.977,0.679867
825.344,0.679968
818.213,0.68007
810.247,0.680171
818.728,0.68027
828.369,0.680371
800.51,0.680475
791.391,0.680576
784.819,0.680675
794.725,0.680773
792.985,0.680876
775.257,0.680976
819.608,0.681081
766.313,0.681181
797.422,0.681281
763.938,0.681378
774.996,0.68148
764.672,0.681583
792.152,0.681686
762.285,0.681783
750.628,0.681888
758.419,0.68199
752.333,0.682085
742.226,0.682189
749.327,0.682291
714.379,0.682391
763.962,0.682492
764.655,0.682595
758.748,0.682695
768.604,0.682795
771.131,0.682898
774.142,0.682995
792.678,0.683099
818.133,0.683197
778.33,0.683298
811.826,0.683398
771.747,0.683503
828.183,0.683602
832.214,0.683704
818.27,0.683804
813.254,0.683904
826.235,0.684005
830.666,0.684104
829.629,0.684207
853.39,0.684309
856.36,0.684408
836.589,0.684511
849.995,0.684611
864.114,0.68471
836.492,0.684815
850.207,0.684914
856.763,0.685015
855.275,0.685116
865.672,0.685215
856.625,0.685318
860.158,0.685418
856.563,0.685517
863.3,0.685622
860.049,0.685719
867.046,0.685822
856.72,0.685923
863.035,0.686022
861.138,0.686124
869.159,0.686226
848.784,0.686327
869.903,0.686429
882.306,0.686529
854.837,0.686629
865.354,0.68673
867.015,0.686831
876.916,0.686932
880.29,0.687033
876.807,0.687133
874.801,0.687235
873.137,0.687336
849.806,0.687436
871.741,0.687536
862.987,0.687638
859.358,0.687739
870.054,0.68784
854.949,0.687941
889.329,0.688042
885.495,0.688143
870.484,0.688244
872.712,0.688342
876.634,0.688446
883.569,0.688544
887.945,0.688647
893.333,0.688747
877.277,0.688849
880.487,0.68895
895.059,0.689051
871.535,0.689152
872.607,0.689253
865.314,0.689354
875.726,0.689456
874.185,0.689555
870.818,0.689655
884.207,0.689757
858.468,0.689858
881.098,0.689959
875.476,0.69006
886.366,0.69016
848.476,0.690261
859.43,0.690362
862.268,0.690461
855.883,0.690565
874.827,0.690665
866.901,0.690766
866.498,0.690864
865.739,0.690971
864.134,0.691067
851.48,0.691172
841.347,0.69127
846.007,0.691371
852.046,0.691472
859.012,0.691574
843.548,0.691676
855.867,0.691775
809.504,0.691875
817.778,0.691978
829.274,0.69208
822.397,0.692176
833.883,0.692281
832.777,0.69238
841.545,0.692482
835.615,0.692583
828.102,0.692682
842.434,0.692785
833.515,0.692883
796.595,0.692985
843.903,0.693085
837.204,0.69319
851.63,0.693288
833.772,0.69339
844.056,0.693491
859.046,0.693593
878.587,0.693695
865.15,0.693793
866.959,0.693896
866.813,0.693996
877.837,0.694096
862.046,0.694198
866.18,0.694297
885.976,0.694399
883.238,0.6945
873.807,0.694601
875.476,0.6947
869.124,0.694803
873.29,0.694902
889.489,0.695004
873.432,0.695104
897.951,0.695206
883.576,0.695307
872.055,0.695409
868.962,0.695507
892.764,0.69561
882.535,0.695712
891.117,0.695811
903.534,0.695914
891.851,0.696016
901.283,0.696116
891.567,0.696216
890.392,0.696315
892.499,0.696417
892.075,0.696519
894.335,0.696618
886.605,0.696722
870.818,0.69682
893.13,0.696923
887.27,0.697022
891.644,0.697123
890.133,0.697225
888.803,0.697325
891.051,0.697426
881.941,0.697525
897.023,0.697628
884.96,0.697728
909.412,0.697831
892.014,0.697931
899.599,0.698032
885.922,0.698133
883.057,0.698234
882.456,0.698336
881.482,0.698435
875.446,0.698537
875.625,0.698636
883.873,0.698738
879.09,0.69884
874.304,0.698941
876.982,0.699042
882.667,0.69914
873.592,0.699243
872.357,0.699344
867.473,0.699445
864.439,0.699544
848.514,0.699648
846.821,0.699747
834.717,0.699849
858.591,0.69995
825.773,0.70005
817.384,0.700148
841.639,0.700251
810.717,0.70035
829.335,0.700456
816.809,0.700555
808.049,0.700656
809.52,0.700755
809.432,0.700858
796.909,0.700956
801.193,0.701058
800.07,0.701162
778.299,0.701259
776.054,0.701362
757.446,0.701464
762.093,0.701562
755.411,0.701666
749.315,0.701763
771.172,0.701866
753.913,0.701969
742.294,0.702068
761.021,0.702167
773.044,0.702269
763.265,0.702369
745.443,0.702471
747.674,0.702571
761.488,0.702674
781.506,0.702774
739.922,0.702873
770.095,0.702977
764.764,0.703079
744.872,0.703178
727.183,0.703275
771.678,0.703381
764.194,0.703481
779.014,0.703584
812.827,0.703685
795.184,0.703782
809.721,0.703884
827.801,0.703987
808.118,0.704084
849.909,0.704189
815.361,0.704285
827.827,0.704393
840.259,0.70449
824.594,0.704589
850.856,0.704691
861.082,0.704792
856.368,0.704894
852.035,0.704994
867.325,0.705095
849.934,0.705195
881.475,0.705298
876.823,0.705399
895.342,0.705499
886.08,0.705599
869.918,0.7057
876.03,0.7058
886.318,0.705903
897.107,0.706005
881.448,0.706104
891.02,0.706207
891.093,0.706306
873.735,0.706407
876.997,0.706509
874.932,0.706609
877.5,0.706709
887.835,0.70681
894.878,0.706909
875.027,0.707011
890.75,0.707113
876.334,0.707214
888.692,0.707314
876.211,0.707416
873.731,0.707516
877.113,0.707619
876.836,0.707718
884.454,0.70782
878.004,0.70792
875.163,0.708022
879.909,0.708125
874.66,0.708223
874.974,0.708323
870.017,0.708425
877.154,0.708526
872.622,0.708628
869.844,0.708727
881.648,0.708829
878.143,0.708929
872.906,0.709029
867.924,0.709131
861.888,0.709232
873.239,0.709333
884.933,0.709432
849.227,0.709536
880.034,0.709637
875.314,0.709737
865.847,0.709836
853.983,0.709941
869.187,0.710039
854.281,0.710141
873.915,0.710242
858.489,0.710342
848.149,0.710443
854.841,0.710544
855.745,0.710645
869.805,0.710745
867.541,0.710846
853.315,0.710948
857.175,0.711049
854.975,0.711149
860.005,0.711252
843.321,0.711351
847.884,0.71145
848.757,0.711554
845.617,0.711654
854.267,0.711756
842.975,0.711856
826.264,0.711957
843.136,0.712057
837.999,0.712158
852.721,0.71226
826.355,0.712361
829.87,0.712461
825.99,0.712563
820.078,0.712664
855.915,0.712763
860.477,0.712865
825.312,0.712966
850.393,0.713065
846.915,0.713169
837.4,0.713268
849.535,0.71337
832.944,0.713471
839.438,0.713569
844.889,0.713673
852.864,0.713772
853.182,0.713871
838.64,0.713974
871.328,0.714077
872.711,0.714174
885.202,0.714279
868.947,0.714379
871.764,0.71448
868.764,0.714581
877.948,0.714681
885.708,0.714784
896.146,0.714884
876.344,0.714985
902.226,0.715085
893.411,0.715186
878.252,0.715288
880.443,0.715388
898.333,0.715488
882.054,0.715591
890.282,0.71569
888.094,0.715792
869.068,0.715892
893.075,0.71599
875.815,0.716095
874.23,0.716196
879.244,0.716295
867.093,0.716398
894.493,0.716497
899.715,0.716597
878.271,0.716701
876.472,0.716801
887.031,0.716901
890.815,0.717002
869.211,0.717104
867.903,0.717204
887.554,0.717305
879.166,0.717406
852.897,0.717507
888.617,0.717607
863.818,0.717709
879.379,0.717809
870.884,0.717909
886.859,0.71801
893.357,0.718112
875.134,0.718214
879.855,0.718314
877.889,0.718415
874.968,0.718516
864.819,0.718618
874.853,0.718717
875.594,0.71882
862.69,0.718918
868.924,0.719022
863.683,0.719121
855.556,0.719223
851.165,0.719322
865.89,0.719424
860.405,0.719525
876.153,0.719626
849.461,0.719728
834.047,0.719827
854.885,0.719926
862.301,0.720031
874.119,0.720128
854.494,0.720232
857.532,0.720331
852.552,0.720431
839.304,0.720535
847.972,0.720633
830.047,0.720737
828.926,0.720836
834.182,0.720941
836.604,0.721038
832.632,0.721143
821.501,0.721238
829.059,0.721345
815.44,0.721446
803.114,0.721541
808.871,0.721646
828.342,0.721744
811.354,0.721843
806.774,0.721947
785.264,0.722047
780.696,0.722149
767.89,0.722251
775.327,0.72235
781.838,0.722452
789.439,0.722553
750.672,0.722651
748.272,0.722752
766.09,0.722855
761.132,0.722954
749.4,0.723054
768.332,0.723161
744.708,0.723259
772.676,0.723361
751.243,0.723461
765.118,0.723562
753.379,0.72366
746.204,0.723764
766.211,0.723864
755.813,0.723966
764.212,0.724066
782.728,0.724166
776.69,0.724269
786.683,0.724365
808.42,0.72447
792.925,0.72457
829.287,0.724672
820.807,0.724771
827.815,0.724874
836.042,0.724972
834.365,0.725076
827.965,0.725175
845.376,0.725277
826.876,0.725376
863.99,0.725477
851.86,0.725579
858.657,0.725679
841.953,0.725781
844.88,0.725884
867.554,0.725983
849.255,0.726083
854.003,0.726186
869.206,0.726284
847.648,0.726387
846.179,0.726489
870.812,0.726589
869.359,0.726689
870.884,0.726792
874.694,0.72689
869.708,0.726992
856.639,0.727093
879.182,0.727194
868.442,0.727295
860.282,0.727397
878.507,0.727495
859.096,0.727598
861.915,0.727698
866.591,0.727799
870.208,0.7279
855.78,0.728
865.006,0.728102
867.261,0.728205
881.13,0.728303
872.369,0.728407
863.808,0.728506
866.304,0.728607
883.542,0.728708
860.85,0.72881
881.368,0.728909
880.302,0.72901
878.799,0.729111
887.229,0.729212
864.043,0.729313
864.991,0.729415
887.671,0.729514
881.262,0.729617
884.721,0.729715
871.121,0.729818
874.421,0.729917
866.348,0.730019
890.827,0.730119
888.403,0.730223
874.645,0.730322
881.375,0.730425
897.446,0.730524
877.354,0.730623
868.612,0.730727
888.744,0.730827
873.061,0.730928
873.607,0.73103
887.347,0.731129
868.254,0.731232
889.031,0.731332
873.122,0.731433
889.816,0.731533
865.466,0.731634
880,0.731736
880.907,0.731838
866.271,0.731936
862,0.732037
852.809,0.732138
844.841,0.73224
837.848,0.732338
843.771,0.732444
832.496,0.732541
855.455,0.732642
855.556,0.732745
849.186,0.732846
833.035,0.732947
857.713,0.733048
816.636,0.73315
835.918,0.733249
839.575,0.733348
819.919,0.733452
822.121,0.733552
832.1,0.733649
797.473,0.733751
826.752,0.733856
837.813,0.733954
839.919,0.734057
822.065,0.734157
833.657,0.734257
815.621,0.734359
844.171,0.734459
838.751,0.734559
852.589,0.734663
848.382,0.734765
837.588,0.734861
870.819,0.734966
860.576,0.735064
875.844,0.735166
832.938,0.735267
865.654,0.735369
878.616,0.73547
874.952,0.735569
868.971,0.735671
878.684,0.735772
870.735,0.735873
870.595,0.735971
886.697,0.736075
891.471,0.736175
878.6,0.736276
877.713,0.736376
889.135,0.736477
877.146,0.73658
887.584,0.736677
876.621,0.73678
862.555,0.736879
874.74,0.736981
870.102,0.737083
885.823,0.737182
878.7,0.737285
873.151,0.737385
883.973,0.737488
889.76,0.737587
882.841,0.737689
893.546,0.737788
876.937,0.73789
905.625,0.737991
886.614,0.738093
895.09,0.738192
886.329,0.738294
890.897,0.738395
887.934,0.738497
898.159,0.738597
891.982,0.738696
877.709,0.738799
885.396,0.738898
889.099,0.739001
885.124,0.739102
872.511,0.739201
879.051,0.739303
883.346,0.739402
904.329,0.739506
882.264,0.739604
888.094,0.739707
882.169,0.739807
873.43,0.739911
873.771,0.740008
871.773,0.740109
867.855,0.740212
868.626,0.740311
862.811,0.740413
857.428,0.740514
860.672,0.740615
840.414,0.740715
864.824,0.740819
865.138,0.74092
850.946,0.741018
848.965,0.741119
829.52,0.741222
847.071,0.741321
832.825,0.74142
829.524,0.741524
827.286,0.741624
811.927,0.741723
814.036,0.741826
799.905,0.741926
790.304,0.742029
804.441,0.742129
809.245,0.742229
779.457,0.742331
747.662,0.742432
768.07,0.742531
758.289,0.742634
739.133,0.742736
777.574,0.742831
765.498,0.742937
745.029,0.743034
776.733,0.743138
719.858,0.743239
738.446,0.743339
740.584,0.743441
750.502,0.743541
731.368,0.743646
730.913,0.743744
733.057,0.743843
740.248,0.743944
742.196,0.744043
755.966,0.744146
749.489,0.744248
735.611,0.744347
760.594,0.744449
779.606,0.74455
782.46,0.744652
791.571,0.744756
786.014,0.744851
767.508,0.744953
798.269,0.745056
795.222,0.745155
819.026,0.745255
833.613,0.745358
811.324,0.745459
821.631,0.745558
844.325,0.74566
827.291,0.745758
851.015,0.745863
842.586,0.745962
853.692,0.746064
851.344,0.746165
858.539,0.746268
861.573,0.746365
867.241,0.746467
872.073,0.746569
855.983,0.746669
841.926,0.74677
867.174,0.746871
870.722,0.74697
859.31,0.747073
880.075,0.747174
885.505,0.747275
873.614,0.747376
893.791,0.747476
884.166,0.747577
885.428,0.747679
883.565,0.747778
867.26,0.747882
867.802,0.74798
893.397,0.748082
888.663,0.748182
886.537,0.748283
874.053,0.748383
869.753,0.748485
893.455,0.748585
884.505,0.748687
875.644,0.74879
878.79,0.748887
875.659,0.74899
864.432,0.749092
872.722,0.749192
871.942,0.749294
866.166,0.749394
872.14,0.749494
857.463,0.749595
869.73,0.749697
863.226,0.749796
874.342,0.749901
866.69,0.749998
849.75,0.750101
879.411,0.750199
856.426,0.750302
858.553,0.750404
845.758,0.750505
864.181,0.750603
865.412,0.750704
852.186,0.750806
864.314,0.750907
841.846,0.751008
869.429,0.751109
872.648,0.751211
865.334,0.751311
871.448,0.75141
867.395,0.751514
865.635,0.751613
860.31,0.751716
866.115,0.751814
853.318,0.751916
860.194,0.752018
849.689,0.752118
845.825,0.752217
849.913,0.752321
847.899,0.752421
848.31,0.752521
839.174,0.752625
836.609,0.752721
814.897,0.752827
849.645,0.752926
842.173,0.753026
821.4,0.753127
823.199,0.753226
832.626,0.753329
839.886,0.75343
824.587,0.753534
832.982,0.753629
836.413,0.753734
833.643,0.753832
840.057,0.753937
826.955,0.754037
832.288,0.754138
815.038,0.754235
822.972,0.754338
837.568,0.754436
842.914,0.754542
855.279,0.754643
830.909,0.754741
840.098,0.754845
860.9,0.754942
840.241,0.755046
835.204,0.755142
841.857,0.755245
858.651,0.755347
854.657,0.755449
873.282,0.755547
877.457,0.755653
860.97,0.75575
867.297,0.755852
868.078,0.755955
867.108,0.756054
888.581,0.756154
881.854,0.756256
875.938,0.756357
877.252,0.756456
885.536,0.756558
881.513,0.756659
877.875,0.756761
887.915,0.756859
890.401,0.756964
891.676,0.757062
876.478,0.757164
883.655,0.757265
893.476,0.757364
886.643,0.757466
905.452,0.757567
877.508,0.757669
885.309,0.757768
874.153,0.757871
887.547,0.757971
881.734,0.758072
883.763,0.758172
877.354,0.758274
877.838,0.758375
872.505,0.758477
875.765,0.758578
882.285,0.758676
862.377,0.758777
873.491,0.758879
875.393,0.75898
862.008,0.75908
876.249,0.759181
868.669,0.759284
870.383,0.759383
876.36,0.759484
886.573,0.759584
870.512,0.759686
854.781,0.759786
866.012,0.75989
850.583,0.759988
876.533,0.760089
848.765,0.760191
858.839,0.760292
854.255,0.760393
874.484,0.760494
859.277,0.760596
848.685,0.760696
840.869,0.760796
839.83,0.760897
836.953,0.760998
837.958,0.761098
850.184,0.761199
856.202,0.761302
849.038,0.7614
829.954,0.761506
845.72,0.761603
833.964,0.761702
810.044,0.761806
816.458,0.761907
829.922,0.762008
821.834,0.762106
806.988,0.762213
819.89,0.76231
817.854,0.76241
797.444,0.762509
795.462,0.762614
790.499,0.762711
779.739,0.762814
788.287,0.762913
797.671,0.763017
759.726,0.763117
765.624,0.763216
791.338,0.763319
761.24,0.763414
798.639,0.763522
758.324,0.763621
771.868,0.763724
758.688,0.763824
778.414,0.763924
738.585,0.764024
758.165,0.764125
772.018,0.764225
782.181,0.764325
742.55,0.764431
710.327,0.76453
771.051,0.764631
773.565,0.764732
765.674,0.764835
794.278,0.764931
778.059,0.765034
782.487,0.765133
794.334,0.765236
789.225,0.765338
809.469,0.765437
819.34,0.765539
817.248,0.765642
834.522,0.76574
800.018,0.765843
844.388,0.765944
847.665,0.766042
860.177,0.766143
847.717,0.766246
834.324,0.766346
842.172,0.766448
838.683,0.766549
826.734,0.766648
842.9,0.766749
842.586,0.766851
842.892,0.766951
845.433,0.767052
846.124,0.767151
848.568,0.767255
848.05,0.767354
867.944,0.767458
860.986,0.767557
869.659,0.767659
856.141,0.767758
868.038,0.76786
877.772,0.767963
852.324,0.768062
884.237,0.768163
861.22,0.768263
850.242,0.768365
883.094,0.768464
868.832,0.768567
863.933,0.768667
877.271,0.768767
857.882,0.768869
883.02,0.768969
858.976,0.769071
859.898,0.76917
861.5,0.769272
867.343,0.769374
853.912,0.769473
872.911,0.769576
859.959,0.769676
853.954,0.769777
862.826,0.769877
861.741,0.769979
871.008,0.770081
870.444,0.770181
871.176,0.770282
872.883,0.770383
851.558,0.770484
867.856,0.770584
855.419,0.770686
875.477,0.770786
865.921,0.770888
857.458,0.770987
857.421,0.771089
866.892,0.77119
858.352,0.77129
869.711,0.771391
873.544,0.771493
868.692,0.771592
884.162,0.771694
872.11,0.771796
879.897,0.771895
876.371,0.771997
867.732,0.772097
875.954,0.7722
863.427,0.772299
877.648,0.772401
856.352,0.772502
882.751,0.772604
864.724,0.772705
855.313,0.772801
870.786,0.772906
866.422,0.773007
869.011,0.773106
856.629,0.773209
865.649,0.77331
855.665,0.773411
878.406,0.77351
867.34,0.773613
843.932,0.77371
856.374,0.773813
856.209,0.773914
835.417,0.774017
849.468,0.774117
861.452,0.774218
823.307,0.774315
815.822,0.774419
839.605,0.774518
826.956,0.774618
830.26,0.774723
847.356,0.774823
867.702,0.774921
831.034,0.775025
831.222,0.775127
840.671,0.775224
837.924,0.775327
849.482,0.77543
844.142,0.775529
854.196,0.775629
841.708,0.775731
843.747,0.775829
840.303,0.775934
848.625,0.776032
846.17,0.776134
855.113,0.776235
849.488,0.776337
851.078,0.776436
864.568,0.776539
868.15,0.77664
864.045,0.776741
873.015,0.776839
867.152,0.776944
866.804,0.777043
871.01,0.777144
875.325,0.777243
866.429,0.777347
858.485,0.777446
875.662,0.777548
878.973,0.777648
860.823,0.77775
885.889,0.77785
868.549,0.777951
862.045,0.778051
875.759,0.778151
879.64,0.778253
881.431,0.778352
897.755,0.778456
880.272,0.778557
877.98,0.778657
871.925,0.778759
851.001,0.778859
882.083,0.778961
854.06,0.779061
888.719,0.779162
870.547,0.779262
885.696,0.779363
873.527,0.779465
875.645,0.779565
880.331,0.779667
879.005,0.779766
887.452,0.779867
880.486,0.779969
883.742,0.780069
884.632,0.780169
874.827,0.780271
893.807,0.780369
886.841,0.780474
887.797,0.780572
879.04,0.780676
894.263,0.780777
863.506,0.780877
881.166,0.780978
872.551,0.78108
864.627,0.78118
873.49,0.781282
853.008,0.781381
859.744,0.781481
850.568,0.781585
855.351,0.781682
853.744,0.781785
862.941,0.781884
845.068,0.781986
833.852,0.782089
832.753,0.782188
831.44,0.782289
840.642,0.782392
854.16,0.78249
826.58,0.78259
810.589,0.78269
827.957,0.782795
817.291,0.782895
802.874,0.782997
801.942,0.783095
784.36,0.783198
793.167,0.783301
772.594,0.783397
764.717,0.783502
755.937,0.783601
782.116,0.783702
763.365,0.783798
755.278,0.783905
757.172,0.784004
751.865,0.784106
758.385,0.784207
723.915,0.784309
733.433,0.784414
728.745,0.784513
734.421,0.784608
735.794,0.784712
763.626,0.78481
714.258,0.78491
745.976,0.785012
719.879,0.785114
720.289,0.785216
762.29,0.785314
773.52,0.785418
780.111,0.785517
790.528,0.78562
781.788,0.78572
781.672,0.785823
794.784,0.785923
801.019,0.786024
814.479,0.786124
834.916,0.786226
840.556,0.786327
838.143,0.786429
846.436,0.78653
830.49,0.786627
863.037,0.786732
848.225,0.786831
841.236,0.786932
828.949,0.787034
845.451,0.787134
859.148,0.787233
858.824,0.787337
872.485,0.787436
844.975,0.787536
853.535,0.787638
860.833,0.787737
872.268,0.787839
876.705,0.787941
865.35,0.788041
869.283,0.788141
852.956,0.788243
890.184,0.788344
876.315,0.788445
874.521,0.788547
897.422,0.788646
886.764,0.788748
871.874,0.788849
891.651,0.788951
892.627,0.789049
883.201,0.789152
884.866,0.789252
885.841,0.789353
881.462,0.789454
873.903,0.789554
881.083,0.789656
886.803,0.789756
909.476,0.789858
864.453,0.789957
875.501,0.79006
902.398,0.790158
885.013,0.79026
892.916,0.790363
888.245,0.790463
887.831,0.790564
864.529,0.790666
869.601,0.790766
891.239,0.790865
863.982,0.790968
879.667,0.791071
877.829,0.791169
879.248,0.79127
863.393,0.791371
855.712,0.791473
872.505,0.791573
859.532,0.791676
866.298,0.791775
869.841,0.791878
885.489,0.791976
861.67,0.792079
876.431,0.792178
861.093,0.79228
867.716,0.792379
860.944,0.792481
862.975,0.792582
862.498,0.792683
836.172,0.792785
861.554,0.792884
853.021,0.792987
859.469,0.793088
860.395,0.793188
859.573,0.793287
857.229,0.79339
841.507,0.793492
856.151,0.793592
851.08,0.793693
838.561,0.79379
839.303,0.793895
847.636,0.793996
838.502,0.794099
828.231,0.794197
832.397,0.794297
823.972,0.794399
835.474,0.794498
841.239,0.7946
818.437,0.794702
798.449,0.7948
800.141,0.794902
838.713,0.795005
833.227,0.795104
837.522,0.795206
826.088,0.795304
813.246,0.795407
846.306,0.795509
841.872,0.795611
833.656,0.795708
847.967,0.795813
813.609,0.795911
841.474,0.796012
848.284,0.796115
843.462,0.796214
849.628,0.796315
826.812,0.796418
840.879,0.796518
865.098,0.796617
860.879,0.796719
846.454,0.79682
854.553,0.796921
883.338,0.797024
853.674,0.797124
860.464,0.797222
880.254,0.797325
883.4,0.797427
887.506,0.797526
898.364,0.797629
890.672,0.79773
891.488,0.79783
882.807,0.79793
888.517,0.798032
869.554,0.798131
880.727,0.798234
896.033,0.798333
869.866,0.798437
880.384,0.798535
906.59,0.798637
868.809,0.798737
897.139,0.798839
877.794,0.79894
878.352,0.799039
877.708,0.799142
865.951,0.799243
872.168,0.799342
887.796,0.799444
871.689,0.799545
871.06,0.799646
869.231,0.799746
867.433,0.799849
861.164,0.799949
865.155,0.80005
852.891,0.800151
860.23,0.800251
880.159,0.800353
874.745,0.800452
854.022,0.800554
870.479,0.800654
857.847,0.800757
857.057,0.800856
853.013,0.800957
857.065,0.801057
852.736,0.801159
844.191,0.801258
849.903,0.801362
845.023,0.801461
861.568,0.801563
853.817,0.801663
855.222,0.801764
839.832,0.801867
849.028,0.801967
829.571,0.802067
841.75,0.802167
833.497,0.802269
823.755,0.802368
836.448,0.802473
830.619,0.802571
830.314,0.802676
806.336,0.802775
807.954,0.802872
801.054,0.802976
805.373,0.803078
815.086,0.803175
804.501,0.803279
803.447,0.803378
816.494,0.803479
804.176,0.803581
793.86,0.803682
778.132,0.803781
804.999,0.803885
818.248,0.803985
776.504,0.804085
784.06,0.804188
775.315,0.804288
776.565,0.804389
768.555,0.804488
729.833,0.804592
771.225,0.804688
741.785,0.804794
754.524,0.804894
754.393,0.804994
784.428,0.805096
760.382,0.805194
792.601,0.805298
768.74,0.805396
791.586,0.805498
761.86,0.805597
792.434,0.805702
797.657,0.805799
782.646,0.805903
799.684,0.806004
800.054,0.806105
799.853,0.806204
801.814,0.806306
818.225,0.806406
823.985,0.806508
860.939,0.806604
815.816,0.806712
854.213,0.806809
843.509,0.806911
851.413,0.807012
875.558,0.807112
861.287,0.807213
859.426,0.807316
876.279,0.807418
863.662,0.807516
847.971,0.807618
871.591,0.807719
864.894,0.80782
868.093,0.807921
875.672,0.808021
864.487,0.808123
862.638,0.808223
857.325,0.808323
876.995,0.808427
883.32,0.808525
855.153,0.808625
875.223,0.808726
875.353,0.808829
849.533,0.808929
862.648,0.809028
869.428,0.809132
874.889,0.809232
874.26,0.809333
872.331,0.809434
862.901,0.809534
861.089,0.809636
880.582,0.809739
866.614,0.809836
890.32,0.809938
871.075,0.810038
877.486,0.81014
867.595,0.810242
890.567,0.81034
869.852,0.810444
866.072,0.810544
865.673,0.810646
873.584,0.810745
873.141,0.810846
897.455,0.810948
865.283,0.811049
882.699,0.811147
877.624,0.811251
866.22,0.811351
876.463,0.811451
855.976,0.811553
877.335,0.811655
880.047,0.811756
873.054,0.811854
883.692,0.811958
877.285,0.812057
868.839,0.812159
870.768,0.812259
872.755,0.812362
864.043,0.812461
876.899,0.812561
856.145,0.812665
856.812,0.812765
852.381,0.812863
873.313,0.812965
862.9,0.813066
860.911,0.813167
872.674,0.813269
874.9,0.813368
860.645,0.813469
877.38,0.81357
858.732,0.813672
862.826,0.813773
863.41,0.813873
865.113,0.813975
872.82,0.814076
864.918,0.814177
859.1,0.814277
847.936,0.814379
862.315,0.814478
857.928,0.81458
862.627,0.814681
850.475,0.814782
852.675,0.814884
852.673,0.814983
843.25,0.815086
830.093,0.815184
847.222,0.815286
852.426,0.815388
849.867,0.815486
832.872,0.815588
823.886,0.81569
802.326,0.815792
822.514,0.815893
836.923,0.815991
830.8,0.816094
820.967,0.816197
811.039,0.816294
825.782,0.816396
826.019,0.816498
820.838,0.816599
850.65,0.816699
825.609,0.8168
834.509,0.816901
839.443,0.817003
829.373,0.817102
843.597,0.817204
826.482,0.817306
853.394,0.817402
839.06,0.817507
836.136,0.817604
847.711,0.81771
856.322,0.817808
841.459,0.817911
861.192,0.818011
845.128,0.818112
845.634,0.818212
847.935,0.818315
873.99,0.818415
859.404,0.818516
862.51,0.818617
865.521,0.818718
853.81,0.818819
887.224,0.818918
855.852,0.81902
855.963,0.819122
885.772,0.81922
869.67,0.819323
845.112,0.819424
859.53,0.819525
855.796,0.819624
861.712,0.819727
864.726,0.819826
854.213,0.81993
875.254,0.820027
857.847,0.82013
848.411,0.82023
863.443,0.820331
883.294,0.820433
856.146,0.820534
883.169,0.820635
849.715,0.820735
862.237,0.820838
873.307,0.820938
857.117,0.821038
871.324,0.82114
865.076,0.821241
851.289,0.821341
841.836,0.821443
870.921,0.821544
843.977,0.821644
864.124,0.821744
858.301,0.821845
875.646,0.821946
879.032,0.822048
861.506,0.822149
844.03,0.822249
841.204,0.822349
857.907,0.822454
867.586,0.82255
846.808,0.822652
868.973,0.822752
844.118,0.822853
835.015,0.822951
836.215,0.823057
854.622,0.823157
846.151,0.823258
829.691,0.82336
830.657,0.823461
809.236,0.823559
808.885,0.82366
809.336,0.823763
807.509,0.823865
799.305,0.823967
801.809,0.824064
785.121,0.824168
780.743,0.824266
779.081,0.824365
768.64,0.824468
763.712,0.824572
789.479,0.824674
781.062,0.82477
767.278,0.824872
753.049,0.824971
731.769,0.825075
721.515,0.825174
744.825,0.825274
750.711,0.825379
734.383,0.825477
745.798,0.825582
741.307,0.825677
737.863,0.825781
744.276,0.825885
747.75,0.825984
742.381,0.826083
760.62,0.826187
754.752,0.826283
778.875,0.826386
758.196,0.826487
767.958,0.826587
786.211,0.826688
771.018,0.826792
815.713,0.826892
791.048,0.826991
814.473,0.827093
831.66,0.827195
817.614,0.827293
837.028,0.827395
839.211,0.827496
831.547,0.827597
844.304,0.827698
836.695,0.827798
845.278,0.827901
844.734,0.828001
851.02,0.828102
860.665,0.828203
839.679,0.828304
845.672,0.828404
874.778,0.828505
863.936,0.828605
862.784,0.828707
869.777,0.828807
878.058,0.828909
867.867,0.829011
869.369,0.829111
872.944,0.829211
866.735,0.829312
867.971,0.829415
871.356,0.829513
877.209,0.829617
870.08,0.829715
880.843,0.829817
893.435,0.829919
875.128,0.830019
881.39,0.830122
891.86,0.830221
874.674,0.830322
890.251,0.830423
899.569,0.830523
885.077,0.830626
876.31,0.830725
875.074,0.830827
870.938,0.830926
877.798,0.831029
880.951,0.831128
888.953,0.831231
887.291,0.831331
889.193,0.831432
892.454,0.831533
871.463,0.831634
881.862,0.831734
889.632,0.831835
883.8,0.831937
878.808,0.832037
879.801,0.832138
872.936,0.832239
869.749,0.83234
863.066,0.83244
881.728,0.83254
871.163,0.832644
870.82,0.832744
855.787,0.832845
863.772,0.832944
863.281,0.833046
861.011,0.833148
856.836,0.833248
847.638,0.833349
850.818,0.83345
855.048,0.83355
862.302,0.833651
857.765,0.833752
863.502,0.833853
848.276,0.833953
857.936,0.834056
841.111,0.834155
849.832,0.834258
850.372,0.834357
845.186,0.83446
839.136,0.83456
834.962,0.834662
857.31,0.834762
841.564,0.834865
845.984,0.834964
837.901,0.835064
831.6,0.835168
817.649,0.835266
826.368,0.835367
811.259,0.835467
827.531,0.835571
813.749,0.835669
808.721,0.835772
814.613,0.83587
823.474,0.83597
827.277,0.836071
814.806,0.836177
830.144,0.836271
812.424,0.836377
808.484,0.836477
795.027,0.836576
828.315,0.83668
829.362,0.83678
826.662,0.836885
794.744,0.836978
834.98,0.837084
830.821,0.837184
843.126,0.837285
821.129,0.837383
829.411,0.837486
826.188,0.837588
828.83,0.837688
835.838,0.837787
822.206,0.837891
841.419,0.837989
834.035,0.838091
862.558,0.838193
848.457,0.838292
844.87,0.838393
835.133,0.838495
847.498,0.838596
850.248,0.838697
876.06,0.838798
839.753,0.838899
858.821,0.838998
877.771,0.839102
876.018,0.839201
855.932,0.839304
856.923,0.839404
864.488,0.839503
867.696,0.839605
863.645,0.839705
875.856,0.839809
879.114,0.839907
875.043,0.840008
853.814,0.84011
856.84,0.840209
866.679,0.840312
867.749,0.840411
877.524,0.840512
874.67,0.840615
855.097,0.840715
864.944,0.840816
860.496,0.840916
859.821,0.841019
858.407,0.841119
867.202,0.841218
861.265,0.841321
849.107,0.841422
840.3,0.841523
862.163,0.841624
826.947,0.841725
829.526,0.841823
833.675,0.841925
844.765,0.842027
831.847,0.842129
842.88,0.842228
823.277,0.842331
844.745,0.842432
850.69,0.84253
828.147,0.842634
825.945,0.842733
826.154,0.842832
815.407,0.842937
830.585,0.843037
818.427,0.843138
806.694,0.843237
833.505,0.84334
814.424,0.843436
826.559,0.843542
782.269,0.843642
810.293,0.843741
820.712,0.843843
803.26,0.843944
789.27,0.844044
778.853,0.844146
802.296,0.84425
791.801,0.84435
792.609,0.84445
781.969,0.84455
780.316,0.84465
756.279,0.844752
763.6,0.844852
754.863,0.844954
768.442,0.845053
738.085,0.845155
779.032,0.845254
752.431,0.845358
739.515,0.845458
747.48,0.84556
757.371,0.845658
753.991,0.845764
756.549,0.845863
759.997,0.845961
770.71,0.846061
798.199,0.846165
754.284,0.846264
766.32,0.846369
788.739,0.846465
774.387,0.846569
770.121,0.846667
796.203,0.846769
799.339,0.846873
812.004,0.84697
810.27,0.847075
823.257,0.847172
817.092,0.847273
819.975,0.847378
834.654,0.847477
825.967,0.847577
850.841,0.847677
845.675,0.847778
852.17,0.847881
843.224,0.84798
858.682,0.848081
866.788,0.848184
858.311,0.848284
851.886,0.84838
857.835,0.848486
853.91,0.848584
870.06,0.848688
873.951,0.848787
873.72,0.848889
865.402,0.84899
867.871,0.849091
855.358,0.849193
877.289,0.849292
880.098,0.849393
870.734,0.849495
881.78,0.849595
859.889,0.849696
858.651,0.849796
885.785,0.849898
871.39,0.849998
878.738,0.8501
864.112,0.8502
873.108,0.850302
860.761,0.850402
881.029,0.850501
878.5,0.850604
855.04,0.850705
885.66,0.850806
869.281,0.850907
858.686,0.851009
878.777,0.851108
879.604,0.851211
864.595,0.851312
869.059,0.851412
878.08,0.851511
880.82,0.851614
857.935,0.851715
875.034,0.851815
865.69,0.851915
869.369,0.852018
880.776,0.852117
876.096,0.852219
868.503,0.852319
878.212,0.852421
866.547,0.852521
865.96,0.852621
861.968,0.852723
862.978,0.852824
853.15,0.852925
878.561,0.853027
880.677,0.853126
877.664,0.853227
852.014,0.85333
871.855,0.85343
862.599,0.853531
858.497,0.853632
851.229,0.853732
852.336,0.853834
850.338,0.853934
850.031,0.854036
860.113,0.854137
840.893,0.854236
862.7,0.854339
850.423,0.854438
859.691,0.85454
845.803,0.85464
850.424,0.854739
842.009,0.854843
848.08,0.854943
841.72,0.855044
855.685,0.855144
855.109,0.855248
842.321,0.855346
847.571,0.855449
837.844,0.855548
836.377,0.85565
840.139,0.855752
860.711,0.855852
851.113,0.855952
832.299,0.856053
855.392,0.856154
804.156,0.856254
837.806,0.856356
833.577,0.856457
821.639,0.856559
818.256,0.856657
820.683,0.85676
812.687,0.85686
805.547,0.856963
811.49,0.85706
810.559,0.857164
817.279,0.85726
827.304,0.857366
813.076,0.857467
831.602,0.857568
808.381,0.857669
817.763,0.85777
805.919,0.857872
808.408,0.857972
816.631,0.858071
819.74,0.858172
810.442,0.85827
825.065,0.858373
830.899,0.858477
810.392,0.858577
835.881,0.858677
838.644,0.85878
828.708,0.858877
834.861,0.85898
847.631,0.85908
842.423,0.85918
828.677,0.859283
840.867,0.859383
828.536,0.859483
849.277,0.859585
850.615,0.859686
842.984,0.859787
825.721,0.859887
839.466,0.859991
859.394,0.86009
837.667,0.860191
846.781,0.860293
835.166,0.860392
839.96,0.860492
855.836,0.860594
842.527,0.860693
856.558,0.860798
848.093,0.860897
847.372,0.860998
847.971,0.861098
833.061,0.861199
831.68,0.8613
847.543,0.861401
837.983,0.861501
837.737,0.861602
821.815,0.861705
851.13,0.861803
861.534,0.861906
835.818,0.862007
855.771,0.862106
851.949,0.862207
851.503,0.862309
854.082,0.862411
846.575,0.862511
839.581,0.862613
859.77,0.862711
831.654,0.862815
833.357,0.862917
824.56,0.863015
847.225,0.863117
827.305,0.863221
829.364,0.863317
840.36,0.863418
843.547,0.863518
822.893,0.863622
828.944,0.863722
817.612,0.863824
813.708,0.863927
818.704,0.864025
819.497,0.864124
823.954,0.864227
800.322,0.864327
823.641,0.864429
805.888,0.864527
793.882,0.864631
801.243,0.86473
788.881,0.864832
772.957,0.864932
800.829,0.865032
783.367,0.865136
785.247,0.865236
777.284,0.865339
772.615,0.865439
764.965,0.865537
768.257,0.86564
783.621,0.865736
757.487,0.86584
787.588,0.865944
759.043,0.866044
752.235,0.866142
742.247,0.866245
734.596,0.866342
764.876,0.866448
800.679,0.866546
753.503,0.866647
767.11,0.86675
744.639,0.86685
765.861,0.86695
780.536,0.867056
776.051,0.867153
796.218,0.867256
799.391,0.867354
797.159,0.867457
781.592,0.867558
817.723,0.867658
798.87,0.867761
817.663,0.867859
813.738,0.86796
829.498,0.868061
845.223,0.868161
819.131,0.868264
828.391,0.868364
848.068,0.868465
846.519,0.868565
837.946,0.868668
839.421,0.868768
859.654,0.868867
840.76,0.868969
850.608,0.869069
857.088,0.869173
858.39,0.869272
862.889,0.869373
848.898,0.869473
864.625,0.869576
856.961,0.869677
884.852,0.869776
864.23,0.869879
860.775,0.869977
879.263,0.870081
858.234,0.870179
867.665,0.870281
875.969,0.870383
866.006,0.870484
881.735,0.870585
888.773,0.870685
862.705,0.870785
892.253,0.870886
882.015,0.870988
870.885,0.871086
891.842,0.87119
889.182,0.87129
890.104,0.871392
896.644,0.871491
882.999,0.871594
872.355,0.871694
878.168,0.871794
906.304,0.871896
874.215,0.871997
895.328,0.872095
864.595,0.8722
878.714,0.872299
876.78,0.872399
885.257,0.872501
885.085,0.872601
885.103,0.872704
895.439,0.872803
888.081,0.872905
878.425,0.873007
877.23,0.873105
875.315,0.873205
874.318,0.873308
879.575,0.873411
884.377,0.873509
865.104,0.873611
869.195,0.873712
874.76,0.873811
866.144,0.873914
859.319,0.874015
874.438,0.874115
881.94,0.874215
853.907,0.87432
847.131,0.874419
838.636,0.874518
837.14,0.874622
846.316,0.874719
841.31,0.874822
846.733,0.874922
847.407,0.875023
861.676,0.875126
842.385,0.875226
832.233,0.875327
844.118,0.875426
859.141,0.875529
822.979,0.875628
826.905,0.87573
839.512,0.875831
821.314,0.875931
824.679,0.876034
812.483,0.876132
812.524,0.876236
811.881,0.876335
826.206,0.876437
808.61,0.876539
816.584,0.876636
795.978,0.876738
810.751,0.876841
803.163,0.876938
777.219,0.877043
799.792,0.877142
762.03,0.877246
795.386,0.877344
812.322,0.877447
788.288,0.877545
783.235,0.877647
801.165,0.877749
810.299,0.877847
826.099,0.877948
825.475,0.878048
784.978,0.878154
808.63,0.878254
786.579,0.878354
807.519,0.878455
806.537,0.878556
803.415,0.878655
804.849,0.878757
802.798,0.878861
791.335,0.878958
821.102,0.879059
810.456,0.879163
803.163,0.879261
818.243,0.879363
825.842,0.879465
817.842,0.879566
840.805,0.879664
829.005,0.879767
849.047,0.879866
851.168,0.879967
853.169,0.88007
838.962,0.880168
822.5,0.880272
835.682,0.880371
845.42,0.880474
850.104,0.880575
851.021,0.880675
854.13,0.880776
867.194,0.880877
832.977,0.880977
861.914,0.881079
850.62,0.881178
869.33,0.881282
869.163,0.88138
857.389,0.881481
861.632,0.881584
848.725,0.881683
851.21,0.881786
852.632,0.881884
860.854,0.881988
856.729,0.882087
853.231,0.882187
853.237,0.882288
864.099,0.882388
848.953,0.882491
844.056,0.882593
836.623,0.882692
830.714,0.882793
823.203,0.882894
837.723,0.882994
831.537,0.883095
826.75,0.8832
844.384,0.883298
825.18,0.883399
829.657,0.883501
826.446,0.883601
820.301,0.883701
805.361,0.883805
802.938,0.883903
796.082,0.884003
819.966,0.884104
814.357,0.884206
813.02,0.884308
783.363,0.884405
780.985,0.884509
802.933,0.884609
785.746,0.88471
792.958,0.884813
773.173,0.88491
780.511,0.885014
787.68,0.885114
750.49,0.885215
762.038,0.885315
751.212,0.88542
770.736,0.885517
744.233,0.885619
771.535,0.885718
757.155,0.885821
763.438,0.885926
745.38,0.886024
727.499,0.886125
738.039,0.886226
762.326,0.886327
766.483,0.886425
763.09,0.886527
717.777,0.886627
726.318,0.886727
751.623,0.886829
744.508,0.886932
772.742,0.88703
747.881,0.887134
755.56,0.887231
772.769,0.887336
766.533,0.887432
775.274,0.887536
794.861,0.887637
805.657,0.887737
814.225,0.88784
801.708,0.88794
806.474,0.888041
830.378,0.888141
824.055,0.888244
823.684,0.888342
839.901,0.888447
851.303,0.888544
851.048,0.888646
878.931,0.888747
845.867,0.888848
850.988,0.88895
864.494,0.88905
855.393,0.889151
879.793,0.889253
866.584,0.889353
875.547,0.889453
852.382,0.889554
858.433,0.889655
871.47,0.889756
872.253,0.889857
878.112,0.889959
875.86,0.890058
870.067,0.89016
878.483,0.890261
876.727,0.890361
880.302,0.890464
878.579,0.890563
883.364,0.890665
870.802,0.890765
856.143,0.890867
873.093,0.890967
889.049,0.891067
869.719,0.89117
880.384,0.89127
896.78,0.891371
870.765,0.891473
859.494,0.891573
889.978,0.891672
851.59,0.891774
875.918,0.891875
873.582,0.891977
870.108,0.892078
857.147,0.892178
862.761,0.892278
883.38,0.89238
871.987,0.892481
856.297,0.892583
862.302,0.892684
865.282,0.892782
879.023,0.892885
867.699,0.892986
852.735,0.893085
851.846,0.893186
868.023,0.893287
861.65,0.893388
860.75,0.893489
869.337,0.893592
841.925,0.893693
861.479,0.893795
848.942,0.893893
852.946,0.893993
855.188,0.894096
851.287,0.894194
842.833,0.894297
844.017,0.894399
842.826,0.894499
863.743,0.894599
846.074,0.894701
851.766,0.8948
832.131,0.894905
843.341,0.895004
842.011,0.895103
853.772,0.895208
838.027,0.895304
856.674,0.895408
847.236,0.895508
837.468,0.895609
850.581,0.89571
842.571,0.89581
853.262,0.895914
830.683,0.896013
841.099,0.896112
834.307,0.896215
819.476,0.896314
832.328,0.896418
840.482,0.896517
837.286,0.896621
821.145,0.896719
844.152,0.89682
826.206,0.896922
832.319,0.897021
836.703,0.897122
833.53,0.897226
839.041,0.897327
810.221,0.897424
811.974,0.897527
836.118,0.897627
802.425,0.897728
812.291,0.897828
799.456,0.897929
809.385,0.898034
807.438,0.898134
816.622,0.898232
792.364,0.898334
804.308,0.898434
831.234,0.898537
801.088,0.898635
814.417,0.898736
812.784,0.898838
801.523,0.898937
788.326,0.89904
790.747,0.89914
800.049,0.899244
820.557,0.899345
814.842,0.899443
795.934,0.899544
797.416,0.899648
798.42,0.899746
818.327,0.899846
805.435,0.899949
816.836,0.900049
805.856,0.90015
818.023,0.90025
820.363,0.900354
830.178,0.900453
836.332,0.900553
822.121,0.900655
803.561,0.900754
816.842,0.900856
828.572,0.900958
825.897,0.901058
820.152,0.901159
803.713,0.90126
825.297,0.90136
813.653,0.901462
830.95,0.901563
832.322,0.901665
816.931,0.901765
833.443,0.901866
831.087,0.901967
840.288,0.902067
807.139,0.902168
832.474,0.902269
825.277,0.90237
829.531,0.902471
829.694,0.902572
841.566,0.902673
833.964,0.902774
818.326,0.902874
835.661,0.902974
817.601,0.903076
830.179,0.903175
816.007,0.90328
818.268,0.903377
810.771,0.90348
809.468,0.90358
817.571,0.903682
797.973,0.90378
813.449,0.903885
807.613,0.903981
827.481,0.904087
806.874,0.904184
810.654,0.904286
821.02,0.904389
813.339,0.904488
794.853,0.904589
797.098,0.904689
813.035,0.904792
801.996,0.904892
819.793,0.904993
787.898,0.905091
787.234,0.905195
776.915,0.905295
801.531,0.905398
808.666,0.905496
774.067,0.905599
768.647,0.905699
757.154,0.905798
779.668,0.9059
762.021,0.906003
789.607,0.906104
776.659,0.906206
761.545,0.906305
772.485,0.906406
752.03,0.906506
737.742,0.906609
744.267,0.906708
753.814,0.906809
755.596,0.906911
761.94,0.907011
746.591,0.907109
763.242,0.907212
751.854,0.907312
741.472,0.907414
760.441,0.907515
747.994,0.907618
756.941,0.907717
758.532,0.907819
760.464,0.907919
781.991,0.908022
790.281,0.908121
771.065,0.90822
782.483,0.908325
797.195,0.908424
798.291,0.908526
817.811,0.908626
823.78,0.908727
812.37,0.908826
816.929,0.90893
818.764,0.90903
825.164,0.909131
828.318,0.909233
834.123,0.909332
838.477,0.909433
849.377,0.909534
845.365,0.909635
837.572,0.909736
838.033,0.909836
849.032,0.909937
840.216,0.910039
834.999,0.910139
845.697,0.91024
856.407,0.910341
870.63,0.910444
852.999,0.910543
868.379,0.910644
851.832,0.910745
874.419,0.910845
859.948,0.910948
873.356,0.911048
857.359,0.911149
879.93,0.91125
876.977,0.911353
842.635,0.911452
853.288,0.911551
881.105,0.911653
870.741,0.911755
866.196,0.911855
875.052,0.911955
876.998,0.912058
871.914,0.912158
870.984,0.912261
875.721,0.91236
861.18,0.912461
866.728,0.912561
879.255,0.912662
878.737,0.912764
864.925,0.912864
868.38,0.912965
892.078,0.913068
873.192,0.913167
872.22,0.913269
866.782,0.913368
878.434,0.91347
865.553,0.913571
880.164,0.913672
863.577,0.913774
873.338,0.913874
859.188,0.913974
872.999,0.914075
866.489,0.914176
868.483,0.914276
876.498,0.914378
878.241,0.914479
871.307,0.91458
863.941,0.91468
851.995,0.914781
865.093,0.914882
848.244,0.914983
857.909,0.915086
881.487,0.915182
855.285,0.915286
845.722,0.915387
860.833,0.915488
856.921,0.915589
840.765,0.915691
849.606,0.915791
832.215,0.915892
835.552,0.915992
854.282,0.916092
844.222,0.916196
840.548,0.916293
835.765,0.916397
841.779,0.916495
828.095,0.916598
820.424,0.916699
818.041,0.9168
832.207,0.9169
826.785,0.916998
808.38,0.917104
815.739,0.917203
807.748,0.917304
818.604,0.917402
801.069,0.917508
812.776,0.917606
832.825,0.917708
818.208,0.91781
799.067,0.91791
809.663,0.91801
778.501,0.918111
805.941,0.918216
793.04,0.918312
794.604,0.918413
787.37,0.918514
787.226,0.918617
801.289,0.918714
795.236,0.918821
786.028,0.918919
771.285,0.919018
776.092,0.919121
801.607,0.919221
764.139,0.919324
784.666,0.919424
793.631,0.919526
766.229,0.919626
774.13,0.919728
781.279,0.919825
776.019,0.919926
786.683,0.920031
796.33,0.920129
804.75,0.920231
802.888,0.920331
801.942,0.920429
800.682,0.920535
815.949,0.920633
809.024,0.920735
809.447,0.920837
796.145,0.920939
807.504,0.921037
804.996,0.921138
835.112,0.92124
853.739,0.921341
840.874,0.921441
839.945,0.921543
818.464,0.921642
842.288,0.921744
830.061,0.921846
832.12,0.921946
835.565,0.922047
823.298,0.922148
844.308,0.922247
842.947,0.922349
842.841,0.922451
847.905,0.92255
843.707,0.922654
835.401,0.922753
842.997,0.922853
814.763,0.922953
850.849,0.923058
823.272,0.923157
826.933,0.923256
838.023,0.923362
823.49,0.923459
818.02,0.923558
825.108,0.923662
827.678,0.92376
831.892,0.923862
830.583,0.923963
820.689,0.924067
816.824,0.924164
827.728,0.924265
830.133,0.924368
806.35,0.92447
801.469,0.924569
797.943,0.924671
821.11,0.92477
807.258,0.924868
795.323,0.924974
788.551,0.925073
791.116,0.925175
807.078,0.925276
775.281,0.925377
780.229,0.925478
783.316,0.92558
760.113,0.925679
782.397,0.92578
778.383,0.925879
767.789,0.925982
764.606,0.926084
745.88,0.926184
755.689,0.926287
750.472,0.926386
787.898,0.926487
726.595,0.92659
737.628,0.926687
737.581,0.926789
733.111,0.926889
719.885,0.926993
740.43,0.927091
728.818,0.927192
722.137,0.927292
715.484,0.927393
741.356,0.927499
730.073,0.927595
718.521,0.927698
713.682,0.927801
718.248,0.9279
732.796,0.928
726.23,0.9281
749.829,0.928205
738.117,0.928299
757.016,0.928408
755.549,0.928503
775.417,0.928605
745.344,0.928706
784.746,0.928812
777.441,0.928909
795.331,0.929011
807.603,0.929108
807.784,0.929213
820.993,0.929312
825.877,0.929412
817.245,0.929514
837.225,0.929616
830.342,0.929715
826.865,0.92982
824.998,0.929916
850.562,0.93002
844.221,0.930118
843.944,0.93022
843.826,0.93032
861.067,0.930422
854.589,0.930524
838.995,0.930623
857.91,0.930726
854.57,0.930827
848.327,0.930926
862.569,0.931028
863.505,0.931127
872.334,0.931228
857.713,0.93133
855.28,0.931432
875.754,0.931532
869.821,0.931633
873.158,0.931734
864.556,0.931836
873.531,0.931936
867.324,0.932036
877.498,0.932139
864.68,0.932239
870.555,0.93234
887.459,0.93244
851.01,0.932541
869.259,0.93264
871.436,0.932745
861.477,0.932843
865.102,0.932946
863.399,0.933046
860.659,0.933147
853.977,0.933248
849.684,0.933348
854.929,0.93345
849.774,0.933549
869.541,0.933651
842.824,0.933754
853.276,0.933852
853.103,0.933955
868.328,0.934055
857.757,0.934157
836.434,0.934256
864.107,0.934359
851.943,0.934459
854.55,0.934561
836.482,0.934661
863.358,0.934761
844.889,0.934863
845.039,0.934963
848.744,0.935064
851.466,0.935165
843.326,0.935267
847.632,0.935366
848.88,0.935469
837.353,0.935567
833.385,0.935671
832.122,0.935769
847.939,0.935871
827.375,0.935971
846.67,0.936073
833.411,0.936174
815.666,0.936276
853.83,0.936377
831.44,0.936476
836.827,0.936578
837.723,0.93668
837.252,0.936781
827.989,0.93688
837.73,0.936979
826.647,0.937082
842.006,0.937183
819.049,0.937285
836.002,0.937384
827.294,0.937486
823.212,0.937586
808.923,0.937687
830.196,0.937787
819.868,0.93789
818.265,0.93799
814.549,0.938091
819.366,0.938192
826.079,0.938293
817.339,0.938395
815.643,0.938494
815.667,0.938599
790.48,0.938699
806.378,0.938797
800.346,0.938898
813.033,0.939001
806.393,0.939102
792.195,0.939203
799.4,0.939301
830.284,0.939406
819.28,0.939502
801.811,0.939604
794.022,0.939706
794.63,0.939805
790.903,0.939909
799.161,0.940006
786.05,0.940111
782.293,0.94021
779.62,0.94031
807.114,0.940411
791.903,0.940512
791.242,0.940614
792.717,0.940717
788.143,0.940817
791.361,0.940916
767.498,0.94102
783.697,0.941117
793.843,0.941219
800.69,0.941319
786.798,0.941423
797.602,0.941521
789.697,0.941623
778.871,0.941725
802.94,0.941825
809.875,0.941928
800.535,0.942027
807.431,0.942127
796.804,0.942226
795.537,0.94233
799.435,0.94243
809.419,0.94253
804.577,0.942632
813.236,0.942734
817.645,0.942834
817.442,0.942933
798.574,0.943035
810.875,0.943137
809.022,0.943236
799.203,0.943337
792.212,0.943441
783.093,0.943541
802.846,0.943639
794.148,0.943742
797.404,0.943842
786.88,0.943944
802.551,0.944044
797.649,0.944147
799.035,0.944246
788.072,0.944345
808.693,0.94445
794.439,0.944548
801.018,0.944651
796.548,0.944752
795.449,0.94485
791.473,0.944951
792.445,0.945055
806.008,0.945153
783.639,0.945253
794.682,0.945358
790.6,0.945454
781.574,0.94556
777.335,0.945656
789.886,0.945759
759.971,0.945862
785.887,0.945964
775.531,0.946062
772.137,0.946166
774.991,0.946266
767.955,0.946368
769.229,0.946465
751.024,0.946565
769.426,0.946668
764.84,0.946772
769.726,0.946869
760.523,0.94697
738.585,0.947071
763.449,0.947174
752.107,0.947273
753.689,0.947373
754.237,0.947475
744.109,0.947573
750.899,0.947676
740.967,0.947776
742.98,0.947877
781.452,0.947982
754.84,0.948081
741.344,0.948182
745.034,0.948285
762.756,0.948383
746.89,0.948485
727.447,0.948586
745.995,0.948687
750.574,0.948787
766.725,0.948891
777.812,0.94899
768.952,0.949091
751.354,0.94919
766.445,0.949291
781.682,0.949395
799.612,0.949496
786.466,0.949596
765.211,0.949693
796.524,0.949798
793.523,0.949898
806.385,0.949998
802.387,0.950097
823.019,0.950201
807.525,0.950303
802.496,0.950401
835.915,0.950504
820.892,0.950604
816.067,0.950706
824.779,0.950804
816.191,0.950908
829.229,0.951007
813.958,0.951107
828.52,0.95121
829.29,0.95131
832.464,0.95141
826.807,0.951514
831.084,0.951613
836.64,0.951713
851.702,0.951814
819.923,0.951915
839.515,0.952016
845.812,0.952117
834.11,0.952218
838.895,0.952318
843.089,0.952419
845.663,0.952522
854.512,0.952621
828.433,0.952721
851.334,0.952825
850.936,0.952927
833.731,0.953025
845.507,0.953127
852.403,0.953226
843.35,0.95333
850.282,0.953427
848.87,0.953529
854.42,0.953631
852.702,0.953731
864.756,0.953834
860.156,0.953934
849,0.954033
852.503,0.954137
850.273,0.954234
850.248,0.954338
868.098,0.954437
842.624,0.954538
851.805,0.954639
841.548,0.954738
846.664,0.954842
856.34,0.954942
838.323,0.955044
859.406,0.955144
854.588,0.955247
854.982,0.955345
853.823,0.955447
848.083,0.955547
843.201,0.95565
847.941,0.955751
852.873,0.955849
841.892,0.955951
847.441,0.956053
844.361,0.956155
833.534,0.956254
843.317,0.956355
851.984,0.956456
846.153,0.956557
859.747,0.956658
829.386,0.95676
848.065,0.956861
846.639,0.956961
836.405,0.957061
824.892,0.957163
836.543,0.957265
846.862,0.957362
828.333,0.957466
813.237,0.957567
818.127,0.957668
828.753,0.957767
826.179,0.957868
802.56,0.957969
820.889,0.958071
810.362,0.958174
798.786,0.958273
814.047,0.958374
804.315,0.958474
802.21,0.958574
814.414,0.958675
786.815,0.958778
795.123,0.958879
793.212,0.958977
795.562,0.959081
794.741,0.959182
774.29,0.959284
780.197,0.959381
777.093,0.959485
784.938,0.959585
768.636,0.959686
796.72,0.959786
757.612,0.95989
754.797,0.959988
751.507,0.960089
749.838,0.96019
744.935,0.96029
754.263,0.960389
752.324,0.960494
745.607,0.960595
745.433,0.960692
743.582,0.960795
748.325,0.960895
781.918,0.961
768.681,0.961095
757.19,0.961202
755.122,0.9613
744.443,0.9614
767.558,0.961504
767.82,0.9616
738.967,0.961705
765.038,0.961803
768.961,0.961903
767.597,0.962006
760.772,0.962106
785.888,0.962209
783.193,0.962312
796.593,0.96241
785.326,0.962509
777.703,0.962612
802.164,0.962714
793.504,0.962813
792.879,0.962914
792.034,0.963015
786.992,0.963115
812.791,0.963217
805.564,0.963319
799.291,0.963417
802.156,0.963521
813.209,0.963622
809.994,0.963722
820.46,0.963823
805.606,0.963922
811.204,0.964022
801.024,0.964125
808.217,0.964227
815.553,0.964327
811.938,0.964427
780.857,0.96453
809.3,0.964629
813.153,0.964731
808.993,0.964832
786.943,0.964933
813.395,0.965032
801.814,0.965135
784.585,0.965232
802.814,0.965338
792.58,0.965437
798.786,0.96554
792.394,0.96564
781.586,0.965739
793.983,0.96584
763.272,0.965942
775.637,0.966042
796.119,0.966143
761.953,0.966242
782.182,0.966347
771.167,0.966447
757.953,0.966545
752.902,0.966647
728.588,0.966749
764.836,0.966848
743.862,0.966953
740.902,0.967051
748.319,0.967155
725.286,0.967257
736.338,0.967355
760.935,0.967454
718.729,0.967555
734.14,0.967659
734.965,0.967758
729.86,0.967858
755.653,0.96796
723.854,0.96806
734.797,0.968161
719.844,0.968262
719.332,0.96836
754.378,0.968462
725.692,0.968564
730.168,0.968669
744.817,0.968767
731.808,0.968869
748.545,0.96897
735.24,0.96907
752.751,0.969173
739.852,0.969273
755.358,0.969369
759.368,0.969474
763.72,0.969575
782.729,0.969673
778.48,0.969775
788.883,0.969879
779.16,0.969977
802.851,0.970081
795.588,0.970181
787.782,0.97028
803.816,0.970382
795.892,0.97048
812.392,0.970585
820.646,0.970684
816.858,0.970784
822.506,0.970887
832.025,0.970986
824.754,0.971088
836.298,0.971189
815.674,0.97129
831.631,0.971391
842.132,0.971491
831.535,0.971594
845.167,0.971695
831.459,0.971794
839.047,0.971897
837.965,0.971996
849.267,0.972097
850.784,0.972199
856.586,0.972299
847.831,0.9724
851.149,0.972502
848.922,0.972601
867.617,0.972703
847.351,0.972803
870.99,0.972903
856.803,0.973006
855.47,0.973106
858.647,0.973208
852.482,0.973308
853.163,0.97341
850.338,0.973511
867.451,0.973609
852.136,0.973713
861.293,0.973813
846.54,0.973915
844.682,0.974013
855.569,0.974116
854.767,0.974215
860.85,0.974318
842.594,0.974418
854.097,0.974518
835.749,0.97462
853.644,0.974721
855.858,0.974821
857.229,0.974923
849.34,0.975023
855.588,0.975124
844.173,0.975226
847.926,0.975328
836.788,0.975427
826.24,0.975529
827.939,0.975628
855.648,0.975728
829.817,0.975833
830.642,0.975932
845.847,0.976032
830.457,0.976133
830.329,0.976235
830.524,0.976334
818.301,0.976437
833.201,0.976536
831.089,0.976638
821.484,0.97674
827.809,0.976839
817.771,0.97694
818.743,0.97704
838.063,0.977142
819.292,0.977242
809.951,0.977345
826.706,0.977445
807.65,0.977547
808.669,0.977646
826.675,0.977747
822.958,0.977849
807.023,0.97795
812.382,0.978051
813.675,0.978151
807.325,0.978253
814.936,0.978354
801.009,0.978455
791.013,0.978554
799.737,0.978656
797.189,0.978757
788.529,0.978857
805.124,0.97896
795.165,0.97906
802.229,0.97916
791.67,0.979261
769.704,0.979363
780.917,0.979462
798.154,0.979565
787.446,0.979662
792.057,0.979766
794.053,0.979869
775.111,0.979966
779.28,0.98007
775.022,0.980169
797.629,0.98027
782.781,0.980372
783.96,0.980472
772.382,0.980573
793.684,0.980671
774.603,0.980774
792.049,0.980875
784.26,0.980976
781.875,0.981079
775.13,0.981177
788.866,0.981279
778.212,0.981381
753.516,0.981481
765.355,0.981582
780.334,0.981685
760.226,0.981784
773.085,0.981885
762.893,0.981987
779.577,0.982087
766.152,0.982186
790.707,0.982287
778.219,0.982388
769.217,0.982491
775.148,0.98259
750.697,0.982691
776.521,0.982792
782.953,0.982896
791.854,0.982994
772.379,0.983095
778.747,0.983199
786.546,0.983298
794.231,0.983399
774.825,0.9835
793.425,0.983598
783.331,0.983701
792.173,0.983802
790.32,0.983902
782.253,0.984004
797.738,0.984105
782.528,0.984206
785.688,0.984308
779.402,0.984408
778.666,0.984507
777.834,0.984608
785.567,0.984712
780.965,0.984809
782.765,0.984911
782.438,0.985015
793.96,0.985114
767.919,0.985213
783.462,0.985317
791.441,0.985417
766.666,0.985516
771.004,0.985621
787.464,0.985719
767.973,0.985819
782.82,0.98592
783.603,0.986022
753.945,0.986123
749.213,0.986223
771.084,0.986325
772.565,0.986424
790.901,0.986528
786.006,0.986625
785.791,0.986728
761.047,0.986826
756.746,0.986932
760.673,0.987031
747.784,0.987131
759.052,0.987232
766.899,0.987336
734.579,0.987436
756.161,0.987536
740.741,0.987639
735.565,0.987735
742.473,0.98784
744.895,0.987941
770.677,0.988039
735.519,0.988143
735.03,0.988243
759.466,0.988342
732.664,0.988447
753.964,0.988547
752.095,0.988648
746,0.988744
764.489,0.988849
746.775,0.988948
756.885,0.989049
767.545,0.98915
737.114,0.989253
745.1,0.989351
770.655,0.989454
770.364,0.989551
737.711,0.989658
764.99,0.989753
758.563,0.98986
758.709,0.989954
771.068,0.990061
775.66,0.99016
790.959,0.990261
810.841,0.990362
813.705,0.990461
808.904,0.990564
812.373,0.990664
815.304,0.990766
804.987,0.990867
801.066,0.990967
803.894,0.991068
810.804,0.991169
822.32,0.991268
809.675,0.99137
831.688,0.991473
810.398,0.991571
820.903,0.991672
818.402,0.991774
817.259,0.991875
814.904,0.991976
821.104,0.992078
830.494,0.992178
815.279,0.99228
808.109,0.99238
832.765,0.992478
821.482,0.992583
828.989,0.992683
835.651,0.992782
825.271,0.992883
817.993,0.992986
827.858,0.993087
850.97,0.993188
843.14,0.993289
823.282,0.993388
841.526,0.993491
839.769,0.993593
832.912,0.993693
845.186,0.993791
835.582,0.993891
838.203,0.993994
837.795,0.994093
843.693,0.994196
841.049,0.994297
817.278,0.994397
840.542,0.994497
836.877,0.9946
834.15,0.9947
852.926,0.994801
835.665,0.994904
835.767,0.995003
839.027,0.995103
828.394,0.995203
838.96,0.995307
841.852,0.995407
848.609,0.995507
833.511,0.995608
842.777,0.995708
840.095,0.995811
820.544,0.99591
831.053,0.996011
841.678,0.99611
836.169,0.996214
828.855,0.996313
837.772,0.996414
842.266,0.996516
840.586,0.99662
839.071,0.996718
836.815,0.99682
843.33,0.99692
833.541,0.997021
820.374,0.997123
842.813,0.997222
821.968,0.997325
828.739,0.997425
818.023,0.997527
826.353,0.997627
824.489,0.997726
831.789,0.99783
814.404,0.997928
814.542,0.998031
821.313,0.99813
809.28,0.998232
813.732,0.998333
836.299,0.998434
806.957,0.998536
810.922,0.998635
816.142,0.998738
801.304,0.998838
797.505,0.998939
809.251,0.999039
808.343,0.99914
794.855,0.999239
814.088,0.999342
811.511,0.999442
785.578,0.999544
780.017,0.999646
784.929,0.999748
768.269,0.999846
780.276,0.999946
817.904,1.00005
765.072,1.00015
766.36,1.00025
765.121,1.00035
759.506,1.00045
762.098,1.00055
761.9,1.00065
766.643,1.00075
752.503,1.00086
733.592,1.00096
756.492,1.00106
759.972,1.00116
736.083,1.00126
750.707,1.00136
743.133,1.00146
747.184,1.00156
737.566,1.00166
739.246,1.00176
754.806,1.00187
730.685,1.00197
733.215,1.00207
735.683,1.00217
742.212,1.00227
776.049,1.00237
735.287,1.00247
750.182,1.00257
755.7,1.00267
743.952,1.00277
758.568,1.00287
752.546,1.00298
776.111,1.00308
765.922,1.00318
762.547,1.00328
753.29,1.00338
769.33,1.00348
761.407,1.00358
777.652,1.00368
788.444,1.00378
779.296,1.00388
797.246,1.00399
774.643,1.00408
798.06,1.00419
774.79,1.00429
782.087,1.00439
787.356,1.00449
785.75,1.00459
810.287,1.00469
786.639,1.00479
791.146,1.00489
793.865,1.00499
788.377,1.00509
787.609,1.0052
803.998,1.0053
778.106,1.0054
786.868,1.0055
792.147,1.0056
783.571,1.0057
822.143,1.0058
788.524,1.0059
795.662,1.006
798.318,1.0061
796.286,1.00621
778.596,1.0063
800.619,1.0064
793.092,1.00651
794.617,1.00661
773.118,1.00671
772.333,1.00681
775.06,1.00691
786.65,1.00701
771.538,1.00711
794.716,1.00721
779.78,1.00731
758.188,1.00742
774.079,1.00751
753.983,1.00762
761.869,1.00772
759.486,1.00782
744.361,1.00792
751.838,1.00802
742.083,1.00812
753.407,1.00822
749.849,1.00832
734.704,1.00843
729.34,1.00852
742.068,1.00863
739.696,1.00873
728.772,1.00883
730.053,1.00893
727.75,1.00903
723.687,1.00913
721.606,1.00923
699.454,1.00933
725.906,1.00944
738.223,1.00954
743.641,1.00963
737.698,1.00974
753.026,1.00984
746.196,1.00994
725.775,1.01004
730.031,1.01014
759.496,1.01024
743.507,1.01034
745.472,1.01044
761.551,1.01055
752.05,1.01064
760.981,1.01074
759.07,1.01084
761.208,1.01095
763.455,1.01105
767.822,1.01115
778.764,1.01125
770.477,1.01135
772.077,1.01145
794.974,1.01155
798.699,1.01165
789.506,1.01175
801.809,1.01185
796.842,1.01196
809.929,1.01206
809.105,1.01216
817.902,1.01226
809.351,1.01236
807.765,1.01246
820.399,1.01256
823.787,1.01266
826.123,1.01276
821.869,1.01286
824.203,1.01296
821.122,1.01307
825.949,1.01317
833.589,1.01327
827.48,1.01337
837.22,1.01347
821.959,1.01357
834.512,1.01367
833.938,1.01377
835.649,1.01387
838.419,1.01397
850.726,1.01407
849.545,1.01418
824.566,1.01428
826.715,1.01438
832.378,1.01448
840.843,1.01458
846.825,1.01468
835.097,1.01478
841.193,1.01488
843.251,1.01498
829.603,1.01508
836.436,1.01518
848.427,1.01529
848.659,1.01539
830.55,1.01549
841.863,1.01559
847.905,1.01569
836.319,1.01579
842.065,1.01589
827.523,1.01599
838.331,1.0161
832.719,1.01619
819.298,1.01629
825.656,1.01639
816.315,1.0165
823.176,1.0166
808.615,1.0167
814.676,1.0168
811.408,1.0169
814.577,1.017
818.905,1.0171
803.691,1.0172
815.832,1.0173
825.214,1.0174
823.44,1.01751
815.45,1.01761
817.631,1.01771
806.616,1.01781
812.443,1.01791
798.57,1.01801
807.557,1.01811
801.247,1.01821
803.013,1.01831
781.303,1.01842
807.139,1.01851
805.637,1.01862
792.824,1.01872
808.203,1.01882
797.764,1.01892
818.936,1.01902
801.225,1.01912
778.542,1.01922
793.7,1.01932
798.264,1.01942
788.355,1.01953
776.217,1.01962
790.841,1.01972
791.132,1.01983
794.627,1.01993
783.103,1.02003
783.98,1.02013
774.466,1.02023
779.466,1.02033
774.739,1.02043
786.066,1.02053
773.457,1.02064
772.262,1.02073
774.125,1.02084
773.291,1.02094
769.134,1.02104
790.158,1.02114
755.211,1.02124
764.882,1.02134
774.925,1.02144
772.65,1.02154
767.63,1.02164
751.769,1.02175
763.612,1.02185
767.627,1.02195
761.018,1.02205
757.997,1.02215
770.407,1.02225
763.453,1.02235
744.254,1.02245
760.173,1.02255
747.022,1.02265
773.315,1.02275
762.474,1.02285
754.378,1.02296
764.096,1.02306
748.667,1.02316
767.471,1.02326
771.973,1.02336
754.233,1.02346
756.23,1.02356
784.089,1.02366
775.445,1.02376
758.07,1.02387
759.662,1.02396
769.947,1.02407
763.54,1.02416
760.252,1.02427
785.263,1.02437
763.339,1.02447
781.75,1.02457
762.964,1.02467
759.743,1.02477
768.024,1.02487
761.123,1.02497
784.793,1.02507
771.369,1.02517
765.285,1.02527
780.59,1.02538
768.447,1.02548
754.813,1.02558
768.428,1.02568
761.657,1.02578
767.465,1.02588
765.4,1.02598
767.463,1.02608
761.003,1.02619
747.665,1.02628
768.103,1.02639
761.027,1.02649
755.754,1.02659
743.081,1.02669
771.92,1.02679
756.394,1.02689
757.313,1.02699
753.629,1.02709
748.767,1.02719
745.63,1.02729
770.666,1.02739
749.677,1.0275
751.183,1.0276
747.605,1.0277
762.259,1.0278
750.364,1.0279
733.875,1.028
751.479,1.0281
717.173,1.02821
735.654,1.0283
726.656,1.0284
718.461,1.0285
748.41,1.0286
744.632,1.02871
720.807,1.02881
720.211,1.02891
722.104,1.02901
723.15,1.02911
730.358,1.02921
727.473,1.02931
714.742,1.02941
703.81,1.02951
743.886,1.02961
727.773,1.02972
724.626,1.02982
706.888,1.02992
720.941,1.03002
721.621,1.03012
696.529,1.03022
722.318,1.03032
729.398,1.03042
723.749,1.03052
749.978,1.03063
754.426,1.03073
761.808,1.03082
755.184,1.03093
762.852,1.03103
763.346,1.03113
759.301,1.03123
749.763,1.03133
779.349,1.03143
775.877,1.03153
783.597,1.03164
779.6,1.03173
789.45,1.03183
781.547,1.03194
792.965,1.03204
812.948,1.03214
786.039,1.03224
803.797,1.03234
816.519,1.03244
809.952,1.03254
809.022,1.03264
793.068,1.03274
809.74,1.03284
801.796,1.03295
797.565,1.03305
797.659,1.03315
818.289,1.03325
788.546,1.03335
814.832,1.03345
805.171,1.03355
815.902,1.03365
813.094,1.03375
802.458,1.03385
821.182,1.03395
823.695,1.03405
809.843,1.03415
794.787,1.03426
813.433,1.03435
830.275,1.03446
815.408,1.03456
818.761,1.03466
812.589,1.03476
813.871,1.03486
809.808,1.03496
816.755,1.03506
822.979,1.03516
822.736,1.03527
811.722,1.03537
816.508,1.03547
815.328,1.03557
821.852,1.03567
818.95,1.03577
824.887,1.03587
833.908,1.03597
797.418,1.03607
819.73,1.03617
802.444,1.03628
806.996,1.03638
836.152,1.03648
816.285,1.03658
812.064,1.03668
803.656,1.03678
811.518,1.03688
822.424,1.03698
809.461,1.03708
813.309,1.03718
823.765,1.03728
819.498,1.03738
814.435,1.03749
814.89,1.03759
815.097,1.03769
807.908,1.03779
804.854,1.03789
814.019,1.03799
817.712,1.03809
810.324,1.03819
805.648,1.03829
822.354,1.03839
815.579,1.03849
808.117,1.03859
808.804,1.0387
821.264,1.03879
809.384,1.0389
826.448,1.039
806.333,1.0391
801.341,1.0392
813.034,1.0393
805.784,1.0394
790.523,1.0395
792.488,1.03961
798.469,1.03971
797.88,1.03981
797.769,1.03991
820.738,1.04001
802.689,1.04011
781.857,1.04021
788.861,1.04031
797.631,1.04041
788.212,1.04051
762.646,1.04061
783.388,1.04072
767.881,1.04082
765.775,1.04092
772.275,1.04102
766.688,1.04112
766.419,1.04122
779.427,1.04132
778.229,1.04142
778.184,1.04152
738.271,1.04162
748.181,1.04172
742.368,1.04183
775.926,1.04192
749.784,1.04202
736.473,1.04213
746.397,1.04223
763.448,1.04233
737.492,1.04243
735.137,1.04253
749.071,1.04263
743.236,1.04273
723.297,1.04283
746.014,1.04293
742.238,1.04303
741.532,1.04314
736.67,1.04324
727.447,1.04334
742.659,1.04344
726.338,1.04354
743.6,1.04364
746.78,1.04374
745.849,1.04384
733.621,1.04395
716.039,1.04404
730.938,1.04415
730.456,1.04424
751.831,1.04435
748.378,1.04445
739.822,1.04455
740.142,1.04465
753.469,1.04475
753.194,1.04485
743.336,1.04495
756.526,1.04505
769.797,1.04516
771.538,1.04526
741.304,1.04536
771.856,1.04546
761.821,1.04556
766.251,1.04566
783.614,1.04576
768.789,1.04586
764.962,1.04596
766.045,1.04606
750.536,1.04616
777.292,1.04627
757.539,1.04636
774.456,1.04647
766.755,1.04657
766.69,1.04667
765.352,1.04677
761.692,1.04687
775.328,1.04697
782.556,1.04707
773.584,1.04717
764.977,1.04727
784.243,1.04737
770.506,1.04748
759.47,1.04758
752.573,1.04768
756.103,1.04778
743.651,1.04788
773.805,1.04798
754.124,1.04808
748.539,1.04818
751.129,1.04828
742.97,1.04839
757.547,1.04848
755.585,1.04859
725.434,1.04869
723.664,1.04879
727.119,1.04889
747.58,1.04899
737.9,1.04909
727.27,1.04919
734.628,1.04929
746.368,1.04939
749.697,1.04949
734.752,1.04959
712.649,1.0497
699.922,1.0498
732.077,1.04989
697.652,1.05
690.134,1.0501
721.552,1.0502
733.297,1.0503
698.553,1.0504
701.661,1.0505
704.562,1.05061
694.56,1.0507
715.499,1.0508
681.994,1.05091
674.887,1.05101
717.31,1.05111
719.022,1.05121
721.399,1.05131
719.826,1.05141
706.31,1.05151
731.878,1.05161
709.527,1.05171
738.901,1.05182
736.392,1.05191
751.542,1.05201
742.876,1.05212
753.349,1.05222
755.714,1.05232
766.68,1.05242
756.58,1.05252
772.276,1.05262
782.404,1.05272
770.977,1.05282
781.563,1.05292
787.606,1.05303
770.629,1.05313
776.59,1.05323
790.026,1.05333
780.159,1.05343
802.762,1.05353
789.282,1.05363
804.701,1.05373
787.546,1.05383
782.875,1.05393
808.687,1.05403
803.915,1.05414
793.393,1.05424
810.004,1.05434
827.41,1.05444
806.027,1.05454
805.817,1.05464
806.106,1.05474
813.906,1.05484
799.045,1.05494
812.331,1.05504
818.464,1.05514
828.175,1.05525
801.915,1.05535
822.254,1.05545
811.869,1.05555
829.669,1.05565
814.797,1.05575
820.558,1.05585
818.44,1.05595
822.043,1.05605
810.636,1.05615
821.986,1.05625
821.273,1.05636
817.267,1.05645
822.352,1.05656
811.703,1.05666
813.671,1.05676
820.146,1.05686
811.25,1.05696
805.182,1.05706
804.997,1.05716
814.039,1.05727
810.154,1.05736
805.625,1.05747
817.615,1.05757
814.076,1.05767
800.03,1.05777
805.323,1.05787
801.679,1.05797
806.697,1.05807
788.53,1.05817
803.537,1.05827
792.209,1.05837
797.894,1.05848
803.756,1.05858
792.293,1.05868
802.71,1.05878
783.345,1.05888
783.083,1.05898
791.062,1.05908
792.554,1.05918
784.278,1.05928
787.12,1.05938
780.004,1.05949
782.316,1.05958
776.479,1.05968
782.263,1.05979
770.576,1.05989
781.86,1.05999
796.284,1.06009
776.99,1.06019
768.768,1.06029
763.362,1.06039
771.74,1.06049
761.379,1.06059
767.057,1.06069
765.847,1.06079
766.159,1.0609
767.462,1.061
774.138,1.0611
771.436,1.0612
766.292,1.0613
753.116,1.0614
759.533,1.0615
754.477,1.0616
763.716,1.0617
752.748,1.0618
758.716,1.06191
747.36,1.06201
745.738,1.06211
746.775,1.0622
750.05,1.06231
762.19,1.06241
757.877,1.06251
755.446,1.06261
751.043,1.06272
736.405,1.06281
751.541,1.06292
747.918,1.06302
732.67,1.06311
752.415,1.06322
739.692,1.06332
737.251,1.06342
746.95,1.06352
744.971,1.06362
762.196,1.06372
733.271,1.06382
732.571,1.06392
729.978,1.06402
739.854,1.06412
731.28,1.06422
750.274,1.06433
738.239,1.06443
753.792,1.06453
738.953,1.06463
742.966,1.06473
766.059,1.06483
747.572,1.06493
758.296,1.06503
750.175,1.06514
755.07,1.06523
753.387,1.06534
736.646,1.06544
740.257,1.06554
759.196,1.06564
765.751,1.06574
745.998,1.06584
740.058,1.06594
748.007,1.06604
759.804,1.06614
755.686,1.06624
744.947,1.06635
756.049,1.06645
750.463,1.06655
742.809,1.06665
755.435,1.06675
762.821,1.06685
754.313,1.06695
752.508,1.06705
745.132,1.06715
749.524,1.06725
731.957,1.06735
731.176,1.06746
731.544,1.06756
743.767,1.06766
725.226,1.06776
746.324,1.06786
724.569,1.06796
732.061,1.06806
739.731,1.06816
735.603,1.06826
740.993,1.06836
732.281,1.06847
717.117,1.06857
739.513,1.06867
726.459,1.06877
732.818,1.06887
719.68,1.06897
724.177,1.06907
729.34,1.06917
716.674,1.06927
694.714,1.06937
725.706,1.06947
715.458,1.06958
744.235,1.06967
717.977,1.06978
719.877,1.06988
699.213,1.06998
718.353,1.07008
708.542,1.07018
696.344,1.07028
712.802,1.07038
734.047,1.07048
726.502,1.07058
710.384,1.07069
712.155,1.07079
709.801,1.07088
697.454,1.07099
705.829,1.07109
729.331,1.07119
720.967,1.07129
722.607,1.07139
718.06,1.07149
721.831,1.07159
717.109,1.07169
747.262,1.07179
740.312,1.0719
742.974,1.072
743.634,1.0721
744.874,1.0722
733.232,1.0723
762.143,1.0724
756.223,1.0725
751.116,1.0726
776.657,1.0727
773.26,1.0728
766.614,1.07291
777.55,1.07301
794.536,1.07311
781.11,1.07321
791.09,1.07331
778.182,1.07341
803.935,1.07351
781.418,1.07361
804.735,1.07371
788.799,1.07381
779.217,1.07391
803.59,1.07401
778.312,1.07412
779.94,1.07422
795.846,1.07431
796.615,1.07442
808.56,1.07452
801.246,1.07462
791.058,1.07472
796.546,1.07482
788.796,1.07492
798.981,1.07502
795.083,1.07512
812.094,1.07522
789.257,1.07533
810.242,1.07542
802.236,1.07553
793.306,1.07563
801.097,1.07573
793.204,1.07583
797.889,1.07593
791.124,1.07603
798.667,1.07613
791.645,1.07623
783.533,1.07634
797.083,1.07643
799.474,1.07654
797.145,1.07664
793.828,1.07674
791.897,1.07684
798.965,1.07694
797.901,1.07704
800.659,1.07714
789.238,1.07725
804.155,1.07735
793.59,1.07744
797.767,1.07755
790.366,1.07764
801.6,1.07774
809.933,1.07785
793.013,1.07795
799.065,1.07805
797.62,1.07815
789.578,1.07825
789.17,1.07836
785.63,1.07845
777.263,1.07855
796.109,1.07865
778.064,1.07876
800.066,1.07886
801.825,1.07896
793.561,1.07906
792.485,1.07916
791.024,1.07926
786.197,1.07936
791.363,1.07946
779.144,1.07956
807.843,1.07967
786.457,1.07977
793.917,1.07987
791.271,1.07997
783.607,1.08007
789.852,1.08017
783.087,1.08027
783.949,1.08037
790.811,1.08047
790.418,1.08057
789.889,1.08067
774.57,1.08077
799.378,1.08088
772.177,1.08098
786.076,1.08108
783.231,1.08118
781.837,1.08128
778.488,1.08138
774.596,1.08148
759.626,1.08158
769.756,1.08168
783.326,1.08178
764.776,1.08189
764.184,1.08199
755.329,1.08209
749.049,1.08219
755.6,1.08229
764.146,1.08239
744.011,1.08249
738.643,1.08259
759.904,1.08269
764.964,1.08279
756.055,1.08289
739.318,1.08299
755.425,1.0831
728.894,1.0832
738.635,1.0833
726.109,1.0834
752.814,1.0835
715.561,1.0836
722.468,1.0837
729.793,1.0838
726.07,1.0839
730.907,1.084
708.427,1.0841
714.215,1.08421
718.552,1.08431
716.407,1.08441
728.227,1.08451
723.479,1.08461
705.135,1.08471
708.735,1.08481
712.77,1.08491
721.453,1.08501
719.806,1.08511
733.458,1.08522
729.826,1.08531
700.071,1.08541
739.249,1.08552
712.47,1.08562
741.381,1.08572
716.547,1.08582
718.371,1.08592
714.797,1.08602
740.372,1.08612
728.112,1.08622
733.373,1.08632
745.741,1.08643
731.888,1.08653
738.039,1.08663
737.126,1.08673
745.761,1.08683
738.585,1.08693
718.947,1.08703
737.642,1.08713
747.544,1.08723
739.703,1.08733
761.991,1.08744
736,1.08754
734.419,1.08764
731.478,1.08774
729.431,1.08784
729.641,1.08794
725.857,1.08804
737.947,1.08814
747.706,1.08824
746.671,1.08834
716.647,1.08844
744.154,1.08854
743.124,1.08865
735.036,1.08875
759.742,1.08885
754.159,1.08895
734.461,1.08905
747.819,1.08915
733.113,1.08925
725.785,1.08935
743.703,1.08945
741.004,1.08955
741.726,1.08965
726.128,1.08975
723.31,1.08986
725.383,1.08995
704.003,1.09006
744.879,1.09016
714.572,1.09026
724.141,1.09036
707.963,1.09046
708.364,1.09056
698.609,1.09066
695.847,1.09076
710.949,1.09087
704.465,1.09096
686.905,1.09107
667.493,1.09117
702.821,1.09127
690.695,1.09137
676.467,1.09147
701.187,1.09157
693.511,1.09167
714.163,1.09177
688.629,1.09187
690.652,1.09198
680.804,1.09208
711.011,1.09218
715.2,1.09228
715.925,1.09238
702.719,1.09248
711.12,1.09258
696.508,1.09268
723.16,1.09278
729.89,1.09289
733.821,1.09299
737.192,1.09309
747.42,1.09319
736.983,1.09329
736.124,1.09339
751.562,1.09349
754.645,1.09359
757.515,1.09369
754.592,1.09379
755.062,1.09389
769.669,1.09399
759.636,1.09409
756.794,1.09419
764.053,1.0943
783.79,1.0944
763.602,1.0945
780.323,1.0946
782.442,1.0947
771.665,1.0948
771.221,1.0949
787.951,1.095
783.416,1.0951
788.825,1.09521
785.14,1.09531
795.419,1.09541
775.305,1.09551
793.05,1.09561
784.464,1.09571
798.846,1.09581
787.388,1.09591
788.37,1.09601
795.703,1.09611
798.119,1.09621
780.79,1.09632
795.712,1.09641
799.078,1.09652
793.241,1.09662
798.622,1.09672
792.345,1.09682
796.168,1.09692
777.16,1.09702
798.56,1.09712
795.139,1.09722
797.868,1.09732
791.888,1.09742
804.604,1.09753
788.811,1.09763
799.243,1.09773
793.115,1.09783
796.726,1.09793
792.495,1.09803
803.324,1.09813
786.275,1.09823
783.137,1.09833
797.093,1.09843
787.014,1.09853
777.378,1.09864
796.254,1.09874
794.365,1.09884
794.501,1.09894
786.886,1.09904
780.962,1.09914
788.109,1.09924
779.399,1.09934
779.569,1.09944
780.615,1.09955
773.856,1.09965
768.48,1.09975
777.982,1.09985
759.811,1.09995
772.7,1.10004
776.789,1.10015
756.152,1.10025
770.613,1.10035
767.733,1.10045
755.195,1.10055
751.942,1.10065
757.58,1.10075
756.958,1.10086
750.128,1.10096
753.524,1.10106
755.297,1.10116
768.83,1.10126
762.025,1.10136
755.418,1.10146
745.748,1.10156
748.721,1.10166
735.664,1.10176
755.9,1.10186
758.139,1.10197
745.266,1.10207
726.607,1.10217
750.527,1.10227
754.06,1.10237
745.458,1.10247
739.531,1.10257
727.336,1.10267
742.256,1.10277
737.7,1.10287
750.017,1.10297
734.54,1.10307
717.278,1.10318
726.647,1.10328
734.527,1.10338
722.903,1.10348
737.386,1.10358
725.45,1.10368
703.637,1.10378
728.454,1.10388
725.8,1.10398
717.912,1.10408
724.721,1.10418
733.842,1.10429
716.528,1.10439
724.735,1.10449
740.517,1.10459
722.063,1.10469
729.001,1.10479
732.324,1.10489
735.597,1.10499
729.191,1.1051
731.719,1.1052
742.494,1.10529
748.679,1.1054
731.84,1.1055
723.711,1.1056
722.718,1.1057
719.825,1.1058
735.366,1.1059
717.766,1.106
726.709,1.1061
730.402,1.10621
748.19,1.1063
736.315,1.10641
731.509,1.10651
707.755,1.10661
726.402,1.10671
723.424,1.10681
724.968,1.10691
735.833,1.10701
735.466,1.10711
731.14,1.10722
724.246,1.10731
746.287,1.10741
739.923,1.10751
723.167,1.10762
708.012,1.10772
749.407,1.10782
730.478,1.10792
729.402,1.10802
714.348,1.10812
724.998,1.10822
728.931,1.10832
734.855,1.10842
747.501,1.10853
698.72,1.10862
734.646,1.10873
722.671,1.10883
712.85,1.10893
709.689,1.10903
699.222,1.10913
707.848,1.10923
717.055,1.10933
726.475,1.10943
717.013,1.10953
696.537,1.10964
707.209,1.10974
700.824,1.10984
699.842,1.10994
698.318,1.11004
705.357,1.11014
706.328,1.11024
700.538,1.11034
686.866,1.11044
714.556,1.11054
688.116,1.11064
687.912,1.11074
686.64,1.11085
679.227,1.11095
687.722,1.11105
700.963,1.11115
691.269,1.11125
672.189,1.11135
664.869,1.11145
679.345,1.11155
699.319,1.11165
696.283,1.11175
709.58,1.11185
678.861,1.11196
684.941,1.11206
695.168,1.11215
707.55,1.11226
715.054,1.11236
696.641,1.11246
697.848,1.11256
706.346,1.11266
703.229,1.11276
703.307,1.11286
709.533,1.11296
697.669,1.11307
731.478,1.11317
725.395,1.11327
737.398,1.11337
738.119,1.11347
710.625,1.11357
749.993,1.11367
742.702,1.11377
766.286,1.11387
746.358,1.11397
762.701,1.11407
749.291,1.11418
767.742,1.11428
767.329,1.11438
757.075,1.11448
758.55,1.11458
766.44,1.11468
776.821,1.11478
773.07,1.11488
766.54,1.11498
774.007,1.11508
771.647,1.11518
773.48,1.11529
780.689,1.11539
764.6,1.11549
768.282,1.11559
774.146,1.11569
771.184,1.11579
780.99,1.11589
760.729,1.11599
786.636,1.11609
766.144,1.1162
766.575,1.11629
777.665,1.1164
764.452,1.1165
774.109,1.1166
769.851,1.1167
761.891,1.1168
778.621,1.1169
770.243,1.117
762.374,1.1171
772.619,1.1172
779.997,1.1173
782.893,1.11741
758.279,1.11751
771.808,1.1176
773.699,1.11771
781.372,1.1178
778.27,1.11791
784.865,1.11801
774.854,1.11811
759.238,1.11821
768.57,1.11831
768.369,1.11841
776.416,1.11851
771.371,1.11861
764.902,1.11872
767.545,1.11882
775.309,1.11892
766.106,1.11902
765.195,1.11912
770.487,1.11922
773.011,1.11932
769.453,1.11943
765.144,1.11953
761.196,1.11963
764.513,1.11973
761.668,1.11983
756.955,1.11993
758.087,1.12003
771.716,1.12013
763.854,1.12023
766.719,1.12033
757.174,1.12043
761.28,1.12053
769.848,1.12063
761.965,1.12073
773.827,1.12083
747.474,1.12093
754.775,1.12104
767.213,1.12114
772.313,1.12124
749.86,1.12134
764.901,1.12144
769.231,1.12154
754.113,1.12164
749.52,1.12174
746.883,1.12184
761.726,1.12194
746.822,1.12205
755.159,1.12215
764.668,1.12225
749.674,1.12235
760.808,1.12245
746.046,1.12255
745.402,1.12265
751.375,1.12275
748.052,1.12285
737.998,1.12295
754.607,1.12306
754.889,1.12316
747.15,1.12326
737.536,1.12336
751.566,1.12346
743.874,1.12356
741.692,1.12366
743.25,1.12376
735.668,1.12386
741.631,1.12396
736.041,1.12407
726.953,1.12416
724.507,1.12427
726.597,1.12437
713.517,1.12447
720.705,1.12457
708.938,1.12467
697.815,1.12477
711.132,1.12487
715.177,1.12497
737.675,1.12508
706.673,1.12518
707.639,1.12527
711.237,1.12538
715.386,1.12548
706.721,1.12558
687.251,1.12568
690.135,1.12578
711.954,1.12588
691.947,1.12598
696.864,1.12608
707.571,1.12618
688.751,1.12629
708.487,1.12638
691.575,1.12649
685.839,1.12659
691.904,1.12669
691.417,1.12679
695.034,1.12689
692.613,1.12699
709.607,1.12709
698.835,1.12719
710.223,1.12729
680.706,1.12739
708.422,1.12749
698.356,1.1276
692.044,1.1277
710.23,1.1278
681.528,1.1279
707.846,1.128
713.29,1.1281
696.151,1.1282
702.309,1.1283
708.619,1.12841
698.58,1.1285
709.467,1.12861
721.575,1.12871
712.899,1.12881
715.763,1.12891
707.527,1.12901
703.978,1.12911
714.8,1.12921
724.569,1.12931
704.003,1.12941
715.673,1.12951
714.997,1.12961
706.834,1.12972
686.801,1.12981
704.652,1.12991
718.107,1.13002
724.882,1.13012
704.473,1.13022
717.166,1.13032
741.732,1.13042
706.948,1.13052
704.162,1.13062
724.628,1.13072
687.538,1.13082
718.077,1.13093
705.581,1.13103
680.879,1.13112
704.378,1.13123
677.734,1.13133
702.152,1.13143
683.182,1.13153
684.097,1.13163
704.004,1.13173
671.943,1.13184
689.479,1.13193
669.576,1.13204
671.711,1.13214
651.507,1.13223
679.02,1.13234
681.435,1.13244
685.769,1.13254
673.927,1.13264
694.371,1.13274
686.448,1.13285
654.076,1.13295
707,1.13305
680.705,1.13315
690.189,1.13325
679.995,1.13335
710.324,1.13345
683.469,1.13355
710.121,1.13365
711.341,1.13375
694.803,1.13385
710.924,1.13395
718.145,1.13405
726.188,1.13415
702.614,1.13426
726.798,1.13436
735.797,1.13446
732.528,1.13456
738.678,1.13466
740.197,1.13476
735.999,1.13486
734.882,1.13496
750.063,1.13506
743.491,1.13516
761.676,1.13527
751.041,1.13537
750.664,1.13546
745.474,1.13557
752.263,1.13567
748.783,1.13577
752.414,1.13587
742.692,1.13597
753.961,1.13607
762.028,1.13617
756.988,1.13628
760.556,1.13638
757.527,1.13647
758.817,1.13658
758.101,1.13668
760.15,1.13678
767.675,1.13688
758.062,1.13698
767.118,1.13708
762.001,1.13718
760.083,1.13728
770.006,1.13738
760.091,1.13749
757.419,1.13759
766.069,1.13769
762.802,1.13779
759.443,1.13789
754.806,1.13799
764.301,1.13809
770.235,1.13819
774.468,1.13829
761.405,1.13839
767.194,1.13849
762.206,1.1386
767.966,1.1387
763.18,1.13879
773.597,1.1389
763.444,1.139
760.624,1.1391
771.1,1.1392
762.346,1.1393
762.891,1.1394
758.612,1.13951
762.052,1.13961
769.86,1.13971
748.309,1.13981
754.931,1.13991
761.646,1.14001
754.927,1.14011
752.521,1.14021
763.234,1.14031
771.157,1.14041
749.28,1.14051
750.667,1.14061
759.649,1.14071
760.237,1.14082
751.026,1.14092
755.752,1.14101
760.334,1.14112
743.324,1.14122
752.413,1.14132
747.242,1.14142
738.863,1.14152
759.51,1.14162
726.483,1.14172
738.667,1.14182
745.714,1.14193
739.094,1.14203
737.91,1.14213
728.234,1.14223
716.266,1.14233
727.801,1.14243
734.534,1.14253
730.615,1.14263
742.784,1.14273
720.457,1.14283
719.823,1.14293
730.794,1.14303
726.425,1.14313
730.678,1.14324
722.58,1.14334
725.322,1.14344
726.344,1.14354
733.163,1.14364
711.104,1.14374
718.991,1.14384
716.2,1.14394
713.577,1.14405
713.814,1.14414
717.565,1.14425
708.02,1.14435
716.214,1.14445
711.915,1.14455
693.547,1.14465
725.211,1.14475
692.12,1.14485
699.906,1.14495
705.048,1.14505
710.688,1.14515
702.421,1.14525
702.375,1.14535
700.208,1.14546
716.166,1.14556
732.159,1.14566
699.863,1.14576
705.805,1.14586
702.948,1.14596
692.833,1.14606
709.746,1.14616
711.966,1.14627
710.839,1.14637
705.241,1.14647
693.945,1.14657
709.109,1.14667
701.383,1.14677
710.549,1.14687
708.442,1.14697
700.987,1.14707
712.194,1.14717
708.647,1.14727
697.969,1.14738
726.048,1.14748
713.067,1.14757
707.817,1.14768
697.324,1.14778
704.014,1.14788
705.853,1.14798
698.314,1.14808
714.313,1.14818
715.904,1.14828
710.732,1.14839
710.774,1.14848
692.927,1.14859
712.68,1.14868
702.819,1.14879
689.607,1.14889
707.073,1.14899
713.873,1.14909
699.216,1.14919
701.671,1.14929
706.309,1.14939
695.137,1.14949
714.228,1.14959
691.145,1.14969
697.108,1.1498
684.579,1.14989
690.465,1.15
685.224,1.1501
695.706,1.1502
696.183,1.1503
680.646,1.1504
700.607,1.1505
674.905,1.1506
701.018,1.15071
685.561,1.1508
688.532,1.15091
676.395,1.15101
688.267,1.15111
667.663,1.15121
673.33,1.15131
681.031,1.15141
647.657,1.15151
663.383,1.15161
651.535,1.15171
653.493,1.15181
677.245,1.15191
667.546,1.15201
700.031,1.15212
659.574,1.15222
651.557,1.15232
651.869,1.15242
651.376,1.15252
663.157,1.15262
666.48,1.15272
653.056,1.15282
648.96,1.15292
661.642,1.15303
677.853,1.15313
668.924,1.15323
666.834,1.15333
679.35,1.15343
689.651,1.15353
673.935,1.15363
676.631,1.15373
688.738,1.15383
685.507,1.15393
688.404,1.15403
703.916,1.15413
695.142,1.15424
705.277,1.15434
695.596,1.15444
709.546,1.15454
727.134,1.15464
702.795,1.15474
728.749,1.15484
725.096,1.15494
731.141,1.15504
725.056,1.15515
741.486,1.15524
730.207,1.15535
736.544,1.15545
740.02,1.15555
746.763,1.15565
728.577,1.15575
746.823,1.15585
745.197,1.15595
752.138,1.15606
747.112,1.15615
747.544,1.15626
742.664,1.15636
756.222,1.15645
750.518,1.15656
747.948,1.15666
759.356,1.15676
731.628,1.15686
744.303,1.15696
756.597,1.15706
744.103,1.15716
748.256,1.15726
745.702,1.15736
761.517,1.15746
745.44,1.15757
758.51,1.15767
739.242,1.15777
736.798,1.15787
744.28,1.15797
748.58,1.15807
746.65,1.15817
738.43,1.15827
737.183,1.15837
739.922,1.15847
741.748,1.15857
736.809,1.15867
741.656,1.15878
740.935,1.15888
737.011,1.15898
735.051,1.15908
733.874,1.15918
739.267,1.15928
745.939,1.15938
743.074,1.15948
736.381,1.15959
743.268,1.15968
738.188,1.15979
732.548,1.15989
746.815,1.15999
726.588,1.16009
739.553,1.16019
729.484,1.16029
732.585,1.16039
728.999,1.16049
740.586,1.16059
748.615,1.16069
725.209,1.1608
746.62,1.1609
722.832,1.161
731.688,1.1611
733.134,1.1612
734.067,1.1613
734.585,1.1614
736.98,1.1615
736.33,1.1616
735.884,1.1617
735.519,1.1618
732.616,1.1619
723.971,1.16201
729.174,1.16211
731.331,1.16221
730.332,1.16231
728.443,1.16241
733.023,1.16251
717.455,1.16261
732.048,1.16271
731.07,1.16281
711.832,1.16291
737.941,1.16301
736.17,1.16312
737.91,1.16321
727.031,1.16332
723.822,1.16342
738.738,1.16352
722.071,1.16362
718.492,1.16372
717.459,1.16382
726.633,1.16392
727.179,1.16402
711.758,1.16412
720.609,1.16422
738.195,1.16433
727.927,1.16443
710.339,1.16453
702.647,1.16463
720.201,1.16473
726.807,1.16483
722.322,1.16493
711.905,1.16503
696.183,1.16514
714.269,1.16523
715.465,1.16534
714.309,1.16544
713.116,1.16554
708.702,1.16564
695.593,1.16574
721.685,1.16584
683.278,1.16594
700.663,1.16604
677.296,1.16614
694.922,1.16625
680.837,1.16634
705.41,1.16644
688.793,1.16655
680.882,1.16665
684.249,1.16675
696.947,1.16685
676.204,1.16695
688.812,1.16705
662.196,1.16715
671.476,1.16725
686.398,1.16735
680.836,1.16746
668.108,1.16756
672.806,1.16766
677.023,1.16776
681.687,1.16786
691.221,1.16796
675.824,1.16806
677.261,1.16816
672.408,1.16826
664.862,1.16836
666.002,1.16846
673.309,1.16856
676.28,1.16867
678.078,1.16877
691.897,1.16887
697.141,1.16897
690.645,1.16907
668.094,1.16917
673.578,1.16927
673.932,1.16937
681.081,1.16947
676.189,1.16957
695.806,1.16968
687.271,1.16978
680.059,1.16987
700.446,1.16998
705.076,1.17008
693.92,1.17018
687.522,1.17028
704.829,1.17038
697.122,1.17048
701.65,1.17058
696.789,1.17068
691.819,1.17078
691.305,1.17089
697.241,1.17099
681.388,1.17109
674.673,1.17119
681.83,1.17129
685.466,1.17139
689.44,1.17149
695.537,1.17159
694.178,1.17169
688.75,1.17179
690.317,1.1719
681.042,1.172
699.018,1.17209
693.173,1.1722
674.695,1.1723
669.239,1.1724
683.882,1.1725
680.123,1.1726
665.671,1.1727
678.317,1.1728
670.224,1.1729
692.188,1.173
668.81,1.1731
682.723,1.1732
683.189,1.17331
669.236,1.17341
668.606,1.17351
664.574,1.17361
670.035,1.17371
661.557,1.17381
679.164,1.17391
674.27,1.17402
685.404,1.17411
653.505,1.17422
658.663,1.17432
674.999,1.17442
676.266,1.17452
677.311,1.17462
671.055,1.17472
683.688,1.17482
697.974,1.17493
681.331,1.17502
683.396,1.17512
679.388,1.17523
696.846,1.17532
682.448,1.17543
695.763,1.17553
694.648,1.17563
695.365,1.17573
694.552,1.17583
715.317,1.17593
696.661,1.17603
708.237,1.17613
714.791,1.17623
697.815,1.17633
716.944,1.17643
716.136,1.17653
713.605,1.17664
727.1,1.17674
714.329,1.17684
711.435,1.17694
725.769,1.17704
732.774,1.17714
712.701,1.17724
719.755,1.17734
716.766,1.17745
720.749,1.17755
717.086,1.17765
720.953,1.17775
718.796,1.17785
729.904,1.17795
721.442,1.17805
727.772,1.17815
727.531,1.17825
735.773,1.17835
723.75,1.17845
722.26,1.17855
737.693,1.17866
719.037,1.17876
731.576,1.17886
728.306,1.17896
732.078,1.17906
724.514,1.17916
739.82,1.17926
726.648,1.17936
728.665,1.17946
727.749,1.17956
732.282,1.17966
743.62,1.17977
731.049,1.17987
723.313,1.17997
732.498,1.18007
736.215,1.18017
729.097,1.18027
734.142,1.18037
736.203,1.18047
733.044,1.18057
729.299,1.18067
723.002,1.18078
736.098,1.18088
730.79,1.18098
722.889,1.18108
722.71,1.18118
734.461,1.18128
720.813,1.18138
728.874,1.18148
736.554,1.18158
733.926,1.18168
720.098,1.18178
724.297,1.18189
720.995,1.18198
729.857,1.18209
720.849,1.18219
727.727,1.18229
712.993,1.18239
712.647,1.18249
708.043,1.18259
700.176,1.18269
717.743,1.18279
705.419,1.18289
712.274,1.183
701.914,1.18309
706.815,1.1832
713.412,1.1833
706.459,1.1834
704.022,1.1835
708.443,1.1836
689.165,1.1837
710.407,1.1838
699.092,1.1839
712.994,1.184
704.216,1.18411
703.815,1.1842
686.623,1.18431
689.186,1.18441
697.098,1.18451
702.235,1.18461
698.477,1.18471
705.902,1.18481
683.467,1.18491
688.106,1.18501
698.48,1.18511
683.554,1.18521
689.946,1.18532
685.946,1.18542
689.1,1.18552
700.901,1.18562
694.49,1.18572
682.129,1.18582
674.956,1.18592
673.691,1.18602
692.709,1.18612
688.318,1.18622
692.891,1.18632
687.538,1.18643
695.202,1.18652
678.856,1.18663
673.77,1.18673
674.769,1.18683
673.307,1.18693
664.268,1.18703
691.198,1.18713
674.64,1.18723
677.415,1.18733
684.766,1.18743
674.499,1.18754
676.066,1.18764
690.983,1.18774
697.066,1.18784
674.653,1.18794
688.654,1.18804
685.46,1.18814
674.06,1.18824
681.73,1.18834
670.598,1.18845
686.102,1.18854
694.66,1.18865
691.709,1.18875
665.43,1.18885
675.383,1.18895
685.75,1.18905
696.571,1.18915
679.189,1.18925
684.91,1.18935
696.176,1.18945
691.587,1.18955
673.87,1.18965
688.517,1.18975
689.6,1.18986
677.945,1.18996
698.878,1.19006
682.77,1.19016
684.609,1.19026
699.134,1.19036
671.244,1.19046
680.581,1.19056
684.098,1.19066
684.912,1.19076
676.767,1.19086
669.741,1.19097
667.09,1.19107
673.899,1.19117
679.96,1.19127
669.974,1.19137
678.51,1.19147
643.545,1.19157
664.213,1.19167
675.532,1.19177
678.021,1.19187
678.97,1.19198
658.044,1.19208
666.425,1.19217
678.246,1.19228
666.571,1.19238
651.116,1.19248
671.032,1.19258
665.52,1.19268
660.655,1.19279
668.478,1.19288
671.614,1.19298
665.068,1.19309
649.915,1.19319
657.656,1.19329
675.947,1.19339
658.162,1.19349
667.37,1.19359
665.295,1.19369
649.397,1.19379
659.268,1.19389
659.787,1.19399
665.127,1.1941
664.787,1.19419
652.161,1.1943
655.564,1.1944
675.246,1.1945
650.67,1.1946
666.336,1.1947
671,1.1948
667.499,1.1949
671.446,1.195
683.481,1.1951
679.584,1.1952
674.721,1.1953
671.144,1.19541
695.64,1.19551
688.729,1.19561
684.742,1.19571
705.201,1.19581
712.815,1.19591
695.643,1.19601
703.659,1.19611
710.543,1.19621
686.965,1.19631
719.209,1.19641
709.628,1.19652
713.854,1.19662
716.814,1.19672
716.254,1.19682
718.044,1.19692
719.959,1.19702
713.722,1.19712
719.248,1.19722
721.677,1.19732
709.764,1.19743
719.594,1.19752
722.574,1.19763
716.823,1.19773
733.736,1.19783
728.972,1.19793
716.4,1.19803
728.463,1.19813
720.24,1.19823
719.565,1.19833
725.581,1.19844
719.097,1.19853
720.293,1.19863
721.241,1.19873
721.708,1.19884
708.574,1.19894
713.481,1.19904
704.251,1.19914
702.745,1.19924
713.43,1.19934
708.142,1.19944
705.641,1.19954
719.387,1.19964
715.12,1.19975
713.256,1.19985
713.258,1.19995
706.339,1.20005
710.962,1.20015
705.002,1.20025
710.122,1.20035
715.27,1.20045
711.27,1.20055
708.826,1.20065
702.336,1.20075
717.796,1.20085
711.141,1.20096
708.86,1.20106
694.859,1.20116
710.297,1.20126
707.398,1.20136
711.618,1.20146
694.89,1.20156
710.816,1.20166
707.232,1.20176
704.997,1.20187
699.053,1.20196
702.859,1.20207
702.272,1.20217
695.009,1.20227
711.087,1.20237
706.64,1.20247
703.868,1.20257
700.66,1.20267
702.277,1.20277
703.524,1.20287
696.696,1.20297
707.105,1.20307
710.514,1.20318
690.417,1.20328
699.627,1.20338
693.107,1.20348
693.816,1.20358
700.107,1.20368
697.67,1.20378
693.433,1.20388
702.475,1.20398
708.207,1.20408
706.668,1.20419
683.842,1.20429
683.434,1.20439
693.884,1.20449
695.508,1.20459
697.132,1.20469
697.299,1.20479
694.804,1.20489
696.308,1.20499
695.335,1.20509
684.72,1.20519
680.727,1.2053
689.282,1.2054
700.795,1.2055
691.14,1.2056
689.623,1.2057
708.774,1.2058
683.971,1.2059
691.147,1.206
696.534,1.2061
697.798,1.2062
683.369,1.2063
686.151,1.2064
676.92,1.2065
689.558,1.20661
681.739,1.20671
687.598,1.20681
695.349,1.20691
664.747,1.20701
676.576,1.20711
675.571,1.20721
661.19,1.20731
675.022,1.20741
690.508,1.20751
660.932,1.20762
662.091,1.20772
666.244,1.20782
677.927,1.20792
655.48,1.20802
654.925,1.20812
659.091,1.20822
663.12,1.20832
674.063,1.20842
650.068,1.20852
651.455,1.20863
664.486,1.20873
667.058,1.20883
660.873,1.20892
651.152,1.20903
649.801,1.20913
653.219,1.20923
645.355,1.20933
644.009,1.20943
658.353,1.20953
661.307,1.20963
646.38,1.20973
671.444,1.20984
655.683,1.20994
657.023,1.21004
663.497,1.21014
671.787,1.21024
668.65,1.21034
664.635,1.21044
662.542,1.21054
672.628,1.21064
679.414,1.21074
673.725,1.21084
657.982,1.21095
649.997,1.21105
652.87,1.21115
655.556,1.21125
665.673,1.21135
662.115,1.21145
681.105,1.21155
678.472,1.21165
663.789,1.21175
658.888,1.21185
665.875,1.21196
655.931,1.21206
665.974,1.21216
663.734,1.21226
677.475,1.21236
668.45,1.21246
673.062,1.21256
677.13,1.21266
660.862,1.21276
660.901,1.21286
672.092,1.21297
658.543,1.21306
669.536,1.21317
679.887,1.21327
647.443,1.21337
679.576,1.21347
670.677,1.21357
658.796,1.21367
656.499,1.21377
660.116,1.21387
654.809,1.21397
654.441,1.21408
654.549,1.21417
667.346,1.21428
659.488,1.21438
664.713,1.21448
690.091,1.21458
668.163,1.21468
675.736,1.21478
648.382,1.21488
658.107,1.21498
674.345,1.21508
669.663,1.21518
665.725,1.21528
653.6,1.21539
681.628,1.21549
687.357,1.21559
677.636,1.21569
663.078,1.21579
654.423,1.21589
670.128,1.21599
674.328,1.21609
678.91,1.21619
680.37,1.21629
679.473,1.2164
692.038,1.2165
667.509,1.2166
674.051,1.2167
676.595,1.2168
678.65,1.2169
685.926,1.217
685.16,1.2171
689.052,1.2172
685.423,1.2173
681.787,1.21741
678.108,1.21751
699.195,1.21761
693.606,1.21771
689.325,1.21781
697.377,1.21791
699.387,1.21801
693.74,1.21811
696.065,1.21821
690.084,1.21831
695.509,1.21841
685.443,1.21851
689.886,1.21861
696.722,1.21872
704.017,1.21882
696.956,1.21892
698.667,1.21902
688.467,1.21912
698.565,1.21922
689.532,1.21932
702.639,1.21942
694.364,1.21952
698.676,1.21962
691.61,1.21972
697.596,1.21983
700.766,1.21993
694.242,1.22003
688.064,1.22013
702.03,1.22023
695.443,1.22033
697.921,1.22043
700.45,1.22053
703.288,1.22063
705.221,1.22073
698.196,1.22084
696.677,1.22094
701.397,1.22104
702.218,1.22114
696.924,1.22124
697.9,1.22134
696.756,1.22144
692.703,1.22154
707.112,1.22164
695.509,1.22174
707.385,1.22184
