308.684,5.13928e-05
309.888,0.000150225
299.534,0.000249455
300.092,0.000352465
301.964,0.000454577
308.518,0.000553078
302.894,0.00065589
306.714,0.000754663
301.192,0.000852985
300.28,0.000957242
304.632,0.00105611
303.414,0.00115641
303.177,0.00125761
307.765,0.00135993
304.369,0.00146013
312.884,0.0015572
298.634,0.00166073
307.904,0.00176048
308.343,0.00186025
308.083,0.00196148
304.939,0.0020623
304.824,0.00216519
306.062,0.00226406
303.664,0.00236701
305.294,0.00246579
314.884,0.00256527
307.048,0.002667
311.885,0.00276694
315.146,0.00287014
315.177,0.00296841
308.976,0.00307335
321.943,0.00317055
317.818,0.00327458
318.59,0.00337317
315.094,0.00347718
318.863,0.00357668
314.94,0.00367657
321.025,0.00377592
323.33,0.00387837
325.149,0.00397954
320.531,0.0040804
318.59,0.00418184
327.314,0.00428031
326.217,0.00438056
335.502,0.00448105
321.548,0.00458292
319.807,0.00467976
337.655,0.0047836
319.944,0.00487885
324.102,0.00498494
321.572,0.00508225
321.95,0.00518044
324.787,0.0052812
326.214,0.00538252
315.694,0.00548591
322.26,0.00558544
316.688,0.00568711
329.295,0.0057841
319.5,0.00588476
304.897,0.00598816
321.478,0.00608342
330.067,0.00618718
304.925,0.00628862
304.384,0.00638705
317.571,0.00648736
313.633,0.00658865
306.032,0.00668786
294.312,0.0067889
314.893,0.00688946
305.843,0.00698798
302.148,0.00709026
306.1,0.00719331
311.718,0.00728969
302.377,0.00739083
297.497,0.00749073
294.263,0.00758941
302.178,0.00769315
305.243,0.00779309
298.06,0.00789439
305.06,0.00799362
307.215,0.00809528
294.801,0.00819533
304.95,0.00829715
301.132,0.00839818
305.985,0.00849816
299.424,0.00859876
307.642,0.00869913
300.522,0.00879838
306.273,0.00890131
301.172,0.00900061
304.741,0.00910208
297.953,0.00920046
299.644,0.00930331
301.811,0.00940146
300.692,0.00950378
311.803,0.00960589
304.616,0.00970458
302.157,0.00980777
305.242,0.00990678
301.271,0.0100071
303.472,0.0101066
298.866,0.0102083
305.823,0.0103092
304.142,0.0104087
299.235,0.0105097
297.273,0.0106106
306.827,0.0107116
301.349,0.0108113
301.093,0.0109137
308.437,0.0110117
306.065,0.0111156
301.418,0.011213
307.582,0.0113169
305.069,0.0114139
291.765,0.011517
295.881,0.0116188
306.377,0.0117176
297.455,0.0118174
310.002,0.011919
316.828,0.0120191
308.634,0.012119
299.243,0.0122207
308.296,0.0123204
303.492,0.0124215
301.263,0.0125222
311.898,0.0126223
308.357,0.0127236
315.535,0.0128242
301.689,0.012923
307.398,0.0130267
310.191,0.0131265
303.944,0.0132219
309.091,0.0133295
307.821,0.0134286
305.646,0.0135295
313.496,0.013628
313.591,0.0137302
317.891,0.013828
319.284,0.0139299
305.327,0.014033
310.209,0.01413
315.907,0.0142325
322.804,0.0143315
315.267,0.0144332
315.976,0.0145329
316.655,0.0146338
312.654,0.0147325
314.175,0.0148378
318.632,0.0149346
312.249,0.0150382
318.898,0.0151402
330.258,0.015238
328.192,0.0153382
324.551,0.0154416
319.876,0.01554
323.56,0.0156416
326.556,0.0157424
313.373,0.0158423
314.153,0.0159437
311.719,0.0160448
305.507,0.0161441
326.06,0.016248
318.398,0.0163448
321.039,0.0164462
306.412,0.016548
316.332,0.0166484
304.679,0.0167479
319.942,0.0168494
319.022,0.0169479
305.34,0.0170506
307.064,0.0171487
317.486,0.0172526
317.43,0.0173528
306.719,0.0174521
307.415,0.0175501
309.224,0.0176551
300.109,0.0177516
305.471,0.0178576
298.656,0.0179545
304.981,0.0180556
313.24,0.0181585
301.711,0.0182578
298.322,0.0183568
314.243,0.0184612
298.8,0.0185586
299.541,0.0186592
294.585,0.0187617
315.01,0.0188599
302.004,0.0189626
300.42,0.0190646
299.426,0.0191628
306.731,0.0192632
297.183,0.0193647
307.533,0.0194653
305.494,0.0195665
300.217,0.019667
295.952,0.0197679
304.736,0.0198664
311.978,0.0199681
316.852,0.0200691
305.872,0.0201687
302.11,0.0202693
305.201,0.0203699
305.26,0.0204709
299.857,0.0205716
298.993,0.0206723
300.384,0.0207739
301.007,0.0208742
306.235,0.0209722
314.979,0.0210744
301.635,0.0211762
304.503,0.0212734
304.835,0.0213771
292.946,0.0214772
299.804,0.0215759
315.999,0.0216774
298.703,0.021778
303.88,0.0218782
295.484,0.0219789
308.606,0.0220817
299.99,0.0221805
305.846,0.0222825
306.898,0.0223819
302.235,0.0224854
316.299,0.0225802
304.697,0.0226811
297.647,0.022785
304.984,0.022884
300.751,0.0229843
305.396,0.0230849
315.936,0.0231899
310.512,0.0232873
297.125,0.0233916
309.325,0.0234885
309.819,0.0235885
306.587,0.0236887
316.284,0.0237902
322.359,0.0238906
310.582,0.0239946
313.32,0.0240922
334.675,0.0241938
301.261,0.0242926
320.25,0.0243961
326.955,0.0244941
326.192,0.0245942
310.217,0.0246943
317.083,0.0247971
312.232,0.0249002
327.638,0.0249951
318.785,0.0251021
323.74,0.0251954
331.014,0.0253011
329.049,0.0254015
323.806,0.0255008
337.569,0.025602
320.334,0.0257005
331.009,0.0258028
340.172,0.0259035
333.866,0.0260035
335.886,0.0261071
320.929,0.0262082
325.904,0.0263036
323.746,0.0264076
331.868,0.0265071
317.735,0.0266054
323.893,0.0267094
316.864,0.0268098
317.512,0.0269096
323.712,0.0270073
312.625,0.0271116
318.285,0.0272118
314.503,0.0273106
310.404,0.0274144
317.275,0.0275128
318.754,0.0276144
307.49,0.0277176
313.967,0.0278134
309.331,0.027918
310.483,0.0280145
309.809,0.0281188
303.802,0.0282188
311.885,0.0283164
309.135,0.0284191
305.932,0.0285177
303.526,0.0286205
305.746,0.0287194
299.936,0.0288222
298.636,0.0289222
298.129,0.0290212
300.858,0.0291241
299.21,0.0292231
305.735,0.0293241
302.94,0.0294238
303.171,0.029526
303.988,0.0296254
305.395,0.0297279
303.657,0.029828
312.962,0.0299263
295.058,0.0300273
292.784,0.0301292
297.256,0.0302295
296.14,0.0303292
304.642,0.0304308
290.743,0.0305303
286.43,0.0306338
302.698,0.030732
305.609,0.0308323
295.97,0.0309324
289.287,0.0310356
302.053,0.031138
293.422,0.0312347
300.002,0.031335
296.894,0.0314358
295.914,0.0315343
299.767,0.0316392
297.672,0.0317377
299.559,0.031841
311.996,0.0319392
307.249,0.0320381
306.811,0.0321378
295.799,0.0322415
302.675,0.0323397
307.71,0.0324417
301.633,0.0325398
303.059,0.0326445
313.475,0.0327408
319.503,0.0328432
306.95,0.0329427
302.56,0.0330446
301.767,0.0331456
306.221,0.0332442
311.558,0.0333468
305.271,0.0334419
318.025,0.0335448
307.97,0.033647
312.496,0.0337496
307.392,0.0338462
308.749,0.0339485
321.376,0.0340519
313.595,0.0341482
314.707,0.0342504
301.306,0.0343482
313.44,0.0344538
315.564,0.0345486
307.037,0.0346513
323.584,0.0347533
317.676,0.0348516
310.068,0.0349535
317.916,0.0350544
322.797,0.0351529
322.418,0.0352548
317.114,0.0353537
311.279,0.0354571
312.635,0.035555
322.677,0.0356554
320.206,0.0357576
327.136,0.0358579
323.594,0.0359559
340.111,0.0360593
325.76,0.0361572
325.143,0.0362617
322.649,0.0363601
325.705,0.0364606
316.78,0.0365632
318.193,0.0366604
327.746,0.0367626
311.666,0.0368629
315.556,0.0369657
303.215,0.0370639
327.348,0.037164
319.912,0.0372661
307.276,0.0373664
310.508,0.0374668
312.751,0.0375678
312.827,0.0376683
298.069,0.0377636
322.081,0.0378696
308.532,0.0379655
304.935,0.0380679
307.863,0.0381682
313.507,0.0382666
302.991,0.0383709
311.353,0.0384678
300.176,0.0385713
305.343,0.0386717
296.981,0.0387739
308.302,0.0388731
305.815,0.038973
301.717,0.0390738
300.456,0.0391728
303.552,0.0392753
288.436,0.0393737
298.024,0.0394729
295.588,0.0395774
298.884,0.0396753
298.181,0.0397769
301.993,0.0398776
307.549,0.0399778
304.354,0.0400758
297.443,0.0401807
289.781,0.0402781
296.901,0.0403787
303.373,0.0404809
301.677,0.0405784
300.298,0.0406809
304.374,0.0407789
305.863,0.040883
297.958,0.040981
300.623,0.0410838
298.785,0.0411814
302.29,0.0412831
308.448,0.041383
300.797,0.0414851
306.504,0.0415843
298.619,0.0416865
306.176,0.041787
296.401,0.0418873
300.967,0.0419864
298.751,0.0420869
300.293,0.0421873
302.214,0.0422898
301.491,0.0423873
308.39,0.0424907
302.537,0.0425887
307.685,0.0426887
309.903,0.0427898
313.44,0.0428925
311.932,0.0429932
301.615,0.0430913
311.413,0.0431922
305.748,0.043294
310.729,0.0433916
308.074,0.0434947
310.813,0.0435947
312.41,0.0436961
303.562,0.0437949
309.528,0.0438952
317.915,0.0439973
309.135,0.0441006
317.5,0.0441961
314.21,0.0443
311.662,0.0443982
319.131,0.0444997
320.594,0.0446037
316.636,0.0446985
314.976,0.044804
312.902,0.0449014
313.941,0.0449996
322.335,0.0451016
309.807,0.0452036
327.351,0.0453043
321.682,0.0454016
341.729,0.0455036
321.955,0.0456029
335.7,0.0457059
332.619,0.0458056
330.626,0.0459044
331.691,0.0460081
325.636,0.0461112
326.202,0.046206
326.996,0.0463057
320.819,0.0464092
328.826,0.0465097
318.183,0.0466093
327.862,0.0467072
312.623,0.0468091
331.202,0.0469115
310.544,0.0470107
318.586,0.047112
320.351,0.0472159
313.943,0.0473104
303.932,0.0474134
312.139,0.0475139
309.82,0.0476152
306.27,0.0477137
306.125,0.0478169
302.129,0.0479145
307.93,0.0480149
307.859,0.0481163
301.853,0.0482174
306.261,0.0483148
297.014,0.0484183
303.985,0.0485172
297.813,0.0486189
300.808,0.0487203
300.6,0.0488196
309.664,0.0489191
301.77,0.049023
300.432,0.0491202
298.716,0.0492237
302.943,0.0493224
307.026,0.0494216
294.829,0.0495243
311.025,0.0496231
307.227,0.0497244
295.187,0.0498278
307.788,0.0499239
307.954,0.0500271
296.733,0.0501258
292.958,0.0502276
302.318,0.0503253
303.861,0.0504275
303.638,0.0505293
293.045,0.0506259
305.127,0.0507307
293.448,0.0508322
296.886,0.0509297
307.001,0.0510305
306.661,0.0511326
295.249,0.0512341
298.332,0.0513318
303.461,0.0514314
307.363,0.0515336
300.099,0.0516312
291.896,0.0517362
295.326,0.0518335
301.73,0.0519337
306.657,0.0520356
295.01,0.0521336
299.711,0.0522362
305.508,0.0523362
307.856,0.0524352
309.991,0.0525363
302.062,0.0526397
308.245,0.052739
302.954,0.0528345
304.293,0.0529416
298.577,0.0530415
307.779,0.0531417
309.667,0.0532391
308.85,0.0533414
309.55,0.0534419
310.332,0.0535421
309.697,0.0536417
307.301,0.0537449
317.35,0.0538426
315.093,0.0539455
303.911,0.0540463
311.006,0.0541469
303.966,0.0542461
305.729,0.0543478
310.731,0.0544453
314.434,0.0545468
312.822,0.0546479
317.937,0.0547499
312.538,0.054852
305.536,0.0549479
320.092,0.0550518
306.877,0.0551476
317.09,0.0552524
313.829,0.05535
319.427,0.055453
312.267,0.0555498
327.018,0.055651
323.285,0.0557528
297.934,0.0558521
326.848,0.055953
313.056,0.0560568
323.959,0.0561561
312.981,0.0562548
327.054,0.0563522
320.205,0.0564592
308.9,0.0565562
322.938,0.0566568
324.616,0.0567601
319.443,0.0568576
319.491,0.0569596
314.247,0.0570603
319.177,0.0571584
317.779,0.0572604
319.267,0.0573597
312.787,0.0574663
324.382,0.0575607
313.625,0.0576634
323,0.0577633
316.238,0.0578636
313.703,0.0579643
319.378,0.0580637
312.582,0.0581643
310.924,0.0582662
305.023,0.0583643
305.273,0.0584654
306.89,0.0585655
312.708,0.0586667
306.525,0.0587673
308.558,0.0588677
302.472,0.0589691
315.548,0.0590699
309.136,0.0591699
300.76,0.059269
314.052,0.0593717
298.367,0.0594703
300.295,0.059573
317.409,0.0596735
312.491,0.0597718
304.162,0.0598725
296.821,0.0599732
305.807,0.0600745
309.187,0.0601741
309.496,0.060276
295.397,0.0603751
306.885,0.0604761
304.044,0.0605752
303.895,0.0606756
297.605,0.0607775
297.909,0.0608776
302.387,0.0609774
294.509,0.0610799
298.103,0.0611811
303.114,0.061279
298.368,0.0613812
305.422,0.0614797
315.336,0.0615794
300.579,0.061683
304.776,0.0617816
296.831,0.0618828
301.86,0.0619826
305.444,0.0620842
305.25,0.0621839
306.718,0.0622823
309.525,0.0623847
302.217,0.0624855
306.436,0.0625857
299.487,0.0626869
303.883,0.0627841
299.093,0.062887
307.372,0.0629871
314.984,0.0630874
304.514,0.0631868
303.663,0.0632871
313.209,0.0633855
303.121,0.0634896
298.454,0.063589
306.227,0.0636881
311.774,0.0637907
311.994,0.0638847
307.303,0.0639906
297.574,0.0640919
309.419,0.0641882
303.381,0.0642903
305.613,0.0643905
297.202,0.0644917
317.6,0.0645898
304.507,0.0646892
302.419,0.0647895
310.839,0.0648948
306.34,0.0649929
311.374,0.0650901
306.061,0.06519
325.39,0.0652934
309.786,0.0653927
309.486,0.0654906
312.394,0.0655925
308.049,0.0656941
318.401,0.0657913
324.061,0.0658937
323.509,0.0659891
313.612,0.0660948
319.81,0.0661948
325.357,0.0662959
334.639,0.0663955
324.976,0.0664936
330.632,0.0665969
327.509,0.0666945
332.67,0.0667978
319.471,0.0668949
312.176,0.0669952
327.405,0.0670985
341.343,0.0672003
323.567,0.0672971
321.147,0.0673989
335.128,0.0674932
322.627,0.0675966
330.175,0.0676982
319.573,0.0677979
322.286,0.0678993
329.779,0.0679992
318.488,0.0680994
313.097,0.0681968
303.902,0.0683013
317.419,0.0683977
311.789,0.0685007
313.302,0.0685998
319.368,0.0686979
304.904,0.0687996
310.553,0.0689022
309.081,0.0690015
310.19,0.0691011
308.417,0.0692027
303.935,0.069299
305.557,0.0694007
294.254,0.0695029
298.099,0.0696004
297.398,0.0697004
304.248,0.069803
298.8,0.0699042
296.18,0.0700019
300.724,0.0701036
306.64,0.0702026
306.471,0.0703048
300.269,0.0704027
302.14,0.0705043
302.613,0.0706065
297.127,0.0707048
303.427,0.0708043
311.756,0.0709037
302.107,0.0710044
303.225,0.0711072
301.85,0.0712056
299.716,0.0713031
296.182,0.071407
296.667,0.0715062
293.695,0.071605
308.284,0.0717073
294.305,0.0718071
303.473,0.0719063
298.566,0.0720079
297.508,0.0721089
299.344,0.0722086
300.089,0.0723081
308.428,0.0724078
297.301,0.0725061
290.692,0.0726086
294.95,0.0727107
309.845,0.0728081
291.709,0.0729091
292.154,0.0730073
299.053,0.0731099
304.978,0.0732101
302.168,0.0733107
296.41,0.0734105
307.177,0.0735106
292.611,0.0736126
300.273,0.073711
299.397,0.0738121
300.638,0.0739104
307.551,0.0740121
308.336,0.0741125
309.979,0.0742098
307.57,0.0743124
311.708,0.0744109
307.926,0.0745111
298.983,0.074613
309.97,0.074716
305.044,0.0748123
310.101,0.0749174
316.792,0.0750128
316.135,0.0751147
317.12,0.0752157
328.425,0.0753145
315.479,0.0754134
317.683,0.0755132
321.069,0.0756152
324.145,0.0757133
316.622,0.0758144
318.633,0.0759152
302.609,0.0760149
316.07,0.076119
326.699,0.0762174
325.064,0.0763162
317.112,0.0764176
329.958,0.0765181
312.091,0.0766188
317.363,0.0767135
330.195,0.0768209
323.599,0.0769189
332.039,0.0770201
333.105,0.0771159
328.12,0.0772171
327.996,0.0773196
325.366,0.0774192
328.251,0.0775181
320.332,0.0776215
315.997,0.0777183
332.316,0.0778205
329.935,0.0779223
315.843,0.0780203
318.306,0.0781236
320.782,0.0782201
320.253,0.0783211
327.752,0.0784218
311.78,0.0785223
322.001,0.0786234
306.258,0.0787211
311.202,0.0788227
316.546,0.0789205
305.325,0.0790234
305.121,0.0791224
312.664,0.0792251
309.995,0.0793223
296.158,0.0794233
305.057,0.079525
296.035,0.079626
300.061,0.0797223
300.89,0.0798248
307.975,0.0799262
296.83,0.0800253
306.042,0.0801246
306.487,0.0802298
297.684,0.0803234
301.765,0.0804258
302.28,0.080525
311.827,0.0806269
296.783,0.0807256
298.077,0.0808268
301.338,0.080928
296.504,0.0810266
302.407,0.0811278
302.853,0.0812269
301.195,0.081327
307.563,0.0814277
306.172,0.0815304
296.076,0.0816258
302.987,0.0817284
300.15,0.0818298
301.746,0.0819304
305.764,0.0820296
305.547,0.0821281
300.358,0.0822293
302.693,0.0823301
295.937,0.0824323
301.736,0.0825317
300.96,0.0826303
310.102,0.0827305
299.879,0.0828326
305.017,0.0829292
305.187,0.0830337
305.253,0.0831291
309.725,0.0832332
304.892,0.0833317
302.642,0.0834318
304.974,0.0835317
311.203,0.0836319
306.068,0.083732
294.859,0.0838349
325.294,0.0839339
309.806,0.0840324
318.838,0.0841357
309.073,0.0842342
314.335,0.0843345
308.937,0.0844343
313.034,0.0845366
307.666,0.0846366
305.334,0.0847344
310.752,0.0848342
304.257,0.0849349
302.383,0.0850376
314.568,0.0851357
317.249,0.0852384
311.181,0.0853369
323.237,0.0854366
320.981,0.0855388
309.889,0.0856358
315.229,0.0857408
323.083,0.0858388
323.609,0.0859381
323.693,0.086036
328.878,0.0861389
306.352,0.0862408
327.315,0.0863394
338.842,0.0864391
327.532,0.0865421
315.779,0.0866395
330.652,0.0867371
330.431,0.0868392
312.437,0.0869393
320.444,0.0870415
334.101,0.0871416
318.268,0.0872413
336.98,0.087341
317.762,0.0874421
334.204,0.0875425
337.778,0.0876402
320.776,0.0877426
327.616,0.0878412
317.768,0.0879434
327.115,0.0880406
332.034,0.0881445
320.751,0.0882425
319.953,0.0883486
325.31,0.0884451
324.153,0.0885428
313.436,0.0886431
313.653,0.0887455
320.934,0.088846
307.304,0.0889452
315.895,0.089043
305.836,0.089148
309.924,0.0892485
307.642,0.0893427
304.058,0.0894483
299.71,0.0895466
314.397,0.089644
293.937,0.0897473
298.123,0.0898486
296.032,0.0899476
299.173,0.0900499
304.799,0.0901458
289.377,0.0902462
301.419,0.0903485
298.064,0.0904479
298.872,0.090547
305.73,0.0906477
301.276,0.0907471
304.324,0.0908497
298.256,0.0909489
308.473,0.0910511
308.929,0.0911482
301.968,0.091251
295.333,0.0913499
297.107,0.0914501
297.845,0.0915523
304.426,0.0916496
305.54,0.0917497
307.749,0.091849
302.55,0.0919537
299.308,0.0920482
295.768,0.0921514
298.08,0.0922528
310.566,0.0923511
301.769,0.0924518
299.716,0.0925543
304.703,0.0926526
306.204,0.0927522
301.138,0.0928556
307.831,0.0929517
300.643,0.0930525
310.32,0.0931543
308.758,0.093253
294.712,0.0933547
302.214,0.0934538
308.192,0.0935558
309.598,0.0936538
300.94,0.0937558
296.502,0.0938557
307.968,0.0939538
312.595,0.094058
308.604,0.0941582
310.795,0.0942567
303.516,0.0943573
303.345,0.0944547
310.942,0.0945581
307.867,0.0946589
301.348,0.094756
309.053,0.094857
313.84,0.0949586
322.333,0.0950555
316.384,0.0951594
311.384,0.0952604
313.981,0.0953601
313.745,0.0954588
311.766,0.0955613
312.98,0.0956596
324.469,0.0957581
309.083,0.0958598
316.901,0.0959625
310.89,0.0960585
324.986,0.0961592
312.059,0.0962632
323.606,0.0963611
319.265,0.0964611
314.463,0.0965625
325.099,0.0966607
321.033,0.0967617
322,0.0968619
327.5,0.0969605
317.911,0.097065
313.29,0.0971648
323.462,0.097266
329.166,0.0973642
323.204,0.0974634
330.223,0.0975606
308.737,0.097669
322.894,0.0977623
328.841,0.0978644
318.269,0.0979616
304.088,0.0980662
322.302,0.0981646
326.259,0.0982643
325.191,0.0983654
331.836,0.0984649
322.481,0.0985683
307.749,0.0986672
330.426,0.0987677
321.077,0.0988666
319.449,0.0989685
309.058,0.0990691
313.663,0.0991682
311.061,0.0992659
310.217,0.0993706
310.357,0.0994683
310.801,0.099568
303.728,0.0996709
310.333,0.0997678
301.832,0.0998696
308.839,0.0999704
307.791,0.100071
305.074,0.100169
307.145,0.100269
309.772,0.100369
307.423,0.100471
308.274,0.10057
308.446,0.100672
307.654,0.10077
299.494,0.10087
308.083,0.10097
298.448,0.101072
305.781,0.101172
304.245,0.101272
310.195,0.101373
307.469,0.101473
305.813,0.101573
309.224,0.101674
298.641,0.101773
307.775,0.101873
311.911,0.101974
301.817,0.102073
301.043,0.102175
303.368,0.102275
292.96,0.102374
308.065,0.102476
308.546,0.102575
312.895,0.102673
303.462,0.102776
312.544,0.102876
316.455,0.102976
311.159,0.103075
304.702,0.103177
305.06,0.103275
315.6,0.103376
306.802,0.103478
297.25,0.103577
320.704,0.103677
300.881,0.103777
308.274,0.103878
305.379,0.10398
312.522,0.104078
302.803,0.104178
306.293,0.104279
300.388,0.104379
308.98,0.104478
313.863,0.10458
306.54,0.104681
304.667,0.104782
303.653,0.104877
299.794,0.104982
309.082,0.105081
310.179,0.10518
318.622,0.105279
307.067,0.105381
314.063,0.105481
319.659,0.105582
308.464,0.10568
320.67,0.105779
313.152,0.105883
331.222,0.105981
307.302,0.106085
311.922,0.106185
299.5,0.106283
317.211,0.106384
315.602,0.106482
315.43,0.106583
316.193,0.106684
313.658,0.106788
320.027,0.106885
312.237,0.106982
318.244,0.107086
318.551,0.107186
317.922,0.107283
322.256,0.107385
327.16,0.107487
324.505,0.107583
321.454,0.107686
328.398,0.107789
317.547,0.107888
309.893,0.107989
324.138,0.108088
322.964,0.108189
327.576,0.108288
311.245,0.10839
322.476,0.108489
337.896,0.108587
336.493,0.108691
330.632,0.108789
331.826,0.108889
317.241,0.108989
319.991,0.109087
315.76,0.109193
318.767,0.10929
310,0.109395
311.823,0.109491
310.487,0.109593
306.732,0.109692
304.492,0.109792
312.252,0.109893
303.956,0.109993
307.601,0.110093
298.004,0.11019
304.878,0.110293
311.325,0.110393
309.6,0.110496
294.944,0.110593
301.988,0.110692
307.383,0.110793
308.541,0.110894
305.739,0.110996
299.767,0.111093
293.055,0.111195
301.374,0.111296
305.718,0.111395
298.148,0.111497
304.324,0.111595
293.724,0.111697
291.478,0.111798
300.282,0.111897
302.842,0.111998
302.437,0.112098
295.439,0.112197
297.707,0.112296
296.221,0.112401
310.875,0.112498
307.2,0.112598
300.742,0.112698
303.976,0.112799
304.874,0.112899
301.729,0.112999
295.476,0.1131
299.466,0.113199
309.07,0.1133
298.885,0.113396
294.885,0.113502
293.339,0.113601
296.385,0.113702
301.077,0.113801
305.441,0.113902
302.811,0.114002
295.433,0.114102
303.814,0.114199
297.424,0.114302
299.968,0.114403
299.473,0.114504
306.383,0.114602
297.211,0.114704
304.968,0.114805
299.682,0.114904
299.051,0.114999
314.651,0.115105
311.519,0.115205
299.075,0.115302
297.219,0.115408
312.086,0.115503
313.511,0.115605
312.539,0.115705
314.132,0.115807
306.547,0.115905
320.573,0.116005
317.202,0.116104
318.155,0.116206
318.456,0.116306
311.695,0.116405
319.129,0.116503
320.503,0.11661
316.457,0.116709
322.081,0.116805
326.217,0.116906
317.007,0.11701
327.021,0.11711
320.158,0.117209
322.89,0.117311
331.184,0.117406
318.512,0.117511
330.681,0.117612
321.096,0.117709
336.877,0.117811
328.626,0.11791
336.361,0.118013
318.944,0.118109
331.896,0.118208
320.332,0.118311
326.452,0.118413
323.003,0.118512
321.389,0.118612
320.243,0.118709
317.568,0.118814
331.618,0.118914
319.718,0.119013
325.394,0.11911
333.099,0.119213
318.139,0.119314
325.729,0.119414
321.043,0.119514
315.218,0.119614
310.508,0.119715
318.342,0.119816
309.09,0.119914
314.92,0.120015
304.016,0.120113
312.314,0.120213
312.279,0.120316
313.592,0.120416
311.564,0.120516
297.896,0.120616
307.804,0.120717
312.587,0.120816
307.672,0.120918
312.525,0.121015
304.451,0.121117
307.502,0.121219
301.004,0.121315
299.507,0.121419
301.858,0.121516
304.601,0.121616
302.333,0.121719
303.954,0.121819
303.443,0.12192
305.208,0.122019
301.281,0.122118
303.306,0.122222
292.521,0.122318
291.813,0.122422
311.962,0.122519
299.745,0.12262
304.539,0.122721
304.018,0.122824
300.969,0.122921
305.42,0.123021
298.68,0.123123
303.887,0.123222
294.201,0.123322
299.745,0.123423
295.801,0.123521
301.222,0.123622
300.305,0.123723
302.643,0.123824
299.698,0.123922
289.817,0.124022
306.698,0.124125
298.738,0.124224
304.533,0.124324
293.065,0.124427
311.436,0.124522
309.452,0.124625
308.595,0.124726
304.71,0.124825
310.19,0.124924
301.472,0.125026
316.068,0.125127
308.99,0.125228
303.533,0.125332
309.745,0.125426
309.064,0.12553
311.21,0.125632
304.437,0.125729
311.537,0.125832
311.039,0.125933
312.616,0.126033
310.223,0.126133
318.137,0.126234
308.613,0.126332
318.125,0.126434
319.121,0.126533
313.425,0.126637
306.378,0.126733
318.1,0.126839
315.528,0.126938
319.256,0.127041
325.553,0.127138
320.442,0.127238
324.606,0.127339
328.203,0.127443
319.113,0.127541
321.216,0.127644
320.886,0.127743
313.856,0.127846
329.425,0.127945
327.925,0.128043
328.992,0.128148
323.943,0.128245
345.311,0.128347
338.778,0.128444
332.603,0.128549
333.015,0.128647
316.445,0.128749
323.878,0.128849
322.909,0.128951
344.481,0.129051
317.506,0.12915
322.453,0.129252
324.559,0.129355
320.455,0.129452
322.52,0.129556
315.458,0.129655
313.481,0.129755
307,0.129859
310.779,0.129954
316.037,0.130056
304.739,0.130155
316.754,0.13026
305.835,0.130357
313.066,0.130463
302.587,0.130562
311.425,0.130661
300.159,0.130763
302.615,0.13086
309.692,0.130964
297.092,0.131063
298.609,0.131166
293.443,0.131263
294.011,0.131368
299.602,0.131464
303.838,0.131568
303.525,0.131666
300.365,0.131766
296.696,0.13187
294.506,0.131969
303.9,0.132072
297.902,0.132169
296.458,0.132272
297.492,0.132372
298.329,0.132473
302.835,0.132572
304.34,0.132674
297.921,0.132775
306.734,0.132874
300.725,0.132976
310.488,0.133076
293.723,0.133175
297.981,0.133277
296.341,0.13338
296.273,0.13348
304.425,0.133578
299.313,0.133677
290.111,0.133781
298.004,0.133883
301.762,0.133979
305.656,0.134082
301.911,0.134182
307.589,0.134283
304.626,0.134383
304.164,0.134484
305.183,0.134585
303.534,0.134686
301.114,0.134788
316.823,0.134887
303.47,0.134989
310.467,0.135089
306.769,0.135187
302.982,0.135291
301.257,0.135389
301.919,0.135492
308.904,0.13559
309.742,0.135693
309.297,0.135793
306.657,0.135893
318.687,0.135992
302.517,0.136095
307.54,0.136197
307.88,0.136295
315.368,0.136399
304.581,0.136496
313.978,0.136596
304.792,0.136698
309.913,0.136798
312.87,0.136901
305.783,0.137001
313.29,0.137101
310.778,0.137202
316.815,0.137303
316.716,0.137404
314.402,0.137506
326.237,0.137603
328.447,0.137706
321.23,0.137806
317.486,0.137908
319.929,0.138006
320.876,0.138103
318.303,0.138209
330.783,0.138308
332.535,0.138407
315.104,0.138509
326.986,0.138613
313.333,0.138711
318.871,0.13881
313.448,0.138913
335.69,0.139014
330.258,0.139116
316.603,0.139214
317.065,0.139315
333.57,0.139416
330.215,0.139517
309.613,0.139616
323.332,0.139719
314.075,0.13982
308.991,0.139918
292.383,0.140019
321.501,0.140121
311.193,0.140221
312.074,0.140319
310.314,0.140424
308.412,0.140519
299.768,0.140622
296.944,0.140727
302.505,0.140825
300.203,0.140923
308.065,0.141025
305.58,0.141127
305.809,0.141225
302.353,0.141328
298.56,0.141428
302.964,0.141528
308.676,0.141631
305,0.14173
304.321,0.14183
307.327,0.141932
305.093,0.142033
301.49,0.142133
304.997,0.142234
300.093,0.142334
309.063,0.142436
293.839,0.142535
302.895,0.142637
302.207,0.142735
303.669,0.142838
305.216,0.142936
299.817,0.14304
303.884,0.143138
309.036,0.143239
305.487,0.14334
300.895,0.143442
303.523,0.143539
302.212,0.143641
304.616,0.143743
307.19,0.143843
304.801,0.143946
306.152,0.144043
307.381,0.144141
313.559,0.144246
309.29,0.144346
298.543,0.144449
297.656,0.144548
307.645,0.144646
308.613,0.14475
306.431,0.14485
312.668,0.144949
305.401,0.145052
307.027,0.145151
307.598,0.145252
308.441,0.145352
310.505,0.145453
308.242,0.145554
318.896,0.145653
306.168,0.145757
316.216,0.145857
312.915,0.145955
315.283,0.146056
305.296,0.146161
310.437,0.146258
307.829,0.14636
312.976,0.146459
298.748,0.146559
322.701,0.146661
313.286,0.14676
314.692,0.146861
302.896,0.146963
318.549,0.147064
322.123,0.147164
321.526,0.147263
315,0.147364
314.394,0.147467
322.239,0.147563
323.314,0.147666
318.347,0.147766
310.234,0.147867
312.661,0.147969
324.316,0.148067
331.744,0.148169
315.531,0.148268
334.076,0.148369
331.869,0.148471
329.45,0.148572
309.911,0.148674
336.095,0.148774
327.941,0.148873
333.599,0.148978
330.151,0.149075
315.104,0.149179
331.297,0.149279
315.555,0.149377
330.814,0.149477
328.301,0.149579
327.643,0.149678
323.409,0.14978
327.784,0.14988
326.644,0.149984
321.94,0.150081
301.093,0.150187
315.985,0.150283
326.904,0.150382
319.7,0.150483
311.646,0.150585
310.727,0.150687
311.911,0.150787
311.475,0.150886
307.566,0.150989
322.113,0.151088
310.004,0.151189
306.842,0.15129
304.197,0.151389
306.503,0.151493
303.224,0.151588
302.621,0.151693
309.974,0.151792
308.354,0.151893
301.75,0.151992
306.128,0.152094
303.177,0.152196
303.518,0.152295
306.276,0.152396
296.277,0.152497
308.549,0.152598
306.337,0.152697
309.133,0.152799
304.693,0.152898
306.744,0.153001
292.616,0.1531
300.261,0.153202
311.632,0.153302
310.378,0.153403
303.799,0.153502
305.111,0.153604
306.143,0.153703
306.062,0.153805
294.62,0.153907
308.098,0.154004
304.461,0.154108
303.84,0.154207
301.951,0.154308
301.891,0.154408
299.153,0.154508
302.185,0.154609
314.623,0.154713
304.465,0.154811
305.53,0.154912
306.128,0.155013
306.931,0.155111
296.964,0.155215
301.057,0.155314
300.757,0.155417
291.94,0.155517
303.87,0.155616
302.198,0.155717
302.085,0.155816
305.997,0.155916
307.524,0.156018
312.8,0.156119
310.383,0.156221
303.44,0.156319
297.818,0.156418
317.393,0.156522
300.198,0.156623
309.775,0.156723
305.437,0.156823
303.674,0.156924
297.203,0.157023
321.337,0.157127
309.19,0.157223
311.724,0.157327
311.359,0.15743
322.159,0.157529
316.089,0.157631
317.999,0.157728
314.689,0.157831
321.98,0.157934
318.532,0.158027
320.996,0.158132
315.181,0.158232
321.919,0.158333
328.967,0.158433
332.89,0.158534
322.045,0.158634
315.246,0.158735
325.95,0.158838
325.312,0.158935
323.506,0.159038
331.469,0.159138
312.038,0.159237
322.299,0.159341
318.206,0.159439
327.536,0.15954
317.275,0.15964
322.803,0.159743
322.493,0.159842
330.293,0.159946
322.845,0.160043
331.136,0.160146
330.584,0.160245
320.188,0.160345
321.73,0.160447
323.173,0.160545
310.783,0.16065
308.458,0.160749
305.792,0.160848
324.574,0.160951
320.417,0.161048
313.776,0.161151
312.982,0.16125
308.578,0.161351
308.77,0.161452
312.833,0.161555
306.741,0.161654
305.183,0.161754
301.219,0.161856
306.315,0.161955
302.128,0.162054
306.273,0.162158
305.7,0.162257
305.39,0.162357
307.734,0.162459
300.447,0.16256
308.787,0.162658
309.53,0.162761
310.417,0.162861
301.539,0.162962
303.711,0.163063
308.096,0.163163
313.441,0.163265
297.051,0.163364
297.542,0.163465
301.708,0.163566
305.159,0.163666
291.602,0.163768
304.191,0.163867
298.017,0.163966
304.708,0.164068
304.91,0.16417
301.523,0.164272
294.315,0.164371
296.463,0.164469
300.501,0.164571
308.297,0.164672
296.606,0.164772
296.214,0.164873
292.474,0.164973
295.486,0.165075
301.233,0.165176
297.415,0.165274
299.751,0.165378
297.388,0.165477
303.944,0.16558
305.339,0.165679
303.883,0.16578
303.829,0.16588
310.153,0.165981
300.394,0.166079
307.374,0.166182
304.602,0.166283
298.126,0.166384
306.608,0.166483
305.101,0.166583
311.611,0.166684
311.526,0.166784
309.197,0.166886
309.604,0.166988
318.303,0.167086
320.767,0.167189
314.697,0.16729
319.793,0.167387
314.962,0.16749
309.263,0.167589
306.995,0.167691
322.939,0.167794
311.534,0.167892
314.435,0.167994
318.309,0.168092
315.518,0.168198
322.866,0.168295
328.921,0.168396
333.525,0.168494
321.16,0.168597
320.103,0.168699
313.553,0.168798
331.338,0.168901
330.076,0.169
326.652,0.169101
339.864,0.1692
320.239,0.169301
326.115,0.169404
313.267,0.1695
324.194,0.169603
328.8,0.169706
318.984,0.169803
322.932,0.169907
328.962,0.170002
333.305,0.170109
329.744,0.170206
339.742,0.170307
319.286,0.170408
319.673,0.170507
322.462,0.170611
307.706,0.170711
309.374,0.17081
312.209,0.170913
319.875,0.171013
325.546,0.171111
319.185,0.171214
309.652,0.171314
298.42,0.171416
307.942,0.171515
312.949,0.171614
307.911,0.171718
321.535,0.171816
300.034,0.171918
292.413,0.172016
297.735,0.17212
297.604,0.17222
307.829,0.172318
298.749,0.172422
300.335,0.172521
299.485,0.172624
298.568,0.172722
302.949,0.172825
304.822,0.172924
303.064,0.173025
305.312,0.173123
286.514,0.173227
302.348,0.173326
303.474,0.173427
295.365,0.173527
299.289,0.173627
305.812,0.173728
294.968,0.173832
296.816,0.173931
298.899,0.174031
298.115,0.17413
302.428,0.174232
295.965,0.174331
304.696,0.174434
297.905,0.174533
307.225,0.174634
306.716,0.174735
305.466,0.174835
292.154,0.174935
306.512,0.175037
311.836,0.175138
305.381,0.175239
309.663,0.175339
295.904,0.175441
292.23,0.175539
310.388,0.175642
302.283,0.175741
310.295,0.175844
307.44,0.175942
305.496,0.176043
303.146,0.176145
308.289,0.176244
305.776,0.176345
308.97,0.176446
310.559,0.176547
316.201,0.176648
313.829,0.176747
317.279,0.176848
313.854,0.176949
312.577,0.17705
312.075,0.17715
304.637,0.177253
312.975,0.177352
309.684,0.177454
315.253,0.177553
313.758,0.177652
310.854,0.177757
313.516,0.177855
321.196,0.177956
309.208,0.178057
309.864,0.178157
313.688,0.178259
314.803,0.178356
317.07,0.178456
319.381,0.17856
325.829,0.178656
324.276,0.17876
311.095,0.178863
314.553,0.178958
318.251,0.179062
316.589,0.179163
329.386,0.179261
311.953,0.179364
317.099,0.179465
325.886,0.179564
323.258,0.179663
317.937,0.179766
327.387,0.179867
321.764,0.179968
325.961,0.180069
326.665,0.180166
309.528,0.180272
324.621,0.18037
325.568,0.18047
320.831,0.180571
322.267,0.180671
318.701,0.180769
314.82,0.180874
322.121,0.180973
325.182,0.181073
314.996,0.181174
305.89,0.181276
308.661,0.181374
309.958,0.181477
303.54,0.181577
309.296,0.181679
307.899,0.181783
309.026,0.181881
305.317,0.181979
307.409,0.182082
299.207,0.182182
304.479,0.182281
298.645,0.182382
304.845,0.182484
311.346,0.182585
303.028,0.182684
310.48,0.182786
315.241,0.182884
311.328,0.182987
305.581,0.183086
297.423,0.183185
299.438,0.183289
310.07,0.183389
305.828,0.18349
306.567,0.18359
300.61,0.183691
300.435,0.183793
298.428,0.183891
302.422,0.183993
297.007,0.184093
308.474,0.184192
310.625,0.184297
303.353,0.184392
304.596,0.184497
303.844,0.184597
305.591,0.184697
306.97,0.184798
296.927,0.184899
308.316,0.184999
302.031,0.185098
306.553,0.1852
301.312,0.185301
296.627,0.1854
301.099,0.185501
308.256,0.185603
308.718,0.185703
315.299,0.185805
311.131,0.185903
306.817,0.186006
307.046,0.186106
309.159,0.186206
312.147,0.186306
308.283,0.186407
307.677,0.186507
316.404,0.18661
308.257,0.186708
308.355,0.186806
308.669,0.186909
312.362,0.18701
316.98,0.187113
321.877,0.187212
313.062,0.187313
311.813,0.187414
306.597,0.187517
312.764,0.187616
309.897,0.187714
316.345,0.187817
317.366,0.187918
321.744,0.188014
305.313,0.188117
310.226,0.188219
310.989,0.188318
307.967,0.188418
315.826,0.188519
308.616,0.188621
326.613,0.188724
322.868,0.188821
321.27,0.188921
313.713,0.189022
323.014,0.189122
323.469,0.189228
330.289,0.189328
319.701,0.189428
316.214,0.189528
318.592,0.189625
324.416,0.189727
324.792,0.189829
325.885,0.189929
330.088,0.190031
322.35,0.19013
318.353,0.190232
322.361,0.190334
325.507,0.190432
325.473,0.190532
326.448,0.190635
320.018,0.190734
327.326,0.190836
317.153,0.190935
312.126,0.191036
314.48,0.191136
320.817,0.191241
320.432,0.191337
314.717,0.191443
321.93,0.191542
317.445,0.191638
313.364,0.191741
319.529,0.191844
297.17,0.191943
313.504,0.19204
307.813,0.192145
308.006,0.192244
312.316,0.192347
304.403,0.192444
303.87,0.192546
302.263,0.192645
310.082,0.192746
303.143,0.192849
310.775,0.192948
302.118,0.193049
309.394,0.193148
300.282,0.193251
310.237,0.193351
307.19,0.19345
305.183,0.193554
294.257,0.193653
310.316,0.193752
302.943,0.193855
296.388,0.193955
309.22,0.194053
301.848,0.194156
301.524,0.194255
303.971,0.194358
300.098,0.19446
297.015,0.194559
304.348,0.194657
296.736,0.19476
308.363,0.194859
305.613,0.194962
306.192,0.19506
296.848,0.195163
300.749,0.195263
308.414,0.195367
305.545,0.195462
297.145,0.195564
299.991,0.195665
311.632,0.195768
306.268,0.195865
305.966,0.195967
306.345,0.196067
299.525,0.19617
306.49,0.196268
304.33,0.196367
311.506,0.196469
298.011,0.196569
300.406,0.196673
299.394,0.196772
303.478,0.196874
308.999,0.196973
305.422,0.197074
313.697,0.197173
307.487,0.197277
302.229,0.197375
301.653,0.197477
304.626,0.197575
301.486,0.197678
302.445,0.197778
303.533,0.197877
305.164,0.197981
311.32,0.198081
300.925,0.19818
306.732,0.198281
308.778,0.198381
308.932,0.198483
302.755,0.198583
314.595,0.198682
309.485,0.198787
318.027,0.198886
308.865,0.198985
308.006,0.199086
304.214,0.199187
324.697,0.199291
315.294,0.199388
308.478,0.199491
325.779,0.19959
326.064,0.199692
331.812,0.199792
324.488,0.199892
322.249,0.199992
324.641,0.200096
342.155,0.200193
324.326,0.200294
318.448,0.200392
343.522,0.200493
338.17,0.200598
318.355,0.200694
316.747,0.200799
315.611,0.200897
326.328,0.200998
334.129,0.201099
323.696,0.201201
333.907,0.201299
318.517,0.201401
332.017,0.201501
315.371,0.201603
316.041,0.201701
308.511,0.201804
308.035,0.201903
318.385,0.202005
318.923,0.202104
299.481,0.202207
313.134,0.202308
311.315,0.202407
313.998,0.202508
314.311,0.202608
318.522,0.202709
304.327,0.202809
305.178,0.202909
306.19,0.203011
311.551,0.203113
302.11,0.203209
306.986,0.203314
301.871,0.203412
307.347,0.203515
302.273,0.203615
312.094,0.203712
302.511,0.203817
310.092,0.203915
306.069,0.204017
302.617,0.204118
309.325,0.204219
298.831,0.204319
308.405,0.204419
300.416,0.20452
305.137,0.20462
302.056,0.204721
305.705,0.204823
303.501,0.204922
309.167,0.205024
312.277,0.205123
310.173,0.205224
300.053,0.205326
299.622,0.205423
307.56,0.205527
305.393,0.205624
298.771,0.205727
304.09,0.205828
298.792,0.205929
301.106,0.206031
298.535,0.206129
297.241,0.206232
295.216,0.206329
298.5,0.206432
292.906,0.206532
308.482,0.206634
304.122,0.206735
299.608,0.206836
298.217,0.206933
303.759,0.207037
306.168,0.207135
304.546,0.207237
300.223,0.207336
312.916,0.207437
305.03,0.207539
318.999,0.207641
304.72,0.207738
300.488,0.207841
304.021,0.207942
308.698,0.208042
312.708,0.208143
307.961,0.208244
314.284,0.208347
313.27,0.208444
316.783,0.208545
322.578,0.208647
324.07,0.208745
310.812,0.20885
318.056,0.208946
309.587,0.209047
302.74,0.20915
312.709,0.209249
319.279,0.209349
327.739,0.20945
326.409,0.209551
328.563,0.20965
327.889,0.209754
327.209,0.209851
329.095,0.209955
323.4,0.210053
322.249,0.210157
325.833,0.210255
324.194,0.210357
336.608,0.210456
336.206,0.210555
327.244,0.210659
309.794,0.210761
327.011,0.210856
319.062,0.210961
322.486,0.211062
327.596,0.211161
328.407,0.211264
322.565,0.211364
313.568,0.211463
327.978,0.211563
321.508,0.211667
308.944,0.211765
319.374,0.211867
318.248,0.211966
308.512,0.21207
309.201,0.212165
313.097,0.21227
323.479,0.212367
309.942,0.212471
308.658,0.212571
318.335,0.21267
297.059,0.212775
309.812,0.212872
302.996,0.212974
301.127,0.213072
295.187,0.213177
312.451,0.213276
300.783,0.213372
301.855,0.213478
302.917,0.213576
299.818,0.213678
303.913,0.213777
298.945,0.21388
302.017,0.213978
302.225,0.214078
292.737,0.214181
289.943,0.214281
293.08,0.214379
302.924,0.214483
302.668,0.214583
295.144,0.214684
295.622,0.214781
298.54,0.214884
292.909,0.214987
295.367,0.215085
303.838,0.215186
295.023,0.215287
309.77,0.215388
301.36,0.21549
300.815,0.215588
292.532,0.215693
306.053,0.215791
296.297,0.21589
296.165,0.215991
290.648,0.216091
295.217,0.216192
303.66,0.216295
301.187,0.216394
297.395,0.216495
307.968,0.216594
304.728,0.216694
299.912,0.216798
300.363,0.216899
302.843,0.216996
309.414,0.217097
301.105,0.217199
304.915,0.217299
309.994,0.217403
305.415,0.217502
305.412,0.217601
303.716,0.217704
305.843,0.217802
321.041,0.217904
305.702,0.218002
310.781,0.218103
306.961,0.218204
304.469,0.218308
312.986,0.218404
306.789,0.218506
316.706,0.218608
307.191,0.218709
313.645,0.218807
322.502,0.218911
312.207,0.219009
315.842,0.219113
309.297,0.219211
326.498,0.219311
321.599,0.219409
324.317,0.219518
322.961,0.219611
317.36,0.219719
328.381,0.219815
313.04,0.219913
313.413,0.220015
316.161,0.220119
323.304,0.22022
323.685,0.220317
339.423,0.220417
332.551,0.22052
315.418,0.220621
313.73,0.22072
327.608,0.220822
335.474,0.220922
332.563,0.221021
320.632,0.221125
333.929,0.221225
332.51,0.221325
329.414,0.221426
337.527,0.221523
324.158,0.221628
330.547,0.221729
314.663,0.221826
316.862,0.221931
318.16,0.222031
315.093,0.22213
308.995,0.222232
298.829,0.22233
319.304,0.222432
313.757,0.222532
302.627,0.222636
302.78,0.22273
303.315,0.222831
303.94,0.222938
298.415,0.223033
303.289,0.223136
313.262,0.223235
296.285,0.223338
303.694,0.22344
305.433,0.223539
306.583,0.223639
305.818,0.223741
291.885,0.223839
303.778,0.223942
303.132,0.224042
294.455,0.22414
300.252,0.224244
301.589,0.224342
304.356,0.224445
309.973,0.224544
297.48,0.224646
306.991,0.224744
304.032,0.224845
307.478,0.224947
302.978,0.225051
306.274,0.225148
301.151,0.225249
295.493,0.22535
299.536,0.225449
307.172,0.225552
299.611,0.22565
302.493,0.225752
302.872,0.225853
303.814,0.225952
304.1,0.226055
298.546,0.226155
296.715,0.226255
306.729,0.226355
295.588,0.226458
299.256,0.226558
304.724,0.226661
299.242,0.22676
295.406,0.226859
310.795,0.22696
307.078,0.227057
304.329,0.227162
301.296,0.227263
304.169,0.22736
306.231,0.227461
304.361,0.227563
306.573,0.227664
310.82,0.227767
305.422,0.227868
301.888,0.227967
314.073,0.228068
310.109,0.22817
315.413,0.22827
322.794,0.228368
310.521,0.228469
318.603,0.22857
305.487,0.228671
304.636,0.228772
319.202,0.228874
317.091,0.228973
319.679,0.229068
319.367,0.229173
316.272,0.229272
339.788,0.229374
325.838,0.229476
310.904,0.229576
326.455,0.229677
324.403,0.229775
318.576,0.22988
326.089,0.22998
315.731,0.230079
321.185,0.230182
327.144,0.230283
331.992,0.230379
329.429,0.230481
323.92,0.230583
326.183,0.230681
309.009,0.230782
328.326,0.230883
333.586,0.230985
330.031,0.231083
324.176,0.231186
324.781,0.231285
318.453,0.23139
328.826,0.231487
333.641,0.231588
316.512,0.23169
320.001,0.231788
312.816,0.231889
312.78,0.23199
311.689,0.23209
321.822,0.232193
320.153,0.232295
318.9,0.232392
303.115,0.232494
310.622,0.232594
315.275,0.232694
301.073,0.232796
310.877,0.232896
307.44,0.232997
307.262,0.233099
307.69,0.233198
300.909,0.233298
307.524,0.233401
302.51,0.2335
295.363,0.233601
311.307,0.2337
306.352,0.233804
296.889,0.233904
304.535,0.234004
297.952,0.234102
301.433,0.234207
311.584,0.234304
300.986,0.234406
304.009,0.234507
298.387,0.234607
300.021,0.234707
299.287,0.234808
294.46,0.234909
303.004,0.235012
303.095,0.235111
303.313,0.235209
298.45,0.235313
297.142,0.235412
295.48,0.235511
297.467,0.235613
301.641,0.235715
299.062,0.235814
302.669,0.235915
299.181,0.236016
301.507,0.236118
306.362,0.236219
299.786,0.236317
310.823,0.236418
297.062,0.236518
317.817,0.236621
311.877,0.236719
308.837,0.236821
299.867,0.236922
300.393,0.237023
306.225,0.237123
304.096,0.237223
306.595,0.237322
295.143,0.237427
307.555,0.237525
306.931,0.237626
304.129,0.237727
304.375,0.237828
308.575,0.237926
301.247,0.238028
307.428,0.23813
312.445,0.238231
300.912,0.238331
307.044,0.238432
300.126,0.238535
316.302,0.238631
312.209,0.238732
308.371,0.238835
311.942,0.238934
308.919,0.239034
304.606,0.239135
298.594,0.239237
323.62,0.23934
311.566,0.239439
313.803,0.239536
308.978,0.239637
307.967,0.23974
321.668,0.23984
314.536,0.239942
310.571,0.240041
315.311,0.24014
320.927,0.240242
310.114,0.240344
316.84,0.240444
315.191,0.240544
324.603,0.240644
334.592,0.240746
328.571,0.240846
313.335,0.240946
326.611,0.241051
333.667,0.241149
328.309,0.241248
319.262,0.24135
322.957,0.241449
322.804,0.241551
326.346,0.241654
321.124,0.241753
319.919,0.241855
316.929,0.241951
329.466,0.242053
313.127,0.242152
321.253,0.242257
325.411,0.242354
319.43,0.242455
328.272,0.242557
307.274,0.242658
316.606,0.242757
317.141,0.242858
317.263,0.242959
304.412,0.243059
304.461,0.243161
312.336,0.243263
310.598,0.243362
307.698,0.243462
310.297,0.243563
311.006,0.243662
308.537,0.243765
307.712,0.243864
306.302,0.243963
302.937,0.244066
298.087,0.244168
303.669,0.244267
290.229,0.244366
302.42,0.244471
303.007,0.24457
301.81,0.24467
310.702,0.24477
302.796,0.244871
306.153,0.244971
307.298,0.245072
312.845,0.245173
298.656,0.245274
303.103,0.245376
301.203,0.245474
307.32,0.245576
298.178,0.245675
303.576,0.245777
310.238,0.245878
308.687,0.245978
312.164,0.246079
304.469,0.246181
304.208,0.24628
307.802,0.246382
304.759,0.24648
299.497,0.246582
304.954,0.246682
298.848,0.246783
306.913,0.246883
305.553,0.246985
303.506,0.247085
306.586,0.247185
312.911,0.247287
300.861,0.247387
299.732,0.247488
309.56,0.247587
304.523,0.24769
299.784,0.247788
313.034,0.247889
304.762,0.247993
308.087,0.248089
305.614,0.248194
301.545,0.248293
306.557,0.248395
303.874,0.248493
309.95,0.248596
304.558,0.248697
308.877,0.248796
310.109,0.248897
304.82,0.248997
313.99,0.249095
309.166,0.2492
314.445,0.2493
315.674,0.2494
307.12,0.249498
320.763,0.249603
315.179,0.2497
314.045,0.249802
325.15,0.249904
341.798,0.250005
314.137,0.250102
326.188,0.250205
325.596,0.250304
312.419,0.250407
326.029,0.250506
317.586,0.25061
325.86,0.250709
325.826,0.25081
325.894,0.250908
319.856,0.251012
330.11,0.251112
316.947,0.251212
322.665,0.251314
333.087,0.251414
335.969,0.251515
315.089,0.251616
324.983,0.251717
329.47,0.251822
337.779,0.251923
327.033,0.252019
327.086,0.252126
324.547,0.252222
324.898,0.252325
318.928,0.252424
338.505,0.252523
326.549,0.252625
316.927,0.252726
318.943,0.252831
310.797,0.252927
317.2,0.253028
311.711,0.253133
321.932,0.253229
320.034,0.253331
309.81,0.253433
313.019,0.253534
308.155,0.253634
319.823,0.253737
303.215,0.253837
307.322,0.253938
311.568,0.254038
314.056,0.254139
308.236,0.254239
314.09,0.25434
305.309,0.254444
306.975,0.254542
297.171,0.254642
301.838,0.254746
301.787,0.254845
304.877,0.254946
306.018,0.255049
302.284,0.255148
302.14,0.25525
307.212,0.255349
302.406,0.255452
299.264,0.255551
300.317,0.255654
294.669,0.255755
298.476,0.255855
300.938,0.255955
306.572,0.256059
304.476,0.256159
298.128,0.256259
293.652,0.256358
307.206,0.25646
294.737,0.256561
295.103,0.25666
302.737,0.256763
294.42,0.256865
300.279,0.256965
296.432,0.257066
297.68,0.257168
302.677,0.257266
305.341,0.257371
297.513,0.257469
295.644,0.25757
302.339,0.257672
300.998,0.257774
296.324,0.257874
305.669,0.257976
304.784,0.258072
309.657,0.258176
309.611,0.258278
302.94,0.258377
311.194,0.258481
303.14,0.258578
300.699,0.25868
312.631,0.258779
307.49,0.258881
316.993,0.258984
315.354,0.259084
316.444,0.259187
309.664,0.259285
311.295,0.259386
302.572,0.259489
307.053,0.259587
304.865,0.259688
318.305,0.259791
302.825,0.259892
323.027,0.259994
303.193,0.260093
315.571,0.260193
314.577,0.260293
310.914,0.260397
307.906,0.260498
316.421,0.260596
324.878,0.260699
324.95,0.260801
325.837,0.2609
309.182,0.261002
338.023,0.261103
325.507,0.261203
330.738,0.261305
322.46,0.261404
320.122,0.261507
334.489,0.261607
336.225,0.261708
333.683,0.261811
325.371,0.261911
342.252,0.262011
325.85,0.262113
334.742,0.262213
321.874,0.262315
321.392,0.262414
330.535,0.262515
327.315,0.262616
330.791,0.262717
324.043,0.262818
324.75,0.262922
311.059,0.263021
325.766,0.263119
329.973,0.263221
318.301,0.263324
322.456,0.263422
312.721,0.263524
315.084,0.263626
303.312,0.263725
302.786,0.263827
312.437,0.263931
312.968,0.264031
302.851,0.264127
318.573,0.26423
305.013,0.264334
300.997,0.264429
309.193,0.264533
304.623,0.264632
305.145,0.264734
310.946,0.264834
296.335,0.264938
302.706,0.265037
303.302,0.265139
292.456,0.265238
301.895,0.26534
299.908,0.265443
316.073,0.265542
303.866,0.26564
300.966,0.265743
295.753,0.265844
305.19,0.265948
307.966,0.266047
295.117,0.266147
308.396,0.266248
309.827,0.266349
306.705,0.26645
311.588,0.266551
296.785,0.266651
315.843,0.266754
310.911,0.266855
302.669,0.266956
302.873,0.267057
311.878,0.267156
308.18,0.26726
302.882,0.267359
312.358,0.267459
313.927,0.267562
299.336,0.26766
308.3,0.26776
294.979,0.267863
306.77,0.267964
315.376,0.268063
301.63,0.268165
304.356,0.268267
312.218,0.268368
308.764,0.268469
313.857,0.268572
303.657,0.268667
314.699,0.268772
312.68,0.268873
299.442,0.268972
307.809,0.269076
309.612,0.269175
316.353,0.269273
313.409,0.269378
309.552,0.269477
312.79,0.269579
317.561,0.269679
318.623,0.269779
313.461,0.269881
321.479,0.269983
328.068,0.270085
315.912,0.270182
307.908,0.270287
325.216,0.270383
316.396,0.270488
331.594,0.270589
323.333,0.270686
323.167,0.27079
314.791,0.27089
326.605,0.270989
322.266,0.271094
321.455,0.271192
323.051,0.271295
317.031,0.271396
327.639,0.271497
324.09,0.271596
330.07,0.271696
328.738,0.271799
319.821,0.271898
318.374,0.272
326.829,0.272099
317.957,0.272198
317.007,0.272304
317.842,0.272404
332.397,0.272505
317.379,0.272606
319.909,0.272708
319.635,0.272811
321.818,0.272905
314.646,0.273012
305.573,0.27311
311.548,0.273211
310.624,0.273312
308.621,0.273412
304.58,0.273513
306.584,0.273617
313.424,0.273717
299.4,0.273816
300.176,0.273915
306.902,0.274021
303.433,0.274118
296.997,0.27422
293.77,0.274323
305.443,0.274422
304.83,0.274523
294.578,0.274624
299.529,0.274724
301.447,0.274825
304.022,0.274927
313.251,0.275028
303.083,0.275127
298.721,0.275228
297.164,0.275332
302.894,0.27543
295.049,0.275531
298.116,0.275633
290.306,0.275734
299.763,0.275835
299.538,0.275936
299.152,0.276036
300.264,0.276137
306.662,0.276238
303.629,0.276339
301.86,0.276438
303.049,0.276541
298.775,0.276643
297.899,0.276744
294.505,0.276843
295.693,0.276944
297.29,0.277048
293.529,0.277146
303.432,0.277247
302.026,0.277349
296.202,0.27745
298.536,0.277551
310.504,0.277651
301.89,0.27775
300.728,0.277853
297.093,0.277954
305.879,0.278055
301.74,0.278157
302.414,0.278258
304.997,0.278356
306.857,0.27846
308.2,0.27856
311.123,0.278659
309.782,0.278761
310.362,0.278862
302.728,0.278963
307.014,0.279064
311.179,0.279164
311.001,0.279268
310.256,0.279366
306.78,0.279466
300.585,0.279569
310.558,0.27967
306.979,0.279767
317.739,0.279868
315.194,0.279973
307.222,0.280072
305.751,0.280174
305.674,0.280273
307.789,0.280377
308.912,0.280475
298.295,0.280575
316.82,0.280678
302.688,0.280779
322.054,0.280879
329.049,0.280981
308.195,0.281078
314.662,0.281184
308.605,0.281285
319.848,0.281383
318.496,0.281487
320.843,0.281585
328.087,0.281686
326.613,0.281788
310.973,0.281889
317.917,0.28199
318.927,0.282092
320.034,0.282191
318.719,0.282291
324.412,0.282394
323.74,0.282496
336.563,0.282599
342.457,0.282696
329.324,0.282795
313.733,0.282897
327.335,0.283002
320.746,0.283101
330.881,0.2832
330.757,0.283301
317.726,0.283405
330.574,0.283505
320.617,0.283606
313.596,0.283706
311.662,0.283808
312.339,0.283908
313.193,0.284006
304.472,0.284109
313.078,0.28421
309.445,0.284312
304.353,0.284415
318.3,0.284511
305.821,0.284614
305.247,0.284712
310.727,0.284816
303.721,0.284915
310.381,0.285016
313.502,0.28512
304.45,0.285219
302.836,0.285321
309.265,0.285423
302.545,0.285521
310.69,0.285623
302.114,0.285724
311.909,0.285825
293.9,0.285927
301.132,0.286025
313.294,0.286128
298.322,0.286228
306.686,0.286329
305.63,0.28643
300.576,0.286532
297.249,0.286631
308.467,0.286733
309.256,0.286835
310.824,0.286935
303.651,0.287036
310.108,0.287138
298.688,0.287237
302.262,0.287338
306.263,0.28744
303.37,0.287541
312.876,0.287642
299.281,0.287741
300.475,0.287842
314.15,0.287945
303.727,0.288043
312.383,0.288146
311.211,0.288246
299.776,0.288347
305.458,0.288446
310.781,0.288549
308.936,0.288653
321.72,0.28875
301.702,0.288852
305.857,0.288952
302.323,0.289056
296.143,0.289154
305.841,0.289253
303.993,0.289353
317.551,0.289461
311.088,0.289557
309.111,0.28966
310.06,0.289759
299.703,0.289865
305.913,0.289962
301.385,0.290062
311.195,0.290165
315.684,0.290265
308.007,0.290363
308.718,0.290466
308.098,0.290568
310.684,0.290669
312.832,0.29077
325.933,0.290871
319.344,0.290971
310.384,0.291072
317.823,0.291173
317.799,0.291274
319.657,0.291372
325.456,0.291472
321.872,0.291577
328.276,0.291677
315.531,0.291775
325.639,0.291878
328.101,0.291979
325.178,0.292083
328.298,0.292181
329.347,0.292283
325.423,0.292385
325.792,0.292487
323.626,0.292583
311.919,0.292687
329.377,0.292787
319.767,0.292885
323.807,0.292989
343.17,0.293092
320.12,0.293191
317.647,0.293291
323.373,0.293391
322.873,0.293493
326.954,0.293595
320.281,0.293699
316.936,0.293793
308.052,0.293898
318.347,0.293997
313.429,0.294103
313.725,0.294199
306.809,0.294301
306.958,0.294403
319.264,0.294503
298.376,0.2946
306.655,0.294705
298.08,0.294803
304.985,0.294907
300.138,0.295006
303.085,0.295109
318.11,0.295208
303.67,0.29531
300.096,0.295411
298.532,0.295513
314.03,0.295613
303.596,0.295713
302.84,0.295816
305.31,0.295914
300.875,0.296016
301.699,0.296117
312.28,0.296219
301.765,0.296318
301.44,0.29642
306.64,0.29652
293.607,0.296622
302.511,0.296724
304.508,0.296824
287.911,0.296924
296.631,0.297025
298.661,0.297127
288.32,0.297228
302.961,0.297327
298.268,0.297427
303.096,0.297531
296.85,0.297631
298.256,0.297732
300.785,0.297833
299.806,0.297932
300.37,0.298034
304.486,0.298136
302.077,0.298234
296.416,0.298339
302.173,0.298436
296.419,0.298538
301.22,0.298641
295.757,0.298741
302.838,0.298844
299.826,0.298943
305.031,0.299044
298.257,0.299145
310.324,0.299246
299.98,0.299344
298.55,0.299449
311.936,0.299548
303.873,0.299649
301.255,0.29975
309.662,0.299849
312.331,0.299951
306.514,0.300051
297.051,0.300153
295.695,0.300254
314.84,0.300356
300.067,0.300455
306.97,0.300554
310.555,0.30066
307.041,0.300759
315.334,0.30086
314.763,0.300961
317.425,0.301061
313.275,0.301164
310.93,0.301263
317.41,0.301366
303.164,0.301467
313.417,0.301567
314.556,0.301666
323.289,0.301766
330.164,0.301871
316.775,0.30197
318.069,0.302071
319.654,0.30217
329.138,0.302273
327.395,0.302371
333.331,0.302474
325.204,0.302574
320.163,0.302676
335.308,0.302775
316.558,0.302876
327.134,0.302978
332.763,0.303083
316.299,0.303182
320.249,0.303282
320.093,0.303384
337.76,0.303486
333.784,0.303579
322.627,0.303686
330.608,0.303784
324.859,0.303886
329.468,0.303989
317.551,0.304089
332.059,0.30419
314.81,0.304289
315.775,0.304394
317.906,0.304494
317.149,0.304596
311.833,0.30469
309.284,0.304792
313.073,0.304895
303.514,0.304999
308.748,0.305098
297.513,0.305201
313.314,0.305299
305.37,0.305401
306.097,0.305503
303.483,0.305603
303.387,0.305704
300.055,0.305805
302.582,0.305904
294.279,0.306008
296.941,0.306106
303.113,0.306207
293.382,0.306309
301.974,0.306411
295.167,0.306513
307.47,0.306612
300.272,0.306714
303.686,0.306814
295.68,0.306916
297.177,0.307015
303.112,0.307116
303.745,0.307215
306.943,0.30732
296.686,0.307417
295.207,0.307519
293.636,0.307619
292.84,0.307721
293.289,0.307824
296.392,0.307924
303.371,0.308025
307.325,0.308126
307.793,0.308226
308.769,0.308327
298.748,0.308429
311.406,0.308529
298.428,0.30863
302.188,0.308732
302.519,0.30883
310.49,0.308932
312.06,0.309032
302.355,0.309135
304.96,0.309234
299.184,0.309335
302.663,0.309438
298.007,0.309538
303.874,0.309639
313.572,0.30974
305.542,0.309839
303.212,0.309942
312.349,0.31004
313.659,0.310143
303.265,0.310245
311.704,0.310348
313.681,0.310445
324.796,0.310546
309.788,0.310649
314.659,0.310749
321.841,0.310851
311.46,0.31095
310.314,0.311052
311.008,0.31115
318.973,0.311252
313.027,0.311354
323.125,0.311456
326.427,0.311553
304.541,0.311659
322.786,0.311759
314.204,0.311857
335.993,0.311961
323.911,0.31206
330.371,0.312163
321.664,0.312262
339.094,0.31236
325.433,0.312466
336.297,0.312563
343.805,0.312665
331.052,0.312768
325.597,0.312866
340.932,0.312972
337.43,0.31307
335.25,0.313173
309.631,0.313272
323.734,0.313373
331.2,0.313472
316.878,0.313574
317.549,0.313674
315.849,0.313775
321.151,0.313877
323.187,0.313977
321.113,0.314079
316.622,0.31418
312.178,0.314278
326.646,0.314382
315.466,0.314484
323.845,0.31458
309.584,0.314684
305.185,0.314786
307.847,0.314888
310.3,0.314988
300.403,0.315088
314.462,0.315187
306.381,0.315289
306.077,0.315389
304.689,0.315493
300.622,0.315592
307.259,0.315694
298.739,0.315796
310.398,0.315893
307.693,0.315999
302.383,0.316098
301.036,0.316198
309.856,0.316298
309.105,0.316398
299.541,0.316499
295.042,0.316603
302.075,0.316702
299.948,0.316802
304.236,0.316907
301.393,0.317004
302.673,0.317106
303.269,0.317206
303.598,0.317308
308.5,0.31741
300.133,0.317507
290.617,0.317611
303.385,0.317711
295.639,0.317813
306.549,0.317913
305.865,0.318014
302.941,0.318116
301.602,0.318216
298.577,0.318317
302.899,0.318417
304.078,0.31852
308.26,0.318617
300.807,0.318722
299.523,0.31882
298.685,0.318921
298.2,0.319021
297.89,0.319126
312.165,0.319227
298.429,0.319327
302.093,0.319426
302.457,0.319529
303.336,0.319626
301.433,0.319731
304.65,0.31983
302.246,0.31993
312.181,0.320032
311.826,0.320132
309.304,0.320233
300.893,0.320336
297.36,0.320436
321.681,0.320536
317.892,0.320639
310.525,0.320738
313.089,0.320841
317.317,0.320939
312.089,0.32104
310.496,0.321145
308.796,0.321241
306.062,0.321345
316.073,0.321447
313.085,0.321549
316.584,0.321644
298.858,0.321748
318.58,0.321847
320.473,0.32195
313.735,0.322052
318.926,0.322152
320.165,0.322252
314.763,0.32235
317.701,0.322453
315.046,0.322552
320.385,0.322656
310.731,0.322756
316.494,0.322858
322.576,0.322961
323.655,0.323058
326.769,0.323163
325.422,0.32326
325.404,0.323362
321.619,0.323463
332.42,0.323565
318.505,0.323664
315.864,0.323764
314.585,0.323868
330.625,0.323965
321.327,0.324067
323.091,0.324173
316.736,0.32427
316.425,0.324372
305.748,0.324471
320.177,0.324573
312.406,0.324676
300.934,0.324776
315.234,0.324878
317.993,0.324976
312.94,0.325078
311.545,0.325181
299.637,0.325281
300.006,0.325382
303.42,0.325481
312.479,0.325583
294.398,0.325684
307.833,0.325784
305.064,0.325885
303.18,0.325986
306.072,0.326088
309.947,0.32619
302.619,0.326289
302.784,0.326389
305.705,0.326491
304.733,0.32659
300.534,0.326694
302.499,0.326793
299.445,0.326894
299.728,0.326994
302.91,0.327097
303.051,0.327195
306.985,0.327298
307.473,0.3274
300.198,0.327501
296.407,0.327599
307.639,0.327701
303.757,0.327803
302.745,0.327904
302.863,0.328003
302.381,0.328105
304.611,0.328207
303.097,0.328306
302.722,0.328408
300.67,0.328508
310.381,0.328609
299.458,0.32871
301.144,0.32881
304.6,0.328912
308.17,0.329014
302.538,0.329114
309.647,0.329215
311.008,0.329315
304.128,0.329415
301.539,0.329519
310.225,0.329617
306.533,0.329717
305.504,0.329819
301.705,0.329923
312.545,0.330021
308.956,0.330125
298.422,0.330222
305.038,0.330327
317.168,0.330426
306.182,0.330526
318.909,0.330627
310.255,0.330727
306.717,0.33083
317.996,0.330932
315.741,0.331032
304.316,0.33113
320.278,0.331232
317.633,0.331334
311.545,0.331434
309.101,0.331539
317.022,0.331634
323.216,0.331738
321.72,0.331836
308.273,0.331938
323.531,0.332042
313.137,0.33214
316.375,0.332244
316.881,0.332345
318.149,0.332443
323.941,0.332544
323.929,0.332647
326.705,0.332748
331.263,0.33285
322.235,0.332946
327.22,0.333051
325.216,0.33315
329.433,0.333251
330.209,0.333354
318.251,0.333452
323.006,0.333555
335.188,0.333657
325.51,0.333759
328.395,0.333859
329.599,0.333957
332.288,0.334056
332.368,0.33416
334.508,0.334258
333.064,0.334358
324.082,0.334464
328.613,0.33456
329.713,0.334665
315.334,0.334766
322.288,0.334868
316.909,0.334968
317.071,0.335067
322.996,0.335171
300.196,0.33527
306.425,0.335371
320.542,0.335471
319.378,0.335573
312.698,0.335671
298.513,0.335775
306.828,0.335874
308.961,0.335977
303.912,0.336078
314.542,0.336179
307.357,0.336277
304.777,0.336379
299.877,0.336482
302.772,0.33658
310.121,0.336682
307.805,0.336784
303.753,0.336886
305.065,0.336983
310.048,0.337088
299.75,0.337187
306.553,0.337288
307.678,0.337388
304.696,0.337488
301.038,0.337591
307.907,0.33769
303.017,0.337791
302.173,0.337893
312.114,0.337994
300.716,0.338095
301.102,0.338197
295.787,0.338297
305.356,0.338398
304.829,0.338497
299.182,0.338598
298.586,0.338702
297.011,0.338801
300.451,0.338901
307.654,0.339004
302.901,0.339105
298.902,0.339206
299.614,0.339307
298.584,0.339406
302.487,0.339508
296.649,0.339606
298.587,0.339709
298.889,0.339807
301.535,0.339912
299.983,0.340013
297.517,0.340112
307.161,0.340215
296.721,0.340314
312.486,0.340416
307.278,0.340519
300.686,0.340616
295.307,0.340716
312.387,0.340821
305.159,0.340917
309.352,0.341026
309.465,0.34112
308.692,0.341223
312.233,0.341324
301.225,0.341425
298.796,0.341527
310.519,0.341627
314.56,0.341731
311.948,0.341827
319.48,0.341929
321.356,0.342029
307.993,0.342128
309.523,0.342233
307.529,0.34233
306.031,0.342436
315.524,0.342537
324,0.342634
304.83,0.342738
315.367,0.342838
312.658,0.342937
305.416,0.343036
318.466,0.34314
316.697,0.343241
322.187,0.34334
325.004,0.343445
314.833,0.343546
314.106,0.343645
317.338,0.343745
318.273,0.343847
324.158,0.343947
324.323,0.344047
308.042,0.34415
315.951,0.344249
314.545,0.344351
313.426,0.344453
327.696,0.344555
318.449,0.344654
326.051,0.344752
317.677,0.344856
318.014,0.344957
304.599,0.345057
301.926,0.345157
303.571,0.34526
308.704,0.345361
318.418,0.34546
308.574,0.345563
315.474,0.345665
310.456,0.345764
319.455,0.345867
313.193,0.345966
306.573,0.346068
307.195,0.346168
306.28,0.346268
310.99,0.346371
304.58,0.346468
305.193,0.346572
294.884,0.346673
301.762,0.346774
306.242,0.346873
297.688,0.346976
301.631,0.347076
302.327,0.347178
293.093,0.347277
300.389,0.347378
305.572,0.34748
306.951,0.34758
295.401,0.347681
299.982,0.347782
303.402,0.347884
302.135,0.347984
298.815,0.348081
306.473,0.348188
295.324,0.348288
303.512,0.348388
298.019,0.348488
307.355,0.348589
293.101,0.348689
302.934,0.348791
302.836,0.348892
295.82,0.348994
301.632,0.349095
302.365,0.349194
298.644,0.349296
301.349,0.349395
311.415,0.349496
292.02,0.349599
301.456,0.349697
302.053,0.349801
312.364,0.349901
303.114,0.350002
305.935,0.350103
306.319,0.350204
313.322,0.350305
308.555,0.350405
306.665,0.350506
310.208,0.350606
318.721,0.350707
305.43,0.350807
320.996,0.350909
314.991,0.351009
305.252,0.351112
313.93,0.351216
308.6,0.351314
305.231,0.351415
317.838,0.351514
314.655,0.351616
313.055,0.351716
319.285,0.35182
319.9,0.351921
309.278,0.352019
323.333,0.352122
320.953,0.352219
319.341,0.352322
329.043,0.352423
322.228,0.352522
337.638,0.352623
330.938,0.352726
313.913,0.352828
329.53,0.352927
319.074,0.353027
327.059,0.353129
319.607,0.353233
335.04,0.353332
337.656,0.35343
323.116,0.353533
329.747,0.353637
349.51,0.353736
340.486,0.353834
327.046,0.35394
339.711,0.354036
348.943,0.354141
348.235,0.354239
346.158,0.354343
332.648,0.354444
324.903,0.354542
345.385,0.354643
334.541,0.354741
323.902,0.354846
317.991,0.354945
334.286,0.355049
329.199,0.355147
330.623,0.355249
338.696,0.355352
313.663,0.355454
313.721,0.355549
314.267,0.355655
314.909,0.355753
311.854,0.355855
313.23,0.355956
315.712,0.356054
305.563,0.356158
309.302,0.356258
298.039,0.35636
298.23,0.35646
307.776,0.356562
311.37,0.356665
301.955,0.356762
302.897,0.356861
304.7,0.356966
300.499,0.357065
304.586,0.357166
302.966,0.357265
297.404,0.357368
306.168,0.35747
307.035,0.35757
302.026,0.357673
298.511,0.357772
310.4,0.357873
307.576,0.357975
316.303,0.358073
306.925,0.358175
304.141,0.358276
305.079,0.358377
303.122,0.358478
311.535,0.358578
311.499,0.358681
310.006,0.35878
314.575,0.358881
306.483,0.358983
309.255,0.359084
311.373,0.359184
302.797,0.359286
305.49,0.359385
298.585,0.359487
308.748,0.359588
302.77,0.359688
308.278,0.359788
300.283,0.359892
309.548,0.359992
307.01,0.360092
304.096,0.360193
298.767,0.360295
308.05,0.360393
302.445,0.360499
305.459,0.360596
309.723,0.360696
311.497,0.3608
301.507,0.3609
310.516,0.361001
316.26,0.361101
311.24,0.361201
302.811,0.361305
311.411,0.361404
301.811,0.361505
319.351,0.361604
303.245,0.361707
304.101,0.361808
314.227,0.361909
311.194,0.36201
298.467,0.362108
307.786,0.362214
303.614,0.362312
304.984,0.362415
308.651,0.362516
312.005,0.362616
310.129,0.362716
313.999,0.362816
312.193,0.362918
310.572,0.36302
306.611,0.36312
314.353,0.36322
305.249,0.363323
312.301,0.363423
313.869,0.363522
314.914,0.363625
309.63,0.363723
320.616,0.363827
312.179,0.363924
307.731,0.364028
315.064,0.36413
306.414,0.364228
314.77,0.36433
309.264,0.364432
316.593,0.364533
309.96,0.364634
304.154,0.364733
312.046,0.364836
317.051,0.364938
309.3,0.365038
313.158,0.365139
312.03,0.365238
308.109,0.365342
306.384,0.365441
308.747,0.365541
314.656,0.365643
309.283,0.365744
308.057,0.365845
311.619,0.365946
308.897,0.366047
306.309,0.366146
294.551,0.366248
302.002,0.366349
309.797,0.36645
301.639,0.366551
299.424,0.366652
303.503,0.366753
311.856,0.366855
299.524,0.366955
304.582,0.367056
298.479,0.367157
310.455,0.367257
299.156,0.367357
296.198,0.36746
309.434,0.36756
304.815,0.367661
298.492,0.367762
306.343,0.367863
304.042,0.367965
296.668,0.368065
293.534,0.368162
300.528,0.368267
300.279,0.368366
304.046,0.368469
302.226,0.368569
300.91,0.368671
308.253,0.36877
303.473,0.368872
302.43,0.368973
301.768,0.369074
312.407,0.369175
309.579,0.369274
307.966,0.369375
305.842,0.369479
301.631,0.369577
307.968,0.369678
302.99,0.36978
313.612,0.369882
310.029,0.36998
313.358,0.370083
306.554,0.370182
313.119,0.370284
306.869,0.370385
318.546,0.370487
304.504,0.370586
310.557,0.370688
314.731,0.37079
307.918,0.370889
309.18,0.370989
307.913,0.371092
318.07,0.371191
314.741,0.371295
309.67,0.371394
309.653,0.371493
310,0.371596
312.551,0.371698
313.652,0.371796
320.187,0.371899
321.004,0.372002
317.222,0.372097
325.741,0.372201
311.563,0.372302
319.359,0.372401
321.384,0.372505
323.114,0.372604
312.844,0.372704
327.853,0.372807
319.641,0.372908
328.943,0.373004
326.038,0.373109
331.103,0.373213
310.594,0.373309
325.498,0.373408
313.849,0.373514
329.699,0.373611
332.022,0.373713
342.139,0.373815
341.046,0.37392
346.279,0.374015
335.662,0.37412
345.788,0.37422
340.753,0.374319
345.569,0.374422
336.888,0.374527
336.431,0.374624
328.612,0.374724
347.565,0.374826
347.698,0.374925
339.49,0.375027
345.686,0.375126
343.128,0.375227
339.222,0.375333
328.938,0.375432
327.981,0.375532
332.161,0.375635
324.57,0.375732
317.267,0.375835
313.7,0.375934
330.118,0.376036
327.286,0.376137
311.835,0.376239
319.21,0.376339
307.544,0.376442
320.949,0.376539
323.514,0.37664
324.974,0.37674
309.94,0.376843
320.439,0.376945
301.034,0.377044
310.104,0.377146
312.765,0.377248
307.928,0.377347
308.219,0.377448
305.317,0.377548
303.347,0.377653
315.088,0.377752
307.788,0.377853
312.379,0.377953
308.449,0.378053
312.779,0.378157
315.08,0.378256
308.417,0.378356
311.998,0.378458
304.485,0.37856
313.825,0.378661
307.163,0.37876
304.927,0.378864
303.934,0.378963
307.426,0.379062
299.688,0.379164
303.765,0.379265
312.3,0.379365
310.759,0.379466
310.812,0.379568
302.421,0.379671
315.133,0.379771
304.83,0.379869
313.341,0.379973
307.399,0.38007
310.971,0.380174
306.077,0.380275
294.73,0.380374
302.626,0.380476
313.613,0.380576
314.844,0.380677
298.92,0.380777
299.85,0.380882
309.599,0.380981
297.443,0.381082
303.065,0.381181
305.52,0.381285
299.011,0.381385
301.553,0.381485
310.012,0.381585
310.932,0.381688
297.895,0.381785
306.784,0.381892
300.071,0.381988
300.874,0.382091
302.558,0.382191
307.484,0.382293
313.564,0.382393
302.401,0.382494
302.18,0.382594
309.29,0.382697
310.897,0.382797
308.352,0.382899
308.562,0.382999
308.904,0.383102
310.671,0.3832
317.149,0.383302
309.22,0.383402
309.298,0.383504
307.941,0.383604
318.152,0.383704
316.437,0.383805
315.42,0.383905
315.595,0.384009
317.759,0.384109
313.349,0.384208
322.614,0.384311
329.005,0.384412
314.728,0.38451
318.424,0.384613
318.921,0.384715
305.646,0.384814
320.926,0.384915
312.035,0.385016
305.608,0.385117
311.764,0.38522
307.595,0.38532
317.209,0.385419
309.99,0.385522
313.563,0.385622
311.683,0.385723
312.492,0.385825
316.84,0.385926
309.591,0.386026
301.091,0.386127
317.602,0.386229
314.516,0.386329
313.738,0.38643
310.693,0.386531
304.52,0.386631
309.151,0.386732
316.916,0.386832
306.107,0.386934
303.301,0.387035
306.125,0.387136
309.745,0.387236
308.277,0.387341
304.696,0.387439
302.698,0.387539
301.102,0.387641
302.139,0.387742
306.885,0.387843
302.577,0.387942
303.077,0.388044
307.85,0.388146
312.778,0.388244
307.465,0.388347
310.923,0.388449
303.561,0.388547
308.497,0.38865
310.289,0.388751
298.249,0.38885
300.011,0.388951
303.086,0.389054
303.152,0.389153
294.34,0.389256
309.303,0.389356
302.649,0.389458
302.722,0.389559
307.434,0.38966
303.139,0.389758
310.452,0.389861
300.346,0.389961
303.437,0.390062
295.472,0.390164
308.245,0.390264
299.974,0.390365
309.326,0.390466
310.168,0.390568
309.519,0.390668
309.221,0.390768
312.76,0.390871
305.357,0.390969
313.476,0.391071
312.344,0.391173
313.634,0.391272
322.387,0.391373
311.286,0.391476
312.745,0.391578
318.162,0.391675
310.67,0.391779
320.729,0.391877
310.916,0.39198
314,0.392081
319.964,0.392181
301.558,0.392283
311.487,0.39238
319.278,0.392485
315.643,0.392582
313.361,0.392685
320.506,0.392785
329.625,0.392889
322.809,0.392988
327.947,0.393089
320.591,0.39319
323.289,0.393291
318.594,0.39339
314.229,0.393496
329.602,0.393592
320.334,0.393696
320.345,0.393796
337.149,0.393896
329.458,0.393998
332.33,0.394096
337.36,0.3942
337.389,0.394299
344.325,0.394404
339.129,0.394502
345.831,0.394605
341.428,0.394701
334.496,0.394805
344.356,0.394903
347.063,0.39501
342.345,0.395109
333.505,0.395209
356.863,0.395309
341.377,0.395408
349.943,0.395509
343.667,0.395613
337.225,0.395713
340.361,0.395814
335.566,0.395918
336.999,0.396015
335.147,0.396117
326.672,0.396219
339.929,0.39632
326.733,0.396421
324.981,0.39652
315.513,0.39662
323.699,0.396723
329.356,0.396823
319.596,0.396922
311.428,0.397027
316.556,0.397125
313.426,0.397231
309.426,0.397331
318.05,0.397429
311.267,0.397527
310.872,0.397631
316.271,0.397732
319.594,0.397834
314.355,0.397934
306.997,0.398033
312.474,0.398135
312.306,0.398237
303.412,0.398336
312.18,0.398437
309.586,0.398537
304.012,0.398639
317.118,0.398738
305.37,0.398839
312.793,0.398943
312.159,0.399043
303.586,0.399142
297.398,0.399246
317.196,0.399347
308.799,0.399447
313.395,0.399547
311.454,0.399647
317.11,0.39975
319.504,0.39985
307.878,0.39995
310.882,0.400052
305.865,0.400154
312.074,0.400254
302.389,0.400354
308.315,0.400456
303.252,0.400558
309.701,0.400658
314.922,0.400758
306.081,0.40086
309.675,0.400958
312.092,0.401061
312.052,0.401161
303.398,0.401264
298.049,0.401363
314.558,0.401466
312.007,0.401566
303.977,0.401664
301.987,0.401769
306.708,0.401869
312.291,0.401968
305.125,0.402069
306.678,0.402171
309.842,0.402274
308.93,0.402372
308.945,0.402474
308.054,0.402576
311.068,0.402676
309.072,0.402777
302.23,0.402876
306.123,0.402979
303.923,0.40308
321.61,0.403177
305.92,0.403281
307.408,0.403382
317.599,0.403482
312.352,0.403583
308.207,0.403684
315.872,0.403787
306.565,0.403887
303.639,0.403987
317.849,0.404089
309.911,0.40419
313.363,0.404288
319.671,0.404392
313.236,0.404493
313.596,0.404593
312.236,0.404691
324.718,0.404794
305.473,0.404895
307.557,0.404997
319.769,0.4051
318.265,0.405197
324.682,0.405296
309.567,0.4054
315.999,0.4055
311.023,0.405604
317.762,0.405707
307.202,0.405804
309.251,0.405906
317.09,0.406008
313.047,0.40611
307.946,0.406207
309.764,0.406311
304.22,0.406411
315.548,0.406512
312.955,0.406612
303.918,0.406712
302.764,0.406811
307.121,0.406914
309.128,0.407017
311.806,0.407118
306.781,0.407217
307.89,0.407316
309.856,0.40742
311.019,0.407517
312.65,0.407621
309.446,0.407721
312.634,0.407822
302.744,0.407922
310.77,0.408025
305.491,0.408124
309.145,0.408227
294.318,0.408327
305.995,0.408429
310.033,0.40853
304.207,0.408629
311.977,0.408731
313.663,0.408831
315.173,0.408933
305.036,0.409032
309.629,0.409134
315.777,0.409235
308.788,0.409335
312.56,0.409437
302.998,0.409536
309.796,0.40964
311.454,0.409739
307.195,0.409839
313.204,0.409941
303.83,0.410043
305.408,0.410143
310.437,0.410244
304.381,0.410345
314.607,0.410445
305.991,0.410547
312.178,0.410647
308.117,0.410749
323.879,0.410849
322.015,0.41095
313.893,0.411049
313.914,0.411153
309.988,0.411253
319.221,0.411354
319.758,0.411456
318.653,0.411555
321.321,0.411657
318.483,0.411757
314.196,0.411857
310.226,0.411959
314.224,0.412061
313.275,0.412161
312.773,0.412261
316.378,0.412362
317.391,0.412466
322.009,0.412563
318.998,0.412666
317.471,0.412766
320.58,0.412866
327.203,0.412968
328.155,0.413067
323.042,0.413171
311.691,0.41327
321.349,0.413374
323.678,0.413474
325.15,0.413573
321.673,0.413675
330.491,0.413775
325.167,0.413875
328.769,0.413974
332.239,0.414079
329.967,0.414176
327.368,0.414283
329.954,0.414379
327.556,0.414481
331.587,0.414583
340.674,0.414682
309.489,0.414786
337.222,0.414888
334.296,0.414982
336.441,0.415085
334.212,0.415187
323.864,0.415287
347.277,0.415388
346.504,0.415495
355.521,0.415593
339.632,0.415694
349.422,0.415795
346.101,0.415896
349.461,0.415996
338.186,0.416096
346.467,0.416202
334.57,0.416296
334.563,0.416398
345.904,0.416501
336.544,0.416606
329.355,0.416699
334.631,0.416803
334.442,0.416903
342.905,0.417008
332.043,0.417104
325.46,0.417207
333.575,0.417308
333.553,0.41741
339.301,0.417507
332.792,0.417612
318.95,0.417711
322.561,0.417815
326.653,0.417913
322.782,0.418016
330.721,0.418116
328.55,0.418215
321.65,0.418316
319.358,0.418419
314.392,0.418516
315.158,0.418622
315.208,0.418717
317.355,0.418821
324.263,0.418921
317.458,0.419022
317.649,0.419126
319.873,0.419226
309.818,0.419326
320.975,0.419426
314.258,0.419527
315.837,0.419628
309.479,0.41973
313.561,0.41983
316.6,0.419932
326.963,0.420031
316.543,0.420134
316.722,0.420234
315.941,0.420336
319.147,0.420434
319.884,0.420536
311.324,0.420638
312.544,0.420737
312.238,0.420839
316.265,0.420939
311.252,0.421041
304.877,0.421143
322.59,0.421242
308.754,0.421345
304.094,0.421445
318.695,0.421546
310.053,0.421645
315.486,0.421746
317.21,0.421848
304.964,0.42195
307.18,0.422049
309.826,0.422152
307.886,0.422252
309.317,0.422353
301.565,0.422454
313.21,0.422553
310.671,0.422656
303.574,0.422755
309.838,0.422857
309.977,0.422958
308.97,0.42306
309.209,0.423161
310.262,0.423259
308.675,0.423362
297.911,0.423463
316.425,0.423565
317.504,0.423665
312.852,0.423765
308.973,0.423868
309.017,0.423968
310.123,0.424067
316.869,0.424169
312.346,0.42427
312.745,0.424372
325.487,0.424471
320.158,0.424572
313.455,0.424674
318.676,0.424776
310.598,0.424873
327.69,0.424976
314.867,0.425076
325.248,0.425179
321.492,0.425276
322.521,0.425382
323.267,0.425481
325.536,0.425578
320.135,0.425683
319.83,0.425785
324.282,0.425883
321.424,0.425982
323.657,0.426087
317.016,0.426185
319.839,0.426286
315.998,0.426389
326.944,0.426491
316.65,0.426591
310.433,0.426691
319.935,0.426795
309.904,0.426896
307.787,0.426995
316.496,0.427098
319.079,0.427196
312.749,0.427297
310.916,0.427397
324.456,0.4275
308.849,0.427601
313.146,0.427701
320.178,0.427802
311.431,0.427902
311.124,0.428004
308.183,0.428105
319.209,0.428206
315.237,0.428304
314.183,0.428406
315.131,0.42851
312.163,0.428607
320.836,0.42871
314.656,0.42881
307.94,0.428913
321.121,0.429012
313.157,0.429113
308.816,0.429213
316.744,0.429316
320.376,0.429416
307.611,0.429517
312.735,0.42962
313.016,0.429719
313.068,0.42982
316.377,0.429921
316.495,0.430022
319.98,0.430123
312.233,0.430222
309.009,0.430324
314.576,0.430424
312.104,0.430527
310.107,0.430626
325.8,0.430729
313.776,0.430828
316.688,0.43093
309.379,0.431031
316.011,0.431131
320.132,0.431232
317.881,0.431333
311.462,0.431434
319.179,0.431534
318.726,0.431634
317.819,0.431738
316.447,0.431836
312.708,0.431941
319.415,0.432041
323.02,0.432139
310.564,0.432241
317.872,0.432345
311.91,0.43244
325.198,0.432544
331.758,0.432646
319.337,0.432747
318.428,0.432847
323.15,0.43295
327.499,0.433047
328.915,0.433149
326.172,0.433249
322.935,0.433351
317.094,0.43345
329.251,0.433555
322.886,0.433654
322.989,0.433754
326.666,0.433856
319.783,0.433956
340.84,0.434058
328.905,0.434158
334.839,0.434263
340.705,0.434361
327.895,0.434461
341.333,0.434563
333.858,0.434661
342.751,0.434766
342.617,0.434864
342.367,0.434964
344.901,0.435066
342.765,0.43517
340.084,0.43527
344.522,0.435372
355.13,0.435469
347.342,0.435574
340.712,0.43567
335.385,0.435774
348.479,0.43587
342.244,0.435975
343.665,0.436076
328.433,0.436174
342.829,0.436278
357.284,0.436377
334.625,0.436482
344.327,0.43658
336.408,0.436681
340.35,0.436781
350.409,0.436883
337.858,0.436989
339.201,0.437084
338.196,0.437189
331.133,0.437286
338.585,0.437389
344.052,0.437489
340.42,0.437591
337.573,0.437692
327.619,0.437794
322.987,0.437895
331.271,0.437993
333.848,0.438094
322.479,0.438196
330.883,0.438298
334.828,0.438395
324.961,0.438498
328.751,0.438597
325.966,0.4387
320.892,0.438802
320.382,0.438903
333.876,0.439003
325.047,0.439101
316.77,0.439204
317.32,0.439304
310.576,0.439406
312.621,0.439507
321.515,0.439607
312.603,0.439708
321.229,0.439811
324.936,0.439912
314.376,0.440012
315.947,0.440113
322.028,0.440213
319.825,0.440313
319.428,0.440416
323.82,0.440516
320.5,0.440618
318.957,0.440719
327.753,0.440818
324.161,0.44092
325.934,0.441023
312.286,0.441121
322.715,0.441224
326.934,0.441323
318.851,0.441423
319.763,0.441525
310.108,0.441626
326.213,0.441727
320.523,0.441828
312.905,0.441929
321.476,0.442031
315.563,0.442132
313.262,0.442231
321.963,0.442333
319.123,0.442433
313.055,0.442534
320.294,0.442635
318.271,0.442737
322.89,0.442837
319.568,0.442936
317.394,0.44304
325.501,0.44314
314.16,0.443241
324.268,0.443342
316.824,0.443442
315.758,0.443542
322.475,0.443645
314.199,0.443745
304.858,0.443845
316.159,0.443947
317.134,0.444046
319.945,0.444149
319.548,0.444251
323.446,0.44435
326.041,0.444451
318.1,0.444552
328.086,0.444654
318.3,0.444754
323.718,0.444854
320.456,0.444954
323.398,0.445057
321.848,0.445158
320.855,0.44526
324.055,0.445361
320.081,0.44546
326.502,0.445565
327.112,0.445662
317.311,0.445763
320.882,0.445863
314.301,0.445966
315.161,0.446065
316.06,0.446166
321.748,0.446269
326.095,0.446368
325.194,0.446471
334.309,0.446571
324.63,0.446671
318.429,0.446769
323.524,0.446874
315.968,0.446974
312.909,0.447073
316.17,0.447176
314.53,0.447278
324.782,0.447375
316.236,0.44748
318.257,0.447579
319.366,0.44768
326.704,0.447783
314.639,0.447881
320.218,0.447983
327.283,0.448085
311.857,0.448185
316.706,0.448287
312.076,0.44839
311.827,0.448487
313.611,0.448588
309.278,0.44869
319.007,0.448788
313.864,0.448891
317.361,0.448992
316.113,0.449095
318.116,0.449193
317.559,0.449296
313.622,0.449396
320.215,0.449497
318.981,0.449598
318.345,0.449699
315.734,0.449798
316.41,0.4499
320.887,0.450003
316.43,0.450101
320.651,0.450203
321.193,0.450304
322.803,0.450405
317.25,0.450504
323.053,0.450608
322.097,0.450708
327.429,0.450809
319.809,0.450908
329.105,0.451011
321.081,0.451111
327.175,0.451213
323.875,0.451315
329.079,0.451413
314.922,0.451515
323.631,0.451615
321.973,0.451717
315.611,0.45182
312.014,0.451918
319.662,0.45202
324.174,0.45212
327.717,0.45222
323.416,0.452323
321.341,0.452422
320.27,0.452523
324.59,0.452623
326.708,0.452727
322.195,0.452827
324.235,0.452929
320.657,0.453029
331.164,0.453128
324.178,0.453232
328.577,0.453329
328.589,0.453434
324.218,0.453531
328.716,0.453632
332.36,0.453735
330.721,0.453833
329.228,0.453936
337.527,0.454038
331.614,0.454137
337.572,0.454242
333.697,0.454337
332.292,0.454439
337.994,0.454545
330.402,0.454642
332.076,0.454748
333.719,0.454845
334.23,0.454948
334.06,0.455045
340.897,0.455152
341.069,0.455251
334.204,0.455351
338.54,0.455449
317.512,0.455551
342.405,0.455652
331.217,0.455753
338.567,0.455852
334.788,0.455954
326.864,0.456057
342.501,0.456157
346.201,0.456257
339.523,0.456359
350.313,0.456459
335.451,0.456565
356.832,0.456659
341.339,0.456765
336.276,0.456864
336.363,0.456962
342.042,0.457067
332.676,0.457165
359.319,0.457267
348.138,0.457369
333.462,0.457471
336.589,0.45757
331.254,0.457668
336.785,0.457772
327.35,0.457871
334.146,0.457973
342.528,0.458075
333.984,0.458174
340.853,0.458276
328.699,0.458377
343.677,0.458477
328.893,0.458579
324.303,0.458683
328.477,0.458782
325.632,0.45888
331.247,0.458983
330.988,0.459081
340.603,0.459185
327.184,0.459284
322.229,0.459387
335.867,0.459486
330.058,0.459589
328.61,0.459687
329.606,0.459789
323.804,0.459892
320.556,0.45999
323.131,0.460092
321.232,0.460196
323.103,0.460294
323.348,0.460394
321.645,0.460497
322.971,0.460597
323.18,0.460698
320.207,0.460798
322.558,0.460901
324.461,0.461
330.041,0.461102
328.012,0.461201
323.434,0.461305
322.087,0.461404
327.711,0.461506
326.43,0.461607
323.027,0.461707
328.577,0.461809
331.065,0.461909
325.007,0.46201
326.382,0.46211
322.068,0.462211
324.81,0.462312
327.873,0.462413
314.36,0.462514
329.055,0.462616
327.088,0.462716
324.634,0.462818
318.535,0.462918
329.919,0.463019
320.072,0.463119
317.418,0.463219
322.974,0.463322
320.754,0.463423
313.078,0.463522
323.21,0.463623
321.103,0.463726
326.253,0.463825
320.203,0.463926
327.749,0.464028
317.574,0.464129
312.747,0.464229
328.195,0.464329
322.793,0.46443
327.36,0.464533
318.724,0.464634
323.829,0.464734
321.655,0.464835
318.607,0.464934
324.536,0.465039
319.33,0.465139
324.474,0.465241
320.944,0.465339
324.069,0.465439
319.966,0.465541
328.46,0.46564
322.705,0.465742
321.603,0.465846
326.946,0.465944
332.995,0.466048
313.076,0.466148
325.444,0.466246
324.275,0.466348
320.885,0.46645
317.74,0.46655
326.457,0.466651
324.778,0.466751
329.815,0.466853
332.645,0.466955
333.591,0.467054
321.896,0.467156
333.066,0.467258
322.844,0.467359
325.707,0.46746
331.835,0.46756
334.135,0.46766
327.003,0.467762
325.308,0.467863
338.388,0.467964
325.096,0.468062
323.504,0.468165
315.877,0.468266
330.387,0.468368
325.117,0.468468
324.924,0.468569
323.961,0.468669
323.304,0.468769
329.109,0.468871
321.9,0.468972
316.145,0.469073
326.469,0.469175
325.657,0.469274
321.707,0.469376
327.8,0.469477
312.402,0.469575
325.826,0.469679
326.48,0.46978
327.528,0.46988
324.336,0.469981
330.18,0.470082
316.346,0.470182
332.864,0.470284
323.893,0.470386
320.653,0.470485
323.408,0.470588
327.403,0.470686
328.825,0.470788
317.948,0.470888
326.846,0.47099
328.354,0.47109
327.354,0.471192
321.985,0.471294
328.558,0.471395
330.124,0.471495
331.798,0.471595
324.232,0.471697
322.238,0.471796
331.583,0.471897
321.247,0.471999
328.708,0.4721
336.344,0.4722
328.875,0.472304
318.406,0.472403
327.115,0.472504
330.544,0.472604
328.084,0.472706
323.447,0.472806
326.682,0.472907
330.548,0.473009
327.659,0.473109
321.882,0.473209
322.866,0.473308
335.044,0.473412
329.735,0.473513
330.745,0.473613
326.106,0.473713
327.483,0.473817
328.818,0.473916
326.082,0.474016
324.049,0.474117
338.006,0.47422
333.077,0.474316
338.078,0.47442
326.47,0.474522
337.62,0.47462
328.213,0.474724
337.458,0.474824
345.47,0.474927
342.168,0.475027
343.944,0.475127
335.808,0.475226
344.377,0.475332
348.316,0.475429
339.281,0.475533
344.373,0.475634
339.716,0.475731
341.896,0.475835
337.015,0.475936
366.149,0.476035
336.818,0.476138
352.737,0.476236
336.646,0.476338
332.7,0.476435
347.923,0.476543
356.156,0.476639
341.928,0.476742
364.484,0.476844
341.003,0.476941
353.052,0.477048
351.583,0.477145
349.301,0.477244
349.163,0.477349
344.592,0.477447
354.657,0.477549
347.397,0.477655
339.18,0.477749
349.751,0.477851
344.05,0.477954
342.63,0.478055
345.286,0.478153
337.738,0.478256
345.16,0.478355
342.695,0.478458
335.424,0.478561
343.409,0.478658
334.084,0.478759
344.62,0.478861
336.448,0.478961
333.622,0.479064
331.458,0.479164
338.224,0.479269
337.78,0.479365
332.026,0.479463
334.591,0.479568
332.152,0.479668
333.162,0.479769
334.462,0.47987
331.81,0.47997
327.159,0.480072
332.089,0.480172
321.604,0.480274
329.683,0.480375
333.93,0.480477
330.475,0.480576
323.593,0.480678
325.859,0.480778
333.859,0.480879
324.613,0.48098
332.466,0.481082
330.758,0.481181
319.999,0.481285
324.824,0.481383
329.884,0.481486
321.956,0.481585
331.286,0.481686
328.496,0.481789
329.41,0.481888
330.531,0.481989
320.47,0.48209
326.929,0.482191
334.292,0.482292
331.264,0.482393
327.429,0.482494
320.556,0.482595
333.441,0.482695
325.913,0.482796
325.166,0.482897
328.046,0.482998
327.574,0.4831
324.713,0.483199
326.626,0.483302
325.23,0.483401
338.897,0.483504
321.853,0.483603
325.09,0.483704
329.216,0.483808
335.106,0.483906
326.755,0.484007
330.42,0.484107
336.491,0.48421
322.114,0.484309
329.671,0.484412
325.178,0.48451
334.951,0.484613
329.004,0.484713
328.167,0.484814
327.431,0.484915
325.217,0.485018
329.285,0.485116
335.646,0.485219
326.67,0.485317
331.8,0.485421
321.477,0.485521
334.927,0.485621
332.178,0.485725
330.329,0.485823
327.72,0.485924
327.117,0.486024
331.362,0.486128
332.843,0.486228
330.732,0.486325
340.284,0.48643
326.213,0.48653
329.357,0.486632
341.662,0.486732
306.965,0.486835
313.884,0.486935
339.827,0.487033
329.514,0.487135
326.894,0.487231
323.841,0.487338
330.303,0.487436
343.889,0.487541
338.101,0.487637
325.368,0.487741
330.156,0.487842
330.214,0.487941
332.033,0.488045
327.022,0.488144
325.305,0.488247
332.835,0.488346
329.903,0.488449
325.926,0.488545
324.055,0.48865
323.96,0.48875
317.273,0.488851
328.263,0.488951
325.984,0.489054
325.102,0.489153
320.38,0.489254
326.01,0.489356
316.934,0.489456
327.745,0.489557
322.312,0.489659
328.942,0.489758
324.239,0.489861
324.89,0.489959
322.435,0.490063
335.042,0.490164
329.358,0.490264
322.54,0.490364
329.957,0.490465
332.089,0.490567
329.459,0.490668
331.263,0.490767
327.703,0.490869
324.86,0.49097
326.757,0.49107
331.227,0.491172
328.932,0.491273
329.768,0.491376
337.061,0.491474
322.23,0.491575
343.875,0.491677
330.459,0.491778
334.986,0.49188
331.852,0.491979
325.033,0.492081
336.803,0.492181
340.014,0.492284
339.87,0.492381
340.062,0.492485
333.187,0.492583
340.679,0.492687
334.114,0.492785
338.537,0.492888
332.463,0.492987
334.958,0.493088
332.544,0.493187
327.399,0.493291
336.974,0.49339
323.086,0.493494
336.74,0.493594
341.358,0.493694
335.922,0.493795
332.719,0.493896
344.942,0.493997
336.781,0.494098
331.273,0.494198
335.914,0.494299
341.801,0.494401
341.715,0.494502
330.695,0.494603
336.43,0.494704
344.584,0.494804
341.95,0.494905
335.708,0.495006
337.083,0.495109
340.671,0.495207
348.191,0.495309
347.07,0.495412
345.845,0.49551
334.311,0.495615
339.108,0.495712
346.834,0.495813
345.602,0.495912
350.841,0.496021
348.009,0.496115
338.325,0.496216
332.225,0.49632
339.579,0.49642
345.549,0.49652
335.84,0.496621
349.232,0.496718
349.064,0.496824
327.24,0.496923
329.796,0.497026
321.644,0.497125
333.614,0.497227
340.954,0.497324
341.552,0.497429
352.152,0.497526
353.045,0.497628
361.504,0.497734
334.924,0.497828
349.272,0.497938
338.564,0.498035
329.441,0.498133
331.58,0.498237
342.809,0.498334
347.543,0.49844
346.796,0.498538
324.882,0.49864
349.551,0.498741
329.66,0.498842
339.058,0.498941
344.864,0.499045
341.158,0.499143
341.646,0.499245
345.942,0.499344
341.724,0.499442
349.849,0.499549
341.141,0.49965
343.759,0.499746
340.681,0.499851
342.77,0.49995
332.762,0.500051
342.768,0.500149
346.899,0.500251
338.3,0.500354
343.9,0.500452
340.299,0.500555
340.845,0.500655
337.104,0.500758
340.126,0.500858
333.064,0.500958
338.311,0.50106
349.585,0.501161
335.451,0.50126
339.912,0.501361
343.987,0.501463
337.572,0.501563
337.673,0.501665
333.708,0.501766
329.342,0.501866
334.113,0.501969
331.745,0.502067
331.513,0.502172
344.121,0.50227
328.584,0.502372
336.621,0.502471
331.701,0.502574
331.628,0.502674
339.398,0.502776
324.645,0.502875
343.027,0.502976
329.666,0.503077
332.916,0.503179
334.523,0.503281
331.866,0.50338
336.635,0.503481
343.186,0.503583
334.627,0.503682
338.183,0.503785
329.503,0.503885
342.292,0.503987
324.916,0.504087
330.289,0.504189
340.925,0.50429
336.647,0.504389
329.795,0.504491
343.803,0.504592
325.559,0.504693
332.395,0.504791
330.706,0.504894
334.471,0.504997
331.901,0.505095
337.417,0.505198
335.01,0.505299
336.76,0.505398
328.794,0.505499
323.849,0.505599
343.339,0.505699
330.387,0.505802
333.822,0.505901
336.783,0.506005
333.056,0.506105
335.622,0.506205
335.451,0.506309
331.496,0.506406
334.667,0.506506
331.593,0.50661
339.438,0.506711
327.534,0.506813
329.553,0.506914
335.318,0.507009
339.325,0.507116
321.663,0.507213
337.232,0.507316
333.789,0.507416
338.618,0.507518
336.524,0.507621
331.746,0.507717
338.752,0.507821
334.313,0.507924
332.936,0.508023
325.822,0.508121
342.358,0.508224
336.558,0.508325
333.031,0.508427
340.692,0.508527
342.201,0.508628
333.001,0.508729
339.827,0.50883
331.825,0.508931
341.613,0.509033
325.217,0.509132
340.013,0.509233
321.556,0.509334
348.025,0.509434
337.003,0.509535
340.685,0.509637
334.946,0.509737
337.964,0.509839
336.002,0.509939
322.675,0.510042
348.69,0.510141
327.677,0.510241
345.084,0.510343
330.516,0.510443
327.759,0.510545
338.637,0.510644
331.235,0.510749
336.838,0.510849
332.284,0.510947
337.147,0.511049
346.434,0.511149
343.829,0.511253
332.716,0.511352
339.765,0.511454
340.405,0.511553
329.896,0.511654
346.393,0.511757
333.659,0.511856
339.616,0.511958
336.784,0.512058
337.142,0.512162
342.687,0.512259
345.1,0.512359
344.256,0.512461
338.585,0.512561
335.505,0.512664
340.062,0.512766
340.598,0.512866
346.315,0.512967
333.672,0.513067
338.67,0.51317
338.075,0.513269
347.004,0.513371
338.193,0.513472
340.921,0.513573
337.855,0.513673
338.163,0.513773
333.071,0.513877
337.453,0.513976
334.666,0.514078
338.609,0.514177
340.84,0.514278
339.845,0.51438
336.77,0.514481
337.518,0.514581
344.38,0.514681
338.521,0.514784
342.158,0.514883
342.424,0.514984
340.22,0.515084
335.253,0.515187
339.412,0.51529
345.921,0.515388
347.544,0.515485
346.455,0.51559
347.419,0.515692
341.396,0.51579
337.816,0.515893
346.27,0.515994
337.988,0.516096
346.291,0.516198
336.464,0.516299
344.544,0.516398
338.267,0.516495
353.325,0.516602
344.469,0.516699
353.061,0.516799
351.761,0.516904
344.473,0.517002
354.049,0.517104
345.46,0.517209
347.234,0.517306
356.843,0.517406
352.971,0.517508
354.294,0.517606
358.851,0.517709
345.124,0.517811
352.534,0.517911
361.304,0.518013
350.029,0.518113
338.005,0.518214
352.076,0.518314
358.965,0.518418
353.693,0.518516
358.796,0.51862
355.815,0.518717
346.504,0.51882
343.636,0.518919
349.911,0.519022
350.852,0.519123
347.009,0.519223
348.625,0.519323
345.284,0.519425
346.787,0.519527
347.357,0.519628
345.626,0.519731
349.214,0.519829
356.805,0.51993
350.238,0.520031
338.815,0.520134
347.479,0.520233
354.484,0.520334
337.583,0.520435
343.155,0.520534
346.341,0.520635
340.125,0.520738
338.089,0.52084
341.326,0.520939
335.477,0.521041
348.731,0.521137
357.738,0.521242
344.416,0.521342
344.905,0.521442
340.47,0.521544
335.618,0.521645
339.112,0.521746
346.008,0.521847
343.215,0.521947
341.023,0.522048
339.069,0.522149
341.268,0.52225
343.908,0.522351
341.464,0.522451
341.877,0.522553
340.105,0.522654
334.826,0.522754
339.366,0.522857
339.954,0.522956
339.013,0.523059
340.655,0.523159
351.509,0.52326
344.84,0.52336
336.263,0.52346
341.581,0.523562
342.049,0.523663
331.593,0.523765
338.654,0.523866
339.494,0.523965
341.809,0.524067
338.684,0.524167
340.416,0.524266
339.511,0.524369
346.871,0.52447
340.438,0.524571
349.411,0.524671
347.217,0.524775
341.103,0.524873
349.395,0.524974
353.137,0.525076
342.016,0.525176
345.851,0.525279
346.117,0.525379
336.16,0.525478
345.146,0.525581
340.993,0.52568
341.12,0.525783
350.816,0.525882
337.161,0.525984
348.505,0.526086
342.187,0.526185
341.058,0.526287
354.373,0.526387
339.998,0.526488
342.844,0.526589
334.593,0.526691
350.735,0.52679
336.511,0.526892
346.808,0.526994
342.253,0.527095
334.25,0.527194
340.383,0.527296
345.412,0.527398
332.052,0.527497
348.376,0.527601
337.536,0.527701
336.473,0.527799
345.886,0.527901
339.617,0.528003
337.942,0.528104
340.431,0.528205
332.531,0.528305
348.604,0.528404
339.934,0.528507
344.613,0.528606
346.193,0.528708
345.366,0.52881
341.66,0.528909
341.361,0.529011
335.906,0.529112
345.479,0.529215
347.373,0.529312
333.763,0.529415
342.271,0.529516
340.783,0.529618
337.706,0.529718
338.515,0.52982
343.542,0.52992
334.234,0.53002
332.428,0.53012
349.194,0.530221
338.166,0.530323
334.837,0.530422
340.755,0.530526
347.668,0.530625
341.289,0.530727
330.89,0.530826
343.012,0.53093
343.791,0.531028
342.857,0.531132
338.582,0.531231
337.933,0.531332
338.368,0.531434
340.248,0.531534
347.429,0.531635
347.367,0.531736
339.254,0.531836
348.955,0.531938
341.465,0.532039
348.171,0.53214
344.342,0.532242
347.334,0.53234
347.611,0.532442
353.631,0.532545
340.481,0.532643
348.883,0.532746
348.659,0.532847
347.613,0.532947
344.234,0.533047
348.324,0.533147
361.384,0.533249
354.01,0.53335
351.87,0.533452
345.287,0.533551
349.119,0.533653
352.717,0.533753
344.702,0.533856
345.17,0.533954
358.234,0.534057
346.453,0.534159
351.674,0.534259
359.731,0.53436
343.862,0.534461
353.325,0.53456
354,0.534662
350.651,0.534762
352.967,0.534864
350.397,0.534966
347.948,0.535065
357.718,0.535167
349.029,0.535266
357.589,0.535368
347.174,0.535469
345.415,0.535569
354.348,0.535671
357.008,0.535773
352.529,0.535873
356.092,0.535972
353.521,0.536076
344.851,0.536178
354.592,0.536277
356.828,0.536379
350.985,0.536476
352.485,0.536579
352.854,0.53668
356.609,0.536782
355.715,0.536883
349.693,0.536981
360.03,0.537085
352.733,0.537186
340.426,0.537286
350.217,0.537387
361.426,0.537487
353.961,0.537588
356.982,0.537688
347.658,0.53779
350.698,0.537892
353.585,0.537992
350.321,0.538091
361.075,0.538193
366.784,0.538293
365.387,0.538395
350.457,0.538497
356.603,0.538598
339.951,0.538701
356.285,0.5388
354.76,0.538899
340.158,0.539004
346.062,0.5391
354.76,0.539202
350.024,0.539305
350.209,0.539406
344.004,0.539509
350.906,0.539604
344.993,0.539708
345.182,0.539807
350.724,0.539909
348.83,0.54001
353.642,0.540112
353.161,0.540212
352.546,0.540315
348.287,0.540414
349.095,0.540514
357.03,0.540616
352.812,0.540717
349.897,0.540817
353.226,0.540918
348.419,0.541019
351.153,0.541121
359.129,0.541222
347.258,0.541321
355.088,0.541424
355.497,0.541524
354.458,0.541626
351.506,0.541726
350.458,0.541824
353.625,0.541929
350.419,0.542028
359.221,0.542129
357.534,0.54223
339.991,0.542331
356.218,0.542432
357.458,0.542534
347.025,0.542634
350.568,0.542734
351.786,0.542836
357.369,0.542936
348.191,0.543036
352.6,0.543139
352.433,0.543241
344.7,0.54334
344.944,0.54344
353.163,0.543542
350.36,0.543644
349.128,0.543743
356.277,0.543845
359.416,0.543946
350.978,0.544047
344.724,0.544146
348.956,0.544249
360.105,0.54435
348.631,0.544451
347.145,0.544551
356.083,0.544653
346.587,0.544751
352.114,0.544856
351.414,0.544954
352.746,0.545056
348.929,0.545156
354.268,0.545259
347.817,0.545358
351.709,0.545459
356.386,0.545558
355.141,0.545662
346.57,0.545761
352.481,0.545863
354.2,0.545963
347.265,0.546065
351.149,0.546167
350.727,0.546266
350.381,0.546367
357.068,0.546468
347.415,0.546568
353.284,0.54667
349.563,0.54677
352.658,0.546872
352.301,0.546973
354.586,0.547073
347.618,0.547173
354.718,0.547276
348.429,0.547376
344.953,0.547478
348.33,0.547577
348.88,0.547678
349.286,0.547781
349.497,0.547881
348.868,0.547984
351.63,0.548081
344.246,0.548183
356.484,0.548285
344.102,0.548387
350.009,0.548488
350.731,0.548586
345.03,0.548688
346.692,0.548789
355.21,0.548889
352.662,0.54899
347.474,0.549092
347.171,0.549191
345.421,0.549295
347.764,0.549394
356.691,0.549496
355.419,0.549597
347.439,0.549697
348.663,0.5498
353.931,0.549899
351.022,0.549999
356.638,0.5501
353.578,0.550202
355.18,0.550304
356.418,0.550404
359.838,0.550504
345.522,0.550606
356.88,0.550706
355.275,0.550807
361.348,0.550906
351.704,0.551011
350.618,0.551108
354.717,0.551211
354.127,0.551313
357.784,0.551412
355.685,0.551514
354.923,0.551616
346.34,0.551714
353.927,0.551816
356.062,0.551918
349.074,0.552018
359.05,0.552119
348.628,0.552221
360.647,0.552321
342.486,0.552421
361.688,0.552524
357.902,0.552623
356.769,0.552727
360.433,0.552827
362.439,0.552927
353.788,0.553027
351.058,0.553129
359.36,0.553227
353.563,0.553329
357.159,0.553431
363.111,0.553531
363.747,0.553634
350.841,0.553733
356.83,0.553835
352.775,0.553937
354.167,0.554036
353.243,0.554136
351.266,0.554235
357.161,0.554338
357.582,0.55444
359.202,0.554542
352.727,0.554642
358.258,0.554744
339.87,0.554842
367.336,0.554945
355.369,0.555045
353.506,0.555147
354.795,0.555247
348.303,0.555349
359.002,0.555447
350.34,0.555552
352.653,0.555648
354.814,0.555752
350.868,0.555853
368.466,0.555954
356.05,0.556054
355.57,0.556158
344.936,0.556257
357.673,0.556357
351.677,0.556456
356.434,0.556559
355.924,0.556661
359.68,0.556762
364.858,0.55686
356.3,0.556963
369.146,0.557063
356.638,0.557162
364.56,0.557266
356.191,0.557367
361.665,0.557468
358.136,0.557567
362.334,0.557673
366.328,0.557767
359.92,0.557872
366.591,0.557973
359.073,0.558071
354.635,0.558173
350.905,0.558272
358.651,0.558375
372.587,0.558474
347.581,0.558579
369.935,0.558679
353.225,0.558778
365.117,0.558879
354.309,0.558981
353.573,0.559078
364.386,0.559185
368.321,0.559281
354.861,0.559386
363.495,0.559487
341.04,0.559585
362.85,0.559688
358.944,0.559787
363.921,0.559889
351.222,0.55999
359.042,0.560092
365.789,0.56019
362.746,0.560294
360.494,0.560393
359.565,0.560498
360.313,0.560597
357.61,0.560694
356.888,0.560798
360.336,0.5609
363.729,0.560998
355.164,0.561101
366.675,0.561199
361.103,0.561301
361.448,0.561403
353.772,0.561503
357.75,0.561604
361.163,0.561706
360.077,0.561806
355.88,0.561906
368.29,0.562009
355.87,0.562109
363.251,0.562211
351.955,0.56231
361.125,0.562412
358.044,0.562514
359.786,0.562613
352.55,0.562714
368.671,0.562815
363.378,0.562916
360.247,0.563016
356.337,0.563119
356.453,0.563218
356.005,0.563321
363.543,0.563421
360.362,0.563519
365.257,0.563623
356.504,0.563723
360.717,0.563824
358.391,0.563927
359.038,0.564025
358.69,0.564126
354.482,0.564228
359.744,0.564329
358.221,0.564431
355.272,0.56453
360.684,0.564631
356.221,0.564733
364.036,0.564833
361.653,0.564935
359.239,0.565035
357.76,0.565136
364.544,0.565238
361.135,0.565339
357.747,0.565438
367.053,0.56554
358.709,0.56564
359.23,0.565741
354.147,0.56584
368.125,0.565945
360.171,0.566045
364.108,0.566145
357.658,0.566246
359.455,0.566347
361.14,0.566451
354.267,0.566549
359.308,0.56665
368.446,0.566752
357.006,0.566851
357.324,0.566954
363.088,0.567053
359.836,0.567153
363.2,0.567259
367.097,0.567353
365.478,0.567458
349.007,0.567555
360.453,0.567659
366.427,0.567761
362.262,0.567862
356.828,0.567961
366.3,0.568061
366.446,0.568163
354.023,0.568264
357.547,0.568363
352.414,0.568467
353.808,0.568568
362.457,0.568669
362.118,0.568768
361.392,0.568871
364.997,0.568971
353.206,0.569072
359.82,0.569172
362.853,0.569274
359.891,0.569372
361.045,0.569476
355.83,0.569575
360,0.569678
352.234,0.569778
354.274,0.569878
361.341,0.56998
358.312,0.57008
353.511,0.57018
361.746,0.570282
365.66,0.570383
356.417,0.570484
361.269,0.570584
362.77,0.570686
358.394,0.570787
363.791,0.570889
354.909,0.570988
351.183,0.571092
353.339,0.571191
368.842,0.571293
358.27,0.571394
366.36,0.571495
352.649,0.571593
367.889,0.571696
354.275,0.571796
366.606,0.571897
360.912,0.571999
372.673,0.572099
360.586,0.572199
369.092,0.572302
360.851,0.5724
360.674,0.572503
366.96,0.572601
360.977,0.572705
350.725,0.572803
361.283,0.572906
363.995,0.573005
359.103,0.57311
373.46,0.573209
373.557,0.57331
368.823,0.573412
365.733,0.573511
368.65,0.573613
369.965,0.573714
360.86,0.573813
369.274,0.573916
367.733,0.574016
365.306,0.574119
359.969,0.574216
365.146,0.57432
369.522,0.574421
376.19,0.574522
365.183,0.57462
366.92,0.574722
373.813,0.574823
365.853,0.574923
372.818,0.575026
360.746,0.575125
368.301,0.575229
369.868,0.575328
365.883,0.575429
374.231,0.57553
367.485,0.57563
371.599,0.575732
367.239,0.575832
372.556,0.575932
372.26,0.576034
366.203,0.576134
373.642,0.576237
364.915,0.576337
362.194,0.576437
367.811,0.576539
366.998,0.576639
370.042,0.576742
363.038,0.576839
372.61,0.57694
357.24,0.577045
360.276,0.577143
366.78,0.577243
364.609,0.577345
367.248,0.577444
365.136,0.57755
370.85,0.57765
358.747,0.577749
366.758,0.577847
367.86,0.577952
356.771,0.578052
359.526,0.578156
358.503,0.57825
367.106,0.578354
365.719,0.578454
362.554,0.578558
371.549,0.578655
372.508,0.57876
369.872,0.578862
369.792,0.57896
362.418,0.57906
361.074,0.579161
363.47,0.579262
359.609,0.579363
360.116,0.579467
352.455,0.579563
347.529,0.579669
361.163,0.579771
358.863,0.579869
359,0.579972
355.019,0.580071
358.297,0.580172
358.887,0.580273
363.099,0.580374
352.36,0.580473
353.145,0.580578
361.181,0.580676
358.409,0.580776
357.174,0.580876
356.107,0.580977
370.949,0.58108
362.262,0.581179
375.905,0.581284
375.377,0.581381
365.941,0.581481
369.738,0.581587
368.006,0.581684
370.409,0.581787
364.387,0.581886
367.262,0.581987
361.785,0.582087
364.198,0.58219
367.656,0.582289
369.268,0.58239
366.936,0.582493
369.399,0.582593
372.451,0.582695
361.388,0.582794
376.087,0.582896
372.25,0.582997
377.506,0.5831
373.168,0.583199
358.986,0.583299
379.496,0.583401
368.916,0.5835
364.731,0.583603
366.451,0.583703
377.632,0.583804
375.402,0.583905
367.343,0.584007
375.88,0.584108
378.442,0.584209
375.284,0.584308
368.107,0.584408
365.04,0.584511
373.352,0.584611
381.564,0.584712
371.965,0.584813
372.149,0.584914
374.956,0.585014
365.102,0.585117
376.467,0.585217
371.867,0.585319
370.06,0.585419
368.528,0.58552
371.676,0.58562
370.939,0.585721
375.336,0.585821
371.931,0.585925
374.087,0.586023
370.844,0.586124
365.711,0.586227
363.916,0.586326
372.045,0.586427
369.513,0.586529
378.644,0.58663
365.431,0.586729
381.699,0.58683
369.998,0.586932
371.667,0.587035
359.273,0.587134
372.451,0.587234
369.08,0.587335
366.678,0.587437
368.331,0.587539
367.019,0.58764
367.781,0.58774
371.666,0.587842
369.73,0.58794
362.618,0.588042
369.817,0.588143
373.282,0.588244
364.874,0.588345
364.522,0.588446
364.41,0.588547
366.266,0.588647
362.888,0.588748
368.655,0.588851
364.065,0.588949
371.511,0.589051
359.371,0.589151
361.733,0.589252
367.859,0.589355
368.67,0.589455
368.236,0.589554
352.979,0.589656
368.681,0.589756
371.697,0.589859
371.42,0.58996
368.447,0.590062
370.949,0.590161
368.801,0.590263
366.222,0.590361
368.724,0.590466
364.707,0.590565
359.983,0.590667
362.483,0.590766
371.228,0.590867
369.046,0.59097
366.694,0.59107
363.328,0.591168
369.807,0.591271
370.121,0.591371
382.314,0.591474
377.276,0.591574
370.292,0.591674
363.684,0.591776
379.066,0.591878
369.421,0.591977
364.044,0.59208
380.501,0.59218
371.89,0.592279
374.15,0.592381
378.916,0.592482
377.899,0.592584
383.088,0.592683
366.198,0.592785
378.322,0.592885
376.802,0.592988
375.616,0.593087
373.166,0.593189
377.053,0.593289
376.588,0.593391
370.597,0.593491
376.112,0.593593
370.665,0.593692
377.628,0.593794
371.244,0.593894
381.393,0.593995
376.118,0.594097
373.397,0.594197
376.751,0.594299
380.354,0.594399
383.734,0.594501
371.274,0.594601
381.944,0.594702
374.4,0.594803
374.789,0.594903
385.151,0.595005
377.993,0.595108
375.137,0.595207
372.14,0.595308
372.47,0.595407
378.826,0.595509
366.317,0.59561
373.758,0.59571
377.613,0.595812
374.539,0.595912
381.528,0.596014
378.045,0.596115
373.633,0.596215
378.007,0.596316
374.526,0.596418
380.279,0.596519
371.473,0.59662
377.22,0.59672
369.832,0.59682
371.488,0.596923
374.988,0.597022
367.077,0.597124
381.771,0.597225
373.132,0.597327
370.005,0.597429
365.654,0.597526
375.082,0.59763
363.455,0.597726
378.901,0.59783
375.304,0.597932
372.113,0.59803
367.726,0.598134
362.432,0.598231
371.985,0.598336
368.211,0.598433
377.491,0.59854
362.982,0.598637
368.963,0.59874
366.609,0.598839
364.269,0.598941
369.802,0.599042
375.513,0.599143
365.295,0.599243
367.093,0.599345
365.764,0.599445
370.44,0.599546
350.411,0.599649
365.513,0.599747
382.308,0.599847
378.26,0.599949
367.885,0.60005
364.434,0.600151
372.538,0.600252
372.739,0.600353
367.893,0.600455
355.578,0.60055
365.848,0.600655
364.16,0.600756
370.017,0.600859
371.203,0.600953
375.994,0.601057
376.416,0.601161
361.871,0.601259
365.834,0.601362
377.935,0.60146
376.501,0.601566
378.136,0.601666
369.008,0.601767
373.936,0.601871
372.812,0.601967
382.842,0.602067
376.585,0.60217
383.175,0.602273
380.428,0.60237
381.156,0.602471
380.311,0.602574
376.452,0.602675
386.43,0.602774
377.694,0.602875
386.699,0.602976
380.911,0.603076
367.62,0.603178
380.085,0.603279
382.069,0.60338
373.348,0.603481
381.922,0.603582
373.635,0.603682
377.682,0.603784
372.353,0.603885
373.506,0.603986
387.313,0.604087
368.992,0.604188
381.949,0.604288
379.487,0.604389
381.594,0.60449
380.656,0.604591
389.036,0.604694
376.947,0.604792
379.454,0.604896
379.96,0.604996
377.808,0.605094
387.97,0.605196
381.706,0.605298
379.296,0.605399
372.418,0.605499
380.595,0.605599
373.643,0.605701
378.528,0.605801
381.591,0.605903
379.103,0.606004
386.125,0.606105
372.522,0.606204
368.564,0.606309
382.913,0.606406
371.491,0.606509
383.443,0.606607
383.819,0.60671
376.597,0.606812
376.439,0.606911
383.427,0.607013
393.331,0.607113
377.925,0.607215
382.679,0.607314
378.029,0.607418
381.199,0.607516
378.555,0.607617
389.854,0.607719
384.294,0.607821
370.494,0.607919
385.734,0.608021
380.431,0.608123
379.193,0.608221
373.61,0.608325
387.153,0.608426
371.758,0.608526
385.546,0.608628
369.559,0.60873
386.285,0.608827
374.283,0.60893
377.967,0.609028
380.074,0.609133
376.492,0.609232
376.476,0.609335
373.424,0.609434
370.92,0.609535
372.496,0.609638
373.459,0.609737
376.512,0.609838
370.054,0.609939
377.124,0.61004
384.744,0.610143
374.181,0.610242
368.66,0.610343
371.975,0.610445
384.277,0.610544
385.18,0.610649
369.595,0.610747
373.619,0.610848
375.371,0.610948
373.986,0.611049
374.257,0.611151
376.729,0.61125
381.9,0.611352
380.197,0.611454
376.73,0.611554
374.225,0.611655
380.253,0.611754
379.363,0.611856
380.203,0.611957
385.808,0.612058
384.832,0.612161
375.682,0.612258
376.696,0.612363
383.662,0.612462
377.93,0.612564
374.081,0.612664
380.397,0.612765
378.022,0.612867
379.673,0.612968
380.572,0.613066
381.994,0.613169
383.987,0.61327
382.4,0.613369
387.727,0.613471
383.076,0.613573
386.234,0.613672
385.841,0.613774
383.864,0.613876
386.15,0.613974
377.941,0.614078
387.375,0.614176
382.86,0.614278
385.892,0.614379
389.86,0.61448
388.741,0.614581
376.453,0.614683
391.132,0.614783
375.809,0.614884
388.978,0.614984
388.375,0.615087
384.685,0.615187
380.694,0.615289
384.599,0.615388
394.208,0.61549
390.15,0.615591
382.196,0.615691
389.708,0.615791
391.435,0.615892
385.986,0.615996
387.313,0.616094
381.244,0.616197
379.76,0.616295
380.998,0.616399
385.85,0.616495
380.971,0.616599
391.425,0.616701
382.572,0.616802
389.252,0.616902
388.683,0.617003
382.234,0.617104
389.918,0.617205
385.625,0.617307
392.61,0.617404
378.294,0.617509
383.883,0.617608
390.012,0.617708
382.809,0.617811
386.158,0.61791
385.029,0.618013
386.315,0.618111
383.529,0.618215
384.039,0.618314
384.938,0.618416
391.142,0.618515
378.886,0.618618
372.742,0.618717
376.138,0.618817
380.456,0.61892
364.603,0.619021
377.746,0.619122
366.988,0.619222
377.158,0.619322
375.316,0.619424
374.042,0.619523
374.425,0.619628
366.43,0.619729
366.733,0.619827
374.938,0.619927
366.93,0.620031
388.48,0.620129
361.985,0.620231
359.282,0.62033
352.266,0.620432
381.942,0.620536
360.826,0.620634
373.857,0.620737
355.994,0.620835
373.625,0.620939
375.171,0.621038
367.804,0.62114
370.497,0.621241
372.558,0.621344
359.786,0.621441
366.07,0.621542
369.15,0.621644
369.137,0.621746
393.353,0.621845
379.624,0.621949
364.087,0.622046
383.503,0.622152
373.055,0.62225
380.98,0.622352
371.72,0.622453
375.989,0.622554
388.146,0.622655
376.899,0.622755
379.133,0.622852
379.491,0.622954
387.316,0.623058
374.478,0.623158
380.579,0.623261
380.196,0.623358
385.902,0.623461
384.143,0.623564
385.95,0.623662
384.364,0.623764
380.37,0.623862
385.376,0.623966
396.481,0.624065
389.205,0.624165
386.303,0.624268
385.43,0.62437
385.061,0.624469
383.2,0.624573
385.918,0.624671
383.679,0.624772
385.919,0.624874
394.862,0.624973
385.583,0.625075
381.768,0.625178
382.983,0.625275
393.676,0.625378
398.511,0.625479
383.957,0.625581
388.518,0.62568
391.259,0.625782
383.924,0.625882
389.999,0.625983
396.43,0.626083
386.498,0.626183
390.284,0.626287
388.446,0.626388
385.892,0.626487
386.113,0.626588
389.362,0.626689
392.239,0.626791
390.277,0.626893
381.04,0.626993
393.108,0.627094
384.206,0.627196
393.797,0.627293
387.399,0.627396
381.616,0.627497
386.384,0.627596
381.153,0.627702
389.569,0.6278
385.01,0.627901
391.301,0.628002
387.033,0.6281
393.413,0.628203
385.42,0.628304
380,0.628404
398.539,0.628507
380.232,0.628607
392.731,0.628708
380.212,0.628809
382.758,0.628909
384.277,0.629011
386.41,0.629111
386.435,0.629214
380.75,0.629316
382.606,0.629413
389.064,0.629514
384.027,0.629618
371.812,0.629718
379.317,0.629818
380.596,0.629918
384.485,0.63002
389.331,0.630121
380.901,0.630222
383.79,0.630322
376.34,0.630427
379.632,0.630525
383.777,0.630624
378.9,0.630727
383.869,0.630829
381.356,0.630928
375.28,0.631027
383.164,0.631129
376.352,0.631232
386.983,0.631331
378.795,0.631431
380.44,0.631534
386.336,0.631634
390.456,0.631738
389.878,0.631836
381.557,0.631938
378.109,0.632039
385.897,0.632139
377.998,0.63224
381.017,0.63234
383.735,0.632441
388.415,0.632542
380.643,0.632643
384.035,0.632745
381.809,0.632844
384.582,0.632946
392.056,0.633049
386.718,0.633147
390.098,0.63325
389.849,0.63335
389.12,0.633449
393.285,0.633554
386.456,0.633653
395.475,0.633754
390.296,0.633853
395.478,0.633958
385.074,0.634056
392.443,0.634156
401.965,0.634259
392.937,0.634359
401.131,0.63446
383.583,0.634561
387.646,0.634662
401.192,0.634762
385.501,0.634862
395.907,0.634964
394.429,0.635066
392.643,0.635165
387.216,0.635268
397.165,0.635368
396.145,0.635467
388.496,0.635571
390.892,0.635671
397.641,0.635772
389.845,0.635872
398.484,0.635975
382.576,0.636075
401.569,0.636175
385.429,0.636276
394.53,0.636378
397.668,0.63648
394.177,0.636579
393.571,0.63668
382.586,0.636782
385.744,0.63688
397.147,0.636981
389.069,0.637084
386.744,0.637184
382.934,0.637284
374.743,0.637387
399.211,0.637485
386.822,0.637589
393.101,0.637688
396.772,0.63779
383.088,0.637891
388.697,0.637991
387.746,0.638095
386.988,0.638191
389.937,0.638295
377.985,0.638394
388.989,0.638499
371.946,0.638596
382.563,0.638699
377.399,0.6388
382.726,0.638902
378.41,0.639
372.131,0.639101
382.238,0.639201
372.968,0.639304
359.396,0.6394
383.295,0.639504
384.898,0.639605
368.97,0.639707
370.551,0.63981
369.638,0.639909
374.012,0.640009
363.929,0.640112
360.516,0.640211
380.313,0.640313
372.489,0.640415
369.903,0.640516
368.22,0.640614
372.827,0.640713
371.559,0.640817
380.598,0.640916
374.641,0.641018
370.983,0.641119
358.886,0.641222
364.523,0.64132
366.481,0.641421
366.564,0.641522
385.66,0.641625
378.953,0.641727
370.53,0.641824
380.12,0.641928
381.776,0.642027
381.996,0.642133
369.61,0.642229
384.11,0.642331
376.267,0.64243
383.84,0.642529
391.765,0.642633
385.366,0.642736
383.126,0.642835
389.024,0.642934
391.183,0.643038
396.403,0.643139
395.592,0.64324
389.103,0.64334
385.15,0.64344
385.319,0.643542
392.907,0.643644
401.842,0.643744
388.15,0.643844
395.088,0.643944
390.473,0.644046
392.331,0.644147
384.529,0.644248
390.4,0.644349
395.431,0.644447
401.814,0.644551
391.922,0.64465
390.402,0.644754
395.389,0.644851
393.685,0.644956
392.964,0.645055
388.796,0.645156
395.794,0.645258
393.503,0.645358
392.65,0.645459
395.504,0.64556
395.117,0.645661
393.175,0.645762
390.09,0.645861
379.425,0.645964
404.35,0.646063
393.013,0.646165
383.413,0.646266
402.925,0.646366
388.869,0.646468
405.213,0.646568
389.501,0.64667
390.003,0.64677
395.137,0.646871
398.327,0.646972
394.047,0.647073
387.24,0.647174
391.25,0.647274
383.631,0.647375
390.233,0.647478
387.978,0.647578
394.103,0.64768
384.067,0.64778
386.692,0.647881
377.786,0.647983
403.791,0.648084
385.536,0.648182
386.782,0.648284
394.122,0.648384
395.096,0.648487
391.876,0.648586
395.705,0.648688
390.182,0.648788
391.835,0.64889
391.355,0.64899
383.985,0.64909
397.427,0.649193
386.537,0.649294
388.329,0.649392
387.596,0.649496
393.091,0.649596
392.206,0.649698
389.308,0.649798
386.01,0.649899
389.671,0.65
386.933,0.650101
388.173,0.650202
383.859,0.650301
378.563,0.650403
390.069,0.650503
389.576,0.650604
381.842,0.650705
380.845,0.650806
382.237,0.650907
380.632,0.651008
385.002,0.651109
386.087,0.65121
385.21,0.65131
386.315,0.651411
384.634,0.651516
392.965,0.651614
376.045,0.651714
384.028,0.651815
391.301,0.651919
390.631,0.652018
389.432,0.65212
387.415,0.652221
385.969,0.652322
386.402,0.652423
380.694,0.652522
383.492,0.652623
389.839,0.652723
393.202,0.652826
397.857,0.652926
387.435,0.653027
398.362,0.653128
394.22,0.653228
395.57,0.653328
393.706,0.65343
392.298,0.65353
403.388,0.653633
398.86,0.653734
378.79,0.653835
396.569,0.653934
396.851,0.654036
395.612,0.654138
397.379,0.654237
394.087,0.65434
388.163,0.65444
398.621,0.654542
394.236,0.654641
380.084,0.654743
402.125,0.654842
390.985,0.654944
386.108,0.655044
390.657,0.655146
396.191,0.655246
400.478,0.655348
399.398,0.655449
396.297,0.655549
398.079,0.65565
401.5,0.655752
397.939,0.655852
396.355,0.655953
406.257,0.656055
398.998,0.656154
400.687,0.656258
397.046,0.656357
396.415,0.656458
400.028,0.656559
396.768,0.656661
398.487,0.65676
398.968,0.656862
395.691,0.656961
394.873,0.657063
392.898,0.657165
390.263,0.657264
402.474,0.657364
391.286,0.657467
397.796,0.657567
397.318,0.657669
394.235,0.657769
392.215,0.657868
394.728,0.657972
397.311,0.658071
395.179,0.658171
398.663,0.658275
395.301,0.658375
394.215,0.658474
393.316,0.658577
398.16,0.658677
394.763,0.658777
391.877,0.658879
389.293,0.658979
391.589,0.659083
392.475,0.659181
398.654,0.659283
388.405,0.659387
387.031,0.659485
396.409,0.659588
379.401,0.659685
383.035,0.65979
375.926,0.659886
375.481,0.659992
379.582,0.660088
375.735,0.660192
376.948,0.660291
393.219,0.660393
378.764,0.660495
368.432,0.660595
389.921,0.660697
374.092,0.660798
385.047,0.660896
378.851,0.660999
372.485,0.661097
388.148,0.661201
373.232,0.661304
363.055,0.6614
389.39,0.661502
366.616,0.6616
378.045,0.661708
361.479,0.661809
376.529,0.661908
376.136,0.662008
386.8,0.662108
368.948,0.66221
367.903,0.662312
373.476,0.662411
376.619,0.662511
393.076,0.662614
388.056,0.662715
375.832,0.662813
389.88,0.662912
381.62,0.663018
390.1,0.663119
392.776,0.663216
388.685,0.663319
390.836,0.663419
385.087,0.663521
394.297,0.66362
391.185,0.663723
401.142,0.663825
384.53,0.663927
396.311,0.664023
399.748,0.664127
389.926,0.664228
380.481,0.664325
380.916,0.664428
402.891,0.664528
388.762,0.664628
397.751,0.664732
390.806,0.664833
402.116,0.664936
393.391,0.665036
389.816,0.665136
396.27,0.665236
403.396,0.665336
393.014,0.665439
399.652,0.66554
398.689,0.66564
403.42,0.665741
395.755,0.665843
394.846,0.665945
400.988,0.666042
407.245,0.666146
396.977,0.666246
399.323,0.666346
404.444,0.666449
401.042,0.666548
401.109,0.666647
398.276,0.666749
395.292,0.666852
396.958,0.666952
401.723,0.667053
396.571,0.667154
399.183,0.667255
397.511,0.667355
396.302,0.667455
401.136,0.667558
396.782,0.667659
400.295,0.667759
395.56,0.667859
401.512,0.667962
397.364,0.668063
398.452,0.668162
391.475,0.668265
404.459,0.668363
403.867,0.668466
400.505,0.668568
393.192,0.668669
402.655,0.668768
393.626,0.668868
400.031,0.668971
393.275,0.66907
396.884,0.669172
394.988,0.669274
402.61,0.669373
387.885,0.669473
397.122,0.669575
399.753,0.669677
395.345,0.669778
395.145,0.669877
393.072,0.669977
397.427,0.670082
390.659,0.670179
391.075,0.670283
386.251,0.670382
381.779,0.670484
386.69,0.670584
390.72,0.670688
383.242,0.670788
391.312,0.670888
393.97,0.670989
391.68,0.671087
391.71,0.671191
387.04,0.671289
393.426,0.67139
392.091,0.671496
388.528,0.671593
390.709,0.671695
388.075,0.671798
392.74,0.671893
390.563,0.671997
393.239,0.672099
396.313,0.6722
386.57,0.6723
380.716,0.6724
397.355,0.672502
390.265,0.672604
395.849,0.672706
389.936,0.672806
388.949,0.672906
385.716,0.673007
390.073,0.67311
389.632,0.673209
380.237,0.673308
406.412,0.673413
394.396,0.67351
396.799,0.673612
398.88,0.673712
406.276,0.673814
390.655,0.673915
399.882,0.674016
399.298,0.674116
399.178,0.674217
399.204,0.674317
411.581,0.67442
401.958,0.674522
402.702,0.674619
409.524,0.674723
399.368,0.674822
399.711,0.674924
401.129,0.675025
409.587,0.675126
394.26,0.675228
410.501,0.675327
404.669,0.675428
407.964,0.675528
406.016,0.67563
393.789,0.675731
406.722,0.675833
404.071,0.675933
404.754,0.676032
398.637,0.676136
406.719,0.676236
407.39,0.676336
400.326,0.676436
409.695,0.676538
410.17,0.676639
405.498,0.676739
404.169,0.67684
394.931,0.676943
405.166,0.677042
395.223,0.677146
412.636,0.677244
406.155,0.677345
409.383,0.677446
394.197,0.677548
405.557,0.677648
398.418,0.677748
398.878,0.677849
405.666,0.677951
403.348,0.678053
397.785,0.678153
399.743,0.678255
401.443,0.678354
392.235,0.678454
403.939,0.678557
396.285,0.678657
397.974,0.678758
399.468,0.67886
408.364,0.67896
386.279,0.679061
387.442,0.67916
398.638,0.679264
391.72,0.679365
405.675,0.679462
394.846,0.679568
390.982,0.679666
391.406,0.679769
389.062,0.679867
382.034,0.679968
386.006,0.68007
396.296,0.680171
392.34,0.68027
384.687,0.680371
377.321,0.680475
372.058,0.680576
383.176,0.680675
381.899,0.680773
394.857,0.680876
372.446,0.680976
387.176,0.681081
380.084,0.681181
386.272,0.681281
384.292,0.681378
369.446,0.68148
381.084,0.681583
367.706,0.681686
367.395,0.681783
371.97,0.681888
375.472,0.68199
367.568,0.682085
386.156,0.682189
366.473,0.682291
383.936,0.682391
373.299,0.682492
375.208,0.682595
374.919,0.682695
381.19,0.682795
376.566,0.682898
383.276,0.682995
384.586,0.683099
382.27,0.683197
388.639,0.683298
400.508,0.683398
383.114,0.683503
385.116,0.683602
397.225,0.683704
389.156,0.683804
394.556,0.683904
383.381,0.684005
399.467,0.684104
389.648,0.684207
398.827,0.684309
398.99,0.684408
405.34,0.684511
400.51,0.684611
393.993,0.68471
402.987,0.684815
398.984,0.684914
399.086,0.685015
398.39,0.685116
396.597,0.685215
402.631,0.685318
406.616,0.685418
400.266,0.685517
405.459,0.685622
389.564,0.685719
416.222,0.685822
402.156,0.685923
400.777,0.686022
413.378,0.686124
406.436,0.686226
389.572,0.686327
402.967,0.686429
402.195,0.686529
401.973,0.686629
391.368,0.68673
404.296,0.686831
397.452,0.686932
404.21,0.687033
409.721,0.687133
403.766,0.687235
408.331,0.687336
400.372,0.687436
398.807,0.687536
404.034,0.687638
397.261,0.687739
397.918,0.68784
399.854,0.687941
406.147,0.688042
402.404,0.688143
397.119,0.688244
400.378,0.688342
406.831,0.688446
395.537,0.688544
401.605,0.688647
399.027,0.688747
397.552,0.688849
401.335,0.68895
406.936,0.689051
399.526,0.689152
391.713,0.689253
397.413,0.689354
402.844,0.689456
383.887,0.689555
400.93,0.689655
405.635,0.689757
398.74,0.689858
398.548,0.689959
399.445,0.69006
401.285,0.69016
404.649,0.690261
404.251,0.690362
400.14,0.690461
393.2,0.690565
398.334,0.690665
400.662,0.690766
403.367,0.690864
400.604,0.690971
390.244,0.691067
392.549,0.691172
387.881,0.69127
398.593,0.691371
391.992,0.691472
392.863,0.691574
392.538,0.691676
389.857,0.691775
391.684,0.691875
383.548,0.691978
400.057,0.69208
386.677,0.692176
384.42,0.692281
391.001,0.69238
387.726,0.692482
385.732,0.692583
388.901,0.692682
387.485,0.692785
394.921,0.692883
393.664,0.692985
392.524,0.693085
383.559,0.69319
397.977,0.693288
393.928,0.69339
397.752,0.693491
399.214,0.693593
395.426,0.693695
394.505,0.693793
400.552,0.693896
406.686,0.693996
403.28,0.694096
401.103,0.694198
398.272,0.694297
404.964,0.694399
399.859,0.6945
399.807,0.694601
396.639,0.6947
403.067,0.694803
400.801,0.694902
405.2,0.695004
403.628,0.695104
409.802,0.695206
401.81,0.695307
414.92,0.695409
398.412,0.695507
416.534,0.69561
404.887,0.695712
407.888,0.695811
405.511,0.695914
411.621,0.696016
416.566,0.696116
405.442,0.696216
403.346,0.696315
413.71,0.696417
405.239,0.696519
406.028,0.696618
408.194,0.696722
405.227,0.69682
401.521,0.696923
414.489,0.697022
399.752,0.697123
409.505,0.697225
404.489,0.697325
395.662,0.697426
408.336,0.697525
409.955,0.697628
408.833,0.697728
411.245,0.697831
407.152,0.697931
413.495,0.698032
408.114,0.698133
404.613,0.698234
411.719,0.698336
405.162,0.698435
412.131,0.698537
403.679,0.698636
404.578,0.698738
407.927,0.69884
403.244,0.698941
404.405,0.699042
415.141,0.69914
410.078,0.699243
400.714,0.699344
406.146,0.699445
406.049,0.699544
403.618,0.699648
407.395,0.699747
408.876,0.699849
403.198,0.69995
395.047,0.70005
404.528,0.700148
394.572,0.700251
405.908,0.70035
399.736,0.700456
404.546,0.700555
408.613,0.700656
394.886,0.700755
400.191,0.700858
397.077,0.700956
385.211,0.701058
388.049,0.701162
384.545,0.701259
378.101,0.701362
379.98,0.701464
378.059,0.701562
365.43,0.701666
391.584,0.701763
388.56,0.701866
382.879,0.701969
378.17,0.702068
384.037,0.702167
375.068,0.702269
376.949,0.702369
379.283,0.702471
381.561,0.702571
373.299,0.702674
382.671,0.702774
386.542,0.702873
390.936,0.702977
378.478,0.703079
388.288,0.703178
373.463,0.703275
386.383,0.703381
386.764,0.703481
395.356,0.703584
383.351,0.703685
395.504,0.703782
391.051,0.703884
396.327,0.703987
384.53,0.704084
393.869,0.704189
393.324,0.704285
393.95,0.704393
412.437,0.70449
397.947,0.704589
397.416,0.704691
408.218,0.704792
395.643,0.704894
396.912,0.704994
404.862,0.705095
402.392,0.705195
406.553,0.705298
401.459,0.705399
402.058,0.705499
406.652,0.705599
412.939,0.7057
399.876,0.7058
407.352,0.705903
404.605,0.706005
405.121,0.706104
415.541,0.706207
411.021,0.706306
404.363,0.706407
414.885,0.706509
408.453,0.706609
412.803,0.706709
408.209,0.70681
406.302,0.706909
412.868,0.707011
403.301,0.707113
407.091,0.707214
408.264,0.707314
411.968,0.707416
413.66,0.707516
404.295,0.707619
405.482,0.707718
409.532,0.70782
414.694,0.70792
404.98,0.708022
408.323,0.708125
401.36,0.708223
412.683,0.708323
406.216,0.708425
412.325,0.708526
408.794,0.708628
410.818,0.708727
411.199,0.708829
399.863,0.708929
406.247,0.709029
403.236,0.709131
413.555,0.709232
410.33,0.709333
407.047,0.709432
406.768,0.709536
401.799,0.709637
409.941,0.709737
409.826,0.709836
408.261,0.709941
407.626,0.710039
403.859,0.710141
398.46,0.710242
406.482,0.710342
401.553,0.710443
411.952,0.710544
403.523,0.710645
403.619,0.710745
406.807,0.710846
397.476,0.710948
404.107,0.711049
393.682,0.711149
409.629,0.711252
399.195,0.711351
391.72,0.71145
401.193,0.711554
396.522,0.711654
400.207,0.711756
394.904,0.711856
407.216,0.711957
403.471,0.712057
389.9,0.712158
398.625,0.71226
393.345,0.712361
384.526,0.712461
394.086,0.712563
398.795,0.712664
388.163,0.712763
398.52,0.712865
397.303,0.712966
399.809,0.713065
406.93,0.713169
395.859,0.713268
398.676,0.71337
394.636,0.713471
402.267,0.713569
394.715,0.713673
400.171,0.713772
406.46,0.713871
403.565,0.713974
395.999,0.714077
404.249,0.714174
401.127,0.714279
403.258,0.714379
408.63,0.71448
396.416,0.714581
400.723,0.714681
409.685,0.714784
411.486,0.714884
399.797,0.714985
415.816,0.715085
407.96,0.715186
415.514,0.715288
404.332,0.715388
413.916,0.715488
404.794,0.715591
409.769,0.71569
419.822,0.715792
396.35,0.715892
413.359,0.71599
416.208,0.716095
410.478,0.716196
411.369,0.716295
407.907,0.716398
413.907,0.716497
414.469,0.716597
410.205,0.716701
415.114,0.716801
411.458,0.716901
410.139,0.717002
416.423,0.717104
409.264,0.717204
415.406,0.717305
417.516,0.717406
406.063,0.717507
405.77,0.717607
426.776,0.717709
411.673,0.717809
421.395,0.717909
405.693,0.71801
413.834,0.718112
419.87,0.718214
411.542,0.718314
418.741,0.718415
409.275,0.718516
414.799,0.718618
411.775,0.718717
418.274,0.71882
409.759,0.718918
412.549,0.719022
414.377,0.719121
409.747,0.719223
411.224,0.719322
415.417,0.719424
413.282,0.719525
415.846,0.719626
403.066,0.719728
398.116,0.719827
401.605,0.719926
407.24,0.720031
421.486,0.720128
407.833,0.720232
398.314,0.720331
403.208,0.720431
399.291,0.720535
406.96,0.720633
407.502,0.720737
389.202,0.720836
395.356,0.720941
393.491,0.721038
401.429,0.721143
393.857,0.721238
388.179,0.721345
390.397,0.721446
386.288,0.721541
388.659,0.721646
391.112,0.721744
402.51,0.721843
386.243,0.721947
378.792,0.722047
389.21,0.722149
386.268,0.722251
388.376,0.72235
393.714,0.722452
386.879,0.722553
388.039,0.722651
376.589,0.722752
372.625,0.722855
378.46,0.722954
373.012,0.723054
377.42,0.723161
368.436,0.723259
382.511,0.723361
376.287,0.723461
383.108,0.723562
372.347,0.72366
387.47,0.723764
389.74,0.723864
396.685,0.723966
382.696,0.724066
386.873,0.724166
375.873,0.724269
394.646,0.724365
390.639,0.72447
385.637,0.72457
403.748,0.724672
398.332,0.724771
401.22,0.724874
402.154,0.724972
401.193,0.725076
411.877,0.725175
402.201,0.725277
403.452,0.725376
403.23,0.725477
408.19,0.725579
409.917,0.725679
407.952,0.725781
407.554,0.725884
408.999,0.725983
404.396,0.726083
414.007,0.726186
408.388,0.726284
415.025,0.726387
411.269,0.726489
412.202,0.726589
411.174,0.726689
408.474,0.726792
406.903,0.72689
410.859,0.726992
420.134,0.727093
413.94,0.727194
413.048,0.727295
411.203,0.727397
411.423,0.727495
413.805,0.727598
409.658,0.727698
414.658,0.727799
416.658,0.7279
405.246,0.728
409.731,0.728102
420.878,0.728205
409.282,0.728303
415.197,0.728407
409.273,0.728506
413.318,0.728607
419.275,0.728708
419.951,0.72881
412.526,0.728909
414.579,0.72901
412.179,0.729111
414.38,0.729212
403.732,0.729313
409.299,0.729415
408.222,0.729514
405.673,0.729617
419.501,0.729715
413.914,0.729818
410.811,0.729917
413.476,0.730019
419.907,0.730119
410.521,0.730223
416.35,0.730322
406.979,0.730425
406.922,0.730524
413.065,0.730623
407.933,0.730727
409.637,0.730827
400.621,0.730928
403.34,0.73103
419.287,0.731129
409.514,0.731232
412.888,0.731332
404.495,0.731433
411.875,0.731533
418.751,0.731634
405.535,0.731736
410.079,0.731838
408.361,0.731936
409.256,0.732037
407.933,0.732138
409.628,0.73224
408.414,0.732338
402.777,0.732444
406.171,0.732541
403.402,0.732642
411.534,0.732745
402.596,0.732846
403.17,0.732947
403.995,0.733048
398.33,0.73315
411.054,0.733249
399.266,0.733348
398.78,0.733452
397.195,0.733552
407.596,0.733649
406.382,0.733751
404.344,0.733856
392.294,0.733954
390.66,0.734057
402.539,0.734157
403.512,0.734257
401.065,0.734359
407.857,0.734459
402.396,0.734559
400.455,0.734663
406.313,0.734765
407.007,0.734861
407.658,0.734966
409.604,0.735064
409.591,0.735166
404.826,0.735267
411.91,0.735369
409.662,0.73547
410.179,0.735569
413.723,0.735671
413.923,0.735772
416.338,0.735873
407.034,0.735971
422.769,0.736075
421.088,0.736175
405.934,0.736276
424.791,0.736376
418.619,0.736477
413.217,0.73658
424.707,0.736677
415.988,0.73678
408.962,0.736879
421.77,0.736981
412.445,0.737083
421.066,0.737182
422.935,0.737285
416.074,0.737385
414.161,0.737488
408.932,0.737587
413.214,0.737689
416.032,0.737788
428.747,0.73789
422.98,0.737991
415.148,0.738093
428.383,0.738192
413.162,0.738294
427.316,0.738395
417.536,0.738497
415.344,0.738597
419.202,0.738696
418.032,0.738799
419.669,0.738898
416.043,0.739001
413.886,0.739102
425.404,0.739201
408.346,0.739303
417.613,0.739402
423.318,0.739506
413.533,0.739604
417.55,0.739707
417.247,0.739807
412.588,0.739911
412.177,0.740008
421.609,0.740109
422.725,0.740212
418.027,0.740311
420.54,0.740413
417.043,0.740514
414.36,0.740615
421.629,0.740715
408.713,0.740819
416.415,0.74092
401.344,0.741018
415.298,0.741119
394.746,0.741222
404.188,0.741321
415.262,0.74142
408.212,0.741524
403.76,0.741624
413.791,0.741723
400.286,0.741826
400.795,0.741926
396.915,0.742029
393.279,0.742129
394.463,0.742229
405.358,0.742331
401.589,0.742432
386.633,0.742531
395.657,0.742634
392.553,0.742736
400.496,0.742831
382.297,0.742937
387.927,0.743034
392.846,0.743138
390.917,0.743239
391.415,0.743339
382.65,0.743441
396.205,0.743541
380.895,0.743646
392.502,0.743744
370.191,0.743843
378.523,0.743944
375.486,0.744043
381.58,0.744146
382.352,0.744248
385.835,0.744347
379.581,0.744449
385.138,0.74455
395.18,0.744652
378.374,0.744756
379.239,0.744851
386.842,0.744953
393.743,0.745056
391.674,0.745155
398.864,0.745255
404.242,0.745358
395.064,0.745459
406.569,0.745558
400.453,0.74566
415.319,0.745758
409.326,0.745863
402.086,0.745962
408.111,0.746064
417.609,0.746165
414.901,0.746268
403.304,0.746365
405.854,0.746467
414.683,0.746569
401.211,0.746669
412.776,0.74677
409.146,0.746871
418.639,0.74697
418.019,0.747073
415.652,0.747174
412.865,0.747275
420.382,0.747376
414.71,0.747476
415.279,0.747577
417.174,0.747679
409.49,0.747778
420.529,0.747882
409.473,0.74798
415.74,0.748082
419.793,0.748182
414.254,0.748283
414.958,0.748383
410.273,0.748485
411.347,0.748585
427.9,0.748687
423.989,0.74879
415.583,0.748887
422.846,0.74899
416.603,0.749092
423.567,0.749192
416.899,0.749294
420.15,0.749394
413.775,0.749494
416.059,0.749595
419.276,0.749697
410.727,0.749796
411.578,0.749901
421.157,0.749998
412.359,0.750101
418.517,0.750199
417.807,0.750302
407.938,0.750404
419.994,0.750505
422.398,0.750603
416.58,0.750704
410.073,0.750806
413.141,0.750907
417.107,0.751008
417.37,0.751109
424.702,0.751211
407.836,0.751311
420.945,0.75141
415.505,0.751514
416.392,0.751613
405.485,0.751716
404.553,0.751814
413.383,0.751916
410.057,0.752018
424.851,0.752118
417.993,0.752217
407.729,0.752321
417.38,0.752421
412.734,0.752521
412.713,0.752625
399.299,0.752721
407.377,0.752827
409.026,0.752926
410.168,0.753026
413.117,0.753127
407.965,0.753226
405.023,0.753329
412.233,0.75343
408.933,0.753534
403.855,0.753629
415.587,0.753734
405.361,0.753832
404.755,0.753937
400.639,0.754037
390.345,0.754138
399.859,0.754235
400.643,0.754338
400.871,0.754436
412.521,0.754542
404.652,0.754643
399.449,0.754741
401.337,0.754845
402.082,0.754942
397.592,0.755046
399.746,0.755142
408.307,0.755245
408.692,0.755347
406.989,0.755449
408.983,0.755547
416.804,0.755653
410.568,0.75575
410.908,0.755852
406.543,0.755955
414.387,0.756054
418.272,0.756154
416.605,0.756256
426.029,0.756357
419.591,0.756456
422.75,0.756558
420.048,0.756659
421.069,0.756761
419.645,0.756859
421.833,0.756964
418.972,0.757062
426.134,0.757164
428.208,0.757265
424.143,0.757364
416.688,0.757466
420.122,0.757567
413.764,0.757669
429.08,0.757768
417.433,0.757871
417.018,0.757971
418.014,0.758072
425.158,0.758172
422.515,0.758274
423.095,0.758375
423.22,0.758477
421.845,0.758578
420.37,0.758676
426.912,0.758777
429.434,0.758879
428.868,0.75898
419.666,0.75908
421.688,0.759181
424.73,0.759284
419.921,0.759383
432.926,0.759484
427.343,0.759584
424.086,0.759686
417.725,0.759786
422.439,0.75989
420.763,0.759988
425.15,0.760089
412.755,0.760191
420.846,0.760292
420.211,0.760393
423.863,0.760494
417.701,0.760596
420.004,0.760696
421.429,0.760796
415.73,0.760897
411.19,0.760998
412.349,0.761098
419.372,0.761199
419.31,0.761302
414.52,0.7614
412.591,0.761506
414.673,0.761603
410.431,0.761702
413.761,0.761806
412.496,0.761907
410.438,0.762008
411.916,0.762106
412.401,0.762213
417.026,0.76231
393.496,0.76241
395.036,0.762509
380.725,0.762614
399.933,0.762711
391.595,0.762814
389.108,0.762913
394.122,0.763017
393.463,0.763117
378.558,0.763216
380.879,0.763319
391.255,0.763414
381.003,0.763522
386.439,0.763621
391.672,0.763724
374.547,0.763824
373.55,0.763924
380.214,0.764024
388.679,0.764125
374.795,0.764225
383.61,0.764325
362.518,0.764431
377.046,0.76453
384.764,0.764631
384.442,0.764732
392.713,0.764835
400.975,0.764931
394.614,0.765034
398.229,0.765133
391.64,0.765236
395.905,0.765338
411.618,0.765437
396.478,0.765539
398.632,0.765642
395.721,0.76574
393.871,0.765843
406.262,0.765944
411.02,0.766042
409.653,0.766143
412.195,0.766246
419.822,0.766346
405.868,0.766448
411.397,0.766549
416.529,0.766648
414.21,0.766749
414.089,0.766851
410.157,0.766951
421.734,0.767052
411.661,0.767151
417.202,0.767255
412.081,0.767354
422.959,0.767458
411.714,0.767557
422.099,0.767659
419.491,0.767758
418.962,0.76786
428.519,0.767963
416.385,0.768062
422.053,0.768163
418.622,0.768263
422.292,0.768365
416.876,0.768464
424.236,0.768567
426.065,0.768667
421.648,0.768767
425.351,0.768869
427.769,0.768969
417.211,0.769071
422.408,0.76917
423.807,0.769272
419.273,0.769374
423.904,0.769473
420.164,0.769576
422.375,0.769676
423.832,0.769777
418.984,0.769877
423.758,0.769979
427.176,0.770081
425.044,0.770181
416.922,0.770282
420.853,0.770383
422.246,0.770484
411.898,0.770584
418.892,0.770686
423.151,0.770786
421.062,0.770888
417.545,0.770987
412.44,0.771089
425.42,0.77119
408.071,0.77129
418.302,0.771391
424.474,0.771493
421.394,0.771592
431.983,0.771694
415.74,0.771796
415.96,0.771895
414.291,0.771997
416.674,0.772097
415.705,0.7722
418.856,0.772299
417.246,0.772401
406.123,0.772502
411.689,0.772604
422.047,0.772705
416.832,0.772801
407.963,0.772906
422.718,0.773007
403.34,0.773106
416.989,0.773209
408.868,0.77331
415.301,0.773411
416.838,0.77351
404.073,0.773613
404.579,0.77371
411.963,0.773813
408.7,0.773914
405.937,0.774017
409.4,0.774117
408.844,0.774218
406.963,0.774315
397.506,0.774419
398.57,0.774518
399.003,0.774618
410.497,0.774723
411.933,0.774823
408.374,0.774921
400.925,0.775025
400.023,0.775127
409.475,0.775224
408.309,0.775327
410.445,0.77543
407.557,0.775529
416.338,0.775629
404.219,0.775731
411.81,0.775829
410.991,0.775934
414.695,0.776032
421.028,0.776134
411.561,0.776235
412.976,0.776337
420.876,0.776436
419.198,0.776539
426.143,0.77664
406.219,0.776741
415.464,0.776839
424.494,0.776944
422.139,0.777043
427.978,0.777144
422.91,0.777243
422.926,0.777347
422.462,0.777446
417.883,0.777548
425.07,0.777648
416.358,0.77775
430.19,0.77785
418.046,0.777951
421.632,0.778051
436.2,0.778151
426.826,0.778253
421.877,0.778352
428.005,0.778456
429.917,0.778557
422.933,0.778657
425.099,0.778759
416.153,0.778859
423.361,0.778961
419.936,0.779061
423.748,0.779162
421.601,0.779262
424.424,0.779363
437.778,0.779465
426.349,0.779565
419.804,0.779667
414.792,0.779766
434.582,0.779867
427.333,0.779969
409.561,0.780069
426.748,0.780169
411.427,0.780271
431.293,0.780369
427.773,0.780474
419.221,0.780572
421.704,0.780676
429.427,0.780777
419.82,0.780877
424.475,0.780978
426.213,0.78108
423.023,0.78118
429.402,0.781282
420.007,0.781381
416.884,0.781481
421.022,0.781585
413.066,0.781682
421.097,0.781785
422.696,0.781884
413.152,0.781986
411.189,0.782089
424.158,0.782188
405.179,0.782289
416.921,0.782392
407.413,0.78249
404.432,0.78259
408.944,0.78269
391.488,0.782795
403.37,0.782895
402.795,0.782997
400.879,0.783095
406.452,0.783198
398.231,0.783301
405.078,0.783397
398.225,0.783502
399.664,0.783601
402.387,0.783702
399.397,0.783798
402.965,0.783905
385.892,0.784004
388.092,0.784106
379.163,0.784207
394.266,0.784309
395.308,0.784414
392.043,0.784513
390.983,0.784608
390.885,0.784712
382.937,0.78481
380.266,0.78491
393.801,0.785012
402.1,0.785114
389.413,0.785216
393.998,0.785314
386.72,0.785418
396.041,0.785517
387.901,0.78562
392.859,0.78572
401.954,0.785823
407.265,0.785923
400.853,0.786024
418.918,0.786124
425.22,0.786226
403.958,0.786327
412.617,0.786429
417.1,0.78653
412.278,0.786627
412.984,0.786732
417.337,0.786831
413.233,0.786932
412.331,0.787034
413.994,0.787134
429.169,0.787233
418.73,0.787337
421.809,0.787436
426.502,0.787536
415.34,0.787638
438.62,0.787737
423.742,0.787839
413.126,0.787941
425.474,0.788041
419.869,0.788141
415.454,0.788243
423.544,0.788344
427.615,0.788445
422.447,0.788547
428.658,0.788646
436.818,0.788748
429.368,0.788849
425.621,0.788951
424.334,0.789049
425.379,0.789152
423.933,0.789252
422.158,0.789353
424.422,0.789454
424.845,0.789554
425.555,0.789656
429.749,0.789756
440.366,0.789858
418.011,0.789957
430.415,0.79006
426.439,0.790158
434.257,0.79026
423.067,0.790363
419.977,0.790463
438.356,0.790564
417.599,0.790666
427.262,0.790766
420.144,0.790865
428.741,0.790968
420.441,0.791071
432.078,0.791169
426.764,0.79127
418.715,0.791371
425.594,0.791473
426.021,0.791573
425.115,0.791676
428.378,0.791775
431.065,0.791878
421.198,0.791976
426.891,0.792079
425.25,0.792178
414.72,0.79228
419.418,0.792379
427.957,0.792481
420.038,0.792582
417.366,0.792683
414.028,0.792785
422.823,0.792884
421.971,0.792987
426.483,0.793088
407.289,0.793188
425.566,0.793287
413.636,0.79339
414.098,0.793492
430.561,0.793592
418.202,0.793693
409.239,0.79379
401.429,0.793895
419.523,0.793996
412.324,0.794099
418.86,0.794197
406.731,0.794297
416.637,0.794399
414.742,0.794498
404.788,0.7946
411.031,0.794702
413.156,0.7948
408.696,0.794902
410.422,0.795005
399.809,0.795104
411.856,0.795206
413.31,0.795304
413.76,0.795407
402.736,0.795509
408.821,0.795611
413.699,0.795708
410.296,0.795813
411.539,0.795911
417.844,0.796012
412.052,0.796115
422.295,0.796214
410.588,0.796315
401.829,0.796418
411.385,0.796518
406.765,0.796617
413.565,0.796719
419.609,0.79682
414.199,0.796921
418.398,0.797024
415.222,0.797124
414.141,0.797222
423.325,0.797325
427.095,0.797427
426.353,0.797526
431.261,0.797629
419.44,0.79773
435.003,0.79783
426.537,0.79793
430.381,0.798032
421.691,0.798131
421.707,0.798234
434.814,0.798333
428.726,0.798437
431.739,0.798535
425.676,0.798637
428.955,0.798737
435.774,0.798839
436.671,0.79894
424.738,0.799039
423.219,0.799142
432.166,0.799243
421.713,0.799342
429.823,0.799444
426.571,0.799545
424.746,0.799646
437.479,0.799746
424.222,0.799849
431.023,0.799949
430.479,0.80005
420.322,0.800151
429.238,0.800251
435.189,0.800353
428.133,0.800452
428.722,0.800554
422.882,0.800654
427.623,0.800757
432.345,0.800856
432.65,0.800957
437.027,0.801057
417.656,0.801159
426.778,0.801258
417.061,0.801362
430.036,0.801461
424.061,0.801563
428.028,0.801663
428.379,0.801764
428.373,0.801867
427.004,0.801967
424.004,0.802067
417.653,0.802167
413.104,0.802269
418.265,0.802368
420.47,0.802473
413.832,0.802571
421.206,0.802676
419.469,0.802775
418.625,0.802872
420.362,0.802976
410.052,0.803078
415.805,0.803175
408.815,0.803279
401.888,0.803378
412.611,0.803479
410.595,0.803581
391.101,0.803682
386.446,0.803781
400.379,0.803885
401.57,0.803985
403.133,0.804085
392.468,0.804188
391.133,0.804288
397.255,0.804389
396.294,0.804488
388.236,0.804592
381.052,0.804688
379.699,0.804794
391.135,0.804894
368.555,0.804994
389.918,0.805096
389.197,0.805194
383.867,0.805298
374.024,0.805396
393.106,0.805498
401.045,0.805597
392.015,0.805702
391.793,0.805799
391.176,0.805903
389.165,0.806004
388.799,0.806105
406.536,0.806204
408.12,0.806306
404.695,0.806406
414.37,0.806508
415.043,0.806604
412.794,0.806712
420.04,0.806809
412.399,0.806911
415.089,0.807012
422.247,0.807112
429.411,0.807213
423.407,0.807316
424.292,0.807418
424.34,0.807516
427.792,0.807618
425.373,0.807719
432.591,0.80782
430.303,0.807921
425.209,0.808021
430.532,0.808123
430.167,0.808223
430.202,0.808323
440.996,0.808427
433.705,0.808525
428.368,0.808625
438.326,0.808726
426.899,0.808829
428.378,0.808929
424.061,0.809028
435.258,0.809132
435.476,0.809232
432.582,0.809333
432.038,0.809434
423.58,0.809534
433.382,0.809636
430.865,0.809739
434.204,0.809836
433.169,0.809938
434.722,0.810038
432.937,0.81014
430.393,0.810242
436.25,0.81034
431.349,0.810444
439.512,0.810544
434.956,0.810646
425.351,0.810745
433.899,0.810846
443.958,0.810948
430.39,0.811049
432.42,0.811147
426.202,0.811251
429.324,0.811351
430.004,0.811451
426.187,0.811553
421.817,0.811655
432.205,0.811756
433.517,0.811854
433.965,0.811958
422.121,0.812057
433.676,0.812159
438.63,0.812259
423.867,0.812362
422.045,0.812461
430.875,0.812561
429.79,0.812665
419.995,0.812765
423.2,0.812863
419.807,0.812965
426.928,0.813066
424.83,0.813167
425.684,0.813269
424.728,0.813368
420.445,0.813469
415.775,0.81357
427.439,0.813672
425.581,0.813773
416.23,0.813873
424.856,0.813975
422.372,0.814076
416.969,0.814177
419.848,0.814277
422.75,0.814379
422.741,0.814478
422.701,0.81458
411.778,0.814681
411.721,0.814782
412.459,0.814884
409.7,0.814983
412.996,0.815086
405.746,0.815184
416.031,0.815286
406.087,0.815388
411.766,0.815486
413.474,0.815588
408.927,0.81569
416.44,0.815792
413.703,0.815893
406.734,0.815991
413.531,0.816094
404.961,0.816197
410.628,0.816294
401.529,0.816396
406.185,0.816498
414.184,0.816599
420.1,0.816699
409.688,0.8168
410.271,0.816901
407.774,0.817003
414.603,0.817102
426.337,0.817204
410.352,0.817306
418.672,0.817402
416.489,0.817507
419.618,0.817604
418.926,0.81771
425.944,0.817808
422.461,0.817911
423.039,0.818011
420.34,0.818112
430.319,0.818212
421.568,0.818315
432.396,0.818415
424.33,0.818516
428.263,0.818617
432.772,0.818718
421.968,0.818819
433.643,0.818918
426.942,0.81902
427.374,0.819122
431.061,0.81922
424.903,0.819323
412.304,0.819424
438.36,0.819525
425.957,0.819624
433.948,0.819727
426.038,0.819826
427.76,0.81993
443.617,0.820027
425.299,0.82013
421.733,0.82023
431.831,0.820331
430.58,0.820433
417.729,0.820534
435.614,0.820635
433.058,0.820735
427.14,0.820838
432.805,0.820938
422.079,0.821038
432.152,0.82114
426.036,0.821241
428.025,0.821341
423.505,0.821443
430.503,0.821544
406.235,0.821644
442.632,0.821744
427.75,0.821845
430.281,0.821946
434.061,0.822048
424.578,0.822149
417.369,0.822249
414.319,0.822349
424.427,0.822454
421.037,0.82255
418.755,0.822652
429.606,0.822752
420.204,0.822853
425.792,0.822951
423.518,0.823057
425.496,0.823157
409.085,0.823258
408.145,0.82336
412.45,0.823461
414.799,0.823559
410.651,0.82366
402.059,0.823763
399.347,0.823865
409.875,0.823967
408.795,0.824064
399.846,0.824168
399.428,0.824266
385.505,0.824365
400.271,0.824468
404.293,0.824572
396.6,0.824674
395.686,0.82477
396.652,0.824872
396.224,0.824971
398.114,0.825075
380.813,0.825174
385.072,0.825274
399.53,0.825379
376.598,0.825477
385.449,0.825582
393.951,0.825677
381.221,0.825781
394.696,0.825885
407.374,0.825984
396.64,0.826083
387.892,0.826187
399.162,0.826283
396.843,0.826386
406.582,0.826487
404.138,0.826587
394.564,0.826688
408.404,0.826792
410.071,0.826892
407.822,0.826991
415.351,0.827093
427.131,0.827195
403.549,0.827293
413.826,0.827395
425.581,0.827496
416.186,0.827597
428.686,0.827698
429.8,0.827798
428.573,0.827901
431.273,0.828001
412.003,0.828102
420.347,0.828203
424.949,0.828304
427.985,0.828404
433.659,0.828505
427.879,0.828605
426.79,0.828707
432.446,0.828807
426.291,0.828909
434.097,0.829011
427.211,0.829111
437.618,0.829211
434.793,0.829312
430.411,0.829415
438.178,0.829513
442.409,0.829617
427.902,0.829715
440.589,0.829817
432.797,0.829919
436.195,0.830019
442.97,0.830122
436.208,0.830221
437.215,0.830322
424.641,0.830423
439.013,0.830523
430.249,0.830626
427.606,0.830725
439.761,0.830827
431.468,0.830926
436.657,0.831029
435.981,0.831128
438.315,0.831231
430.545,0.831331
436.732,0.831432
438.636,0.831533
431.637,0.831634
439.139,0.831734
439.664,0.831835
446.349,0.831937
431.178,0.832037
441.991,0.832138
430.216,0.832239
430.839,0.83234
441.474,0.83244
432.487,0.83254
437.122,0.832644
427.753,0.832744
432.777,0.832845
433.296,0.832944
442.603,0.833046
428.36,0.833148
429.133,0.833248
422.132,0.833349
429.778,0.83345
430.181,0.83355
439.092,0.833651
432.104,0.833752
425.086,0.833853
431.338,0.833953
424.744,0.834056
434.878,0.834155
429.108,0.834258
422.231,0.834357
421.581,0.83446
420.852,0.83456
426.948,0.834662
422.881,0.834762
428.307,0.834865
418.166,0.834964
412.129,0.835064
416.981,0.835168
420.665,0.835266
420.801,0.835367
412.941,0.835467
413.109,0.835571
417.344,0.835669
423.081,0.835772
419.666,0.83587
408.75,0.83597
410.491,0.836071
399.67,0.836177
415.256,0.836271
406.858,0.836377
403.179,0.836477
415.14,0.836576
406.588,0.83668
416.765,0.83678
407.363,0.836885
408.947,0.836978
413.047,0.837084
413.875,0.837184
416.345,0.837285
413.245,0.837383
411.492,0.837486
422.681,0.837588
418.31,0.837688
419.606,0.837787
406.035,0.837891
430.243,0.837989
414.862,0.838091
422.878,0.838193
424.702,0.838292
419.685,0.838393
432.316,0.838495
427.776,0.838596
423.409,0.838697
424.976,0.838798
424.227,0.838899
423.05,0.838998
427.98,0.839102
434.408,0.839201
431.242,0.839304
421.894,0.839404
426.949,0.839503
428.046,0.839605
436.119,0.839705
435.197,0.839809
437.23,0.839907
439.395,0.840008
433.642,0.84011
436.706,0.840209
436.102,0.840312
432.511,0.840411
439.3,0.840512
433.211,0.840615
426.75,0.840715
433.107,0.840816
438.06,0.840916
427.983,0.841019
441.929,0.841119
443.512,0.841218
439.699,0.841321
429.106,0.841422
432.136,0.841523
434.151,0.841624
426.92,0.841725
423.239,0.841823
428.208,0.841925
424.991,0.842027
430.577,0.842129
442.647,0.842228
422.785,0.842331
437.664,0.842432
431.948,0.84253
440.699,0.842634
422.779,0.842733
428.533,0.842832
421.109,0.842937
425.856,0.843037
420.476,0.843138
427.664,0.843237
427.894,0.84334
419.204,0.843436
424.424,0.843542
410.919,0.843642
419.367,0.843741
416.601,0.843843
415.8,0.843944
415.163,0.844044
417.441,0.844146
409.268,0.84425
410.193,0.84435
403.01,0.84445
413.14,0.84455
405.377,0.84465
401.872,0.844752
381.476,0.844852
391.451,0.844954
390.77,0.845053
380.305,0.845155
402.435,0.845254
390.414,0.845358
390.51,0.845458
388.755,0.84556
401.007,0.845658
393.465,0.845764
399.605,0.845863
377.34,0.845961
387.132,0.846061
395.441,0.846165
394.153,0.846264
383.205,0.846369
392.33,0.846465
382.909,0.846569
383.346,0.846667
404.14,0.846769
404.068,0.846873
402.061,0.84697
406.268,0.847075
409.433,0.847172
419.32,0.847273
408.586,0.847378
413.246,0.847477
413.816,0.847577
419.349,0.847677
421.167,0.847778
424.331,0.847881
424.456,0.84798
430.453,0.848081
428.077,0.848184
429.628,0.848284
424.114,0.84838
430.023,0.848486
427.502,0.848584
434.044,0.848688
433.546,0.848787
434.815,0.848889
430.219,0.84899
433.078,0.849091
431.912,0.849193
437.52,0.849292
433.524,0.849393
435.191,0.849495
440.061,0.849595
435.541,0.849696
436.225,0.849796
438.692,0.849898
436.911,0.849998
441.978,0.8501
436.426,0.8502
439.728,0.850302
435.617,0.850402
445.495,0.850501
433.888,0.850604
435.219,0.850705
439.565,0.850806
437.243,0.850907
429.88,0.851009
449.825,0.851108
445.745,0.851211
438.009,0.851312
433.128,0.851412
447.399,0.851511
448.004,0.851614
441.116,0.851715
443.591,0.851815
439.122,0.851915
433.433,0.852018
438.309,0.852117
440.615,0.852219
433.083,0.852319
448.017,0.852421
435.313,0.852521
438.652,0.852621
434.639,0.852723
434.233,0.852824
435.641,0.852925
433.705,0.853027
443.971,0.853126
439.401,0.853227
432.94,0.85333
440.957,0.85343
437.86,0.853531
440.347,0.853632
433.818,0.853732
444.253,0.853834
429.815,0.853934
433.797,0.854036
427.062,0.854137
430.548,0.854236
436.387,0.854339
421.555,0.854438
422.154,0.85454
425.041,0.85464
431.198,0.854739
419.665,0.854843
428.452,0.854943
419.284,0.855044
428.07,0.855144
432.437,0.855248
428.23,0.855346
417.566,0.855449
421.049,0.855548
415.755,0.85565
426.569,0.855752
419.062,0.855852
411.063,0.855952
418.375,0.856053
415.565,0.856154
423.16,0.856254
427.033,0.856356
415.22,0.856457
427.06,0.856559
415.425,0.856657
414.592,0.85676
422.016,0.85686
413.425,0.856963
416.442,0.85706
422.106,0.857164
411.765,0.85726
415.463,0.857366
412.649,0.857467
426.172,0.857568
411.96,0.857669
416.701,0.85777
416.205,0.857872
420.606,0.857972
413.211,0.858071
412.922,0.858172
411.903,0.85827
411.748,0.858373
408.516,0.858477
420.346,0.858577
423.107,0.858677
424.406,0.85878
422.743,0.858877
434.868,0.85898
435.445,0.85908
432.177,0.85918
417.547,0.859283
436.354,0.859383
426.33,0.859483
424.556,0.859585
437.09,0.859686
422.319,0.859787
436.285,0.859887
438.661,0.859991
430.428,0.86009
430.881,0.860191
431.831,0.860293
426.979,0.860392
427.765,0.860492
429.126,0.860594
444.332,0.860693
430.24,0.860798
435.511,0.860897
423.763,0.860998
437.086,0.861098
424.715,0.861199
424.784,0.8613
434.342,0.861401
435.845,0.861501
433.557,0.861602
418.079,0.861705
434.481,0.861803
430.24,0.861906
427.86,0.862007
440.606,0.862106
425.854,0.862207
428.59,0.862309
426.865,0.862411
434.19,0.862511
420.487,0.862613
426.708,0.862711
421.552,0.862815
431.575,0.862917
427.421,0.863015
422.759,0.863117
422.38,0.863221
418.184,0.863317
428.303,0.863418
424.063,0.863518
424.474,0.863622
418.511,0.863722
417.757,0.863824
420.911,0.863927
404.744,0.864025
416.459,0.864124
412.296,0.864227
412.568,0.864327
412.762,0.864429
412.594,0.864527
420.598,0.864631
399.176,0.86473
398.971,0.864832
392.032,0.864932
401.646,0.865032
414.666,0.865136
409.745,0.865236
398.94,0.865339
405.71,0.865439
389.157,0.865537
396.627,0.86564
398.326,0.865736
401.42,0.86584
405.758,0.865944
387.073,0.866044
394.301,0.866142
406.259,0.866245
399.275,0.866342
397.148,0.866448
382.462,0.866546
392.98,0.866647
394.175,0.86675
392.146,0.86685
399.243,0.86695
411.717,0.867056
411.402,0.867153
399.409,0.867256
407.356,0.867354
414.709,0.867457
410.273,0.867558
434.098,0.867658
413.983,0.867761
416.842,0.867859
419.547,0.86796
420.564,0.868061
435.282,0.868161
420.32,0.868264
435.265,0.868364
430.694,0.868465
435.254,0.868565
436.832,0.868668
436.391,0.868768
436.83,0.868867
432.288,0.868969
443.105,0.869069
439.128,0.869173
431.609,0.869272
439.431,0.869373
431.995,0.869473
447.653,0.869576
435.365,0.869677
438.339,0.869776
445.913,0.869879
441.87,0.869977
434.598,0.870081
441.546,0.870179
442.999,0.870281
444.728,0.870383
431.321,0.870484
443.159,0.870585
446.379,0.870685
438.287,0.870785
443.34,0.870886
446.095,0.870988
444.4,0.871086
435.433,0.87119
446.037,0.87129
449.866,0.871392
441.19,0.871491
429.696,0.871594
454.049,0.871694
447.606,0.871794
451.667,0.871896
434.049,0.871997
453.766,0.872095
435.478,0.8722
447.797,0.872299
436.919,0.872399
452.818,0.872501
437.544,0.872601
451.915,0.872704
447.22,0.872803
448.485,0.872905
454.94,0.873007
442.291,0.873105
436.772,0.873205
446.27,0.873308
441.073,0.873411
446.156,0.873509
443.655,0.873611
438.588,0.873712
440.655,0.873811
444.897,0.873914
439.613,0.874015
441.716,0.874115
438.669,0.874215
435.296,0.87432
438.62,0.874419
432.366,0.874518
435.174,0.874622
435.991,0.874719
429.495,0.874822
436.117,0.874922
428.286,0.875023
428.104,0.875126
431.017,0.875226
442.129,0.875327
434.263,0.875426
436.905,0.875529
431.334,0.875628
426.362,0.87573
437.866,0.875831
440.246,0.875931
431.985,0.876034
425.528,0.876132
430.806,0.876236
421.642,0.876335
416.083,0.876437
415.719,0.876539
427.24,0.876636
419.556,0.876738
423.534,0.876841
422.657,0.876938
419.397,0.877043
422.931,0.877142
416.771,0.877246
417.934,0.877344
415.747,0.877447
408.939,0.877545
418.623,0.877647
411.746,0.877749
414.403,0.877847
419.064,0.877948
409.337,0.878048
417.272,0.878154
414.494,0.878254
421.252,0.878354
403.958,0.878455
409.789,0.878556
422.786,0.878655
412.344,0.878757
414.171,0.878861
412.527,0.878958
422.655,0.879059
423.318,0.879163
422.049,0.879261
419.799,0.879363
408.587,0.879465
424.092,0.879566
413.671,0.879664
426.413,0.879767
425.659,0.879866
430.24,0.879967
422.327,0.88007
435.594,0.880168
420.534,0.880272
429.28,0.880371
425.303,0.880474
432.499,0.880575
427.413,0.880675
424.4,0.880776
436.461,0.880877
423.121,0.880977
424.635,0.881079
439.929,0.881178
436.213,0.881282
440.412,0.88138
427.359,0.881481
432.923,0.881584
431.238,0.881683
431.133,0.881786
429.859,0.881884
438.606,0.881988
435.611,0.882087
434.969,0.882187
434.314,0.882288
435.29,0.882388
436.308,0.882491
446.373,0.882593
431.363,0.882692
427.189,0.882793
432.932,0.882894
438.887,0.882994
423.959,0.883095
432.723,0.8832
428.646,0.883298
429.478,0.883399
424.233,0.883501
428.416,0.883601
423.428,0.883701
433.601,0.883805
426.803,0.883903
417.952,0.884003
426.663,0.884104
420.172,0.884206
422.328,0.884308
415.126,0.884405
409.636,0.884509
419.901,0.884609
424.475,0.88471
408.121,0.884813
414.871,0.88491
419.257,0.885014
410.778,0.885114
407.621,0.885215
412.048,0.885315
399.456,0.88542
408.24,0.885517
394.734,0.885619
404.537,0.885718
385.545,0.885821
391.518,0.885926
393.647,0.886024
389.96,0.886125
398.365,0.886226
387.842,0.886327
384.283,0.886425
406.27,0.886527
398.791,0.886627
399.739,0.886727
388.91,0.886829
401.088,0.886932
395.013,0.88703
397.494,0.887134
402.033,0.887231
394.564,0.887336
394.534,0.887432
407.662,0.887536
408.594,0.887637
411.695,0.887737
415.295,0.88784
418.746,0.88794
423.856,0.888041
421.464,0.888141
411.627,0.888244
422.084,0.888342
423.598,0.888447
435.915,0.888544
433.806,0.888646
428.054,0.888747
438.529,0.888848
444.573,0.88895
438.51,0.88905
433.78,0.889151
427.131,0.889253
444.528,0.889353
428.011,0.889453
434.653,0.889554
445.946,0.889655
432.291,0.889756
443.693,0.889857
442.675,0.889959
437.451,0.890058
439.283,0.89016
447.729,0.890261
442.525,0.890361
447.857,0.890464
450.396,0.890563
442.483,0.890665
443.353,0.890765
446.753,0.890867
444.243,0.890967
452.683,0.891067
444.744,0.89117
451.461,0.89127
449.379,0.891371
449.203,0.891473
448.619,0.891573
449.971,0.891672
444.113,0.891774
447.089,0.891875
452.209,0.891977
446.766,0.892078
435.432,0.892178
442.42,0.892278
444.561,0.89238
454.961,0.892481
444.043,0.892583
449.038,0.892684
435.263,0.892782
458.748,0.892885
449.245,0.892986
447.819,0.893085
436.769,0.893186
456.818,0.893287
442.934,0.893388
448.862,0.893489
449.111,0.893592
447.145,0.893693
450.76,0.893795
441.653,0.893893
446.692,0.893993
433.728,0.894096
452.435,0.894194
441.305,0.894297
438.411,0.894399
433.51,0.894499
446.101,0.894599
436.042,0.894701
444.041,0.8948
435.737,0.894905
434.7,0.895004
433.925,0.895103
446.83,0.895208
435.761,0.895304
437.594,0.895408
433.098,0.895508
438.781,0.895609
427.93,0.89571
442.81,0.89581
439.737,0.895914
419.121,0.896013
443.395,0.896112
421.792,0.896215
437.714,0.896314
432.728,0.896418
425.205,0.896517
433.991,0.896621
428.207,0.896719
423.018,0.89682
429.195,0.896922
425.309,0.897021
426.869,0.897122
437.654,0.897226
428.989,0.897327
426.221,0.897424
424.667,0.897527
428.959,0.897627
425.52,0.897728
416.249,0.897828
417.523,0.897929
406.291,0.898034
413.014,0.898134
422.899,0.898232
416.116,0.898334
424.688,0.898434
422.509,0.898537
409.63,0.898635
417.639,0.898736
415.724,0.898838
428.305,0.898937
410.617,0.89904
413.613,0.89914
412.01,0.899244
428.989,0.899345
425.501,0.899443
423.202,0.899544
418.576,0.899648
415.381,0.899746
428.911,0.899846
421.53,0.899949
419.682,0.900049
414.599,0.90015
427.706,0.90025
422.864,0.900354
423.773,0.900453
433.738,0.900553
435.029,0.900655
426.487,0.900754
430.704,0.900856
431.29,0.900958
443.04,0.901058
435.831,0.901159
421.878,0.90126
434.677,0.90136
432.38,0.901462
437.511,0.901563
428.734,0.901665
437.297,0.901765
440.204,0.901866
431.35,0.901967
425.435,0.902067
436.138,0.902168
436.167,0.902269
424.919,0.90237
443.069,0.902471
433.255,0.902572
435.233,0.902673
433.977,0.902774
423.69,0.902874
440.868,0.902974
426.886,0.903076
444.049,0.903175
425.812,0.90328
434.533,0.903377
429.982,0.90348
427.52,0.90358
433.137,0.903682
423,0.90378
434.861,0.903885
424.893,0.903981
428.423,0.904087
428.477,0.904184
425.522,0.904286
423.379,0.904389
420.302,0.904488
419.458,0.904589
411.174,0.904689
415.07,0.904792
423.764,0.904892
416.754,0.904993
409.638,0.905091
406.025,0.905195
411.644,0.905295
408.204,0.905398
421.892,0.905496
403.969,0.905599
406.814,0.905699
400.777,0.905798
398.889,0.9059
399.401,0.906003
403.266,0.906104
406.879,0.906206
397.719,0.906305
394.151,0.906406
393.267,0.906506
388.506,0.906609
389.775,0.906708
395.239,0.906809
390.208,0.906911
391.762,0.907011
392.982,0.907109
387.108,0.907212
393.605,0.907312
398.483,0.907414
396.591,0.907515
405.363,0.907618
412.454,0.907717
407.702,0.907819
418.412,0.907919
407.45,0.908022
416.909,0.908121
424.852,0.90822
427.1,0.908325
416.947,0.908424
426.506,0.908526
430.851,0.908626
430.552,0.908727
426.757,0.908826
424.126,0.90893
428.053,0.90903
438.75,0.909131
443.08,0.909233
441.685,0.909332
430.852,0.909433
441.325,0.909534
439.174,0.909635
433.657,0.909736
442.028,0.909836
448.676,0.909937
436.594,0.910039
452.157,0.910139
447.218,0.91024
440.044,0.910341
448.029,0.910444
442.356,0.910543
443.815,0.910644
433.33,0.910745
454.184,0.910845
449.1,0.910948
462.697,0.911048
448.186,0.911149
459.603,0.91125
449.703,0.911353
439.718,0.911452
441.537,0.911551
458.373,0.911653
443.806,0.911755
446.716,0.911855
466.234,0.911955
454.257,0.912058
448.224,0.912158
454.859,0.912261
450.695,0.91236
452.204,0.912461
439.498,0.912561
455.364,0.912662
453.026,0.912764
445.977,0.912864
451.082,0.912965
459.518,0.913068
441.78,0.913167
446.705,0.913269
446.188,0.913368
447.211,0.91347
449.334,0.913571
449.735,0.913672
449.535,0.913774
449.854,0.913874
437.7,0.913974
457.802,0.914075
444.153,0.914176
443.962,0.914276
459.451,0.914378
447.209,0.914479
456.869,0.91458
449.373,0.91468
437.329,0.914781
446.763,0.914882
448.187,0.914983
437.769,0.915086
456.315,0.915182
440.275,0.915286
439.106,0.915387
445.263,0.915488
441.83,0.915589
435.466,0.915691
445.351,0.915791
439.327,0.915892
437.494,0.915992
444.966,0.916092
446.358,0.916196
442.004,0.916293
438.435,0.916397
438.024,0.916495
434.651,0.916598
428.737,0.916699
433.887,0.9168
434.116,0.9169
429.632,0.916998
425.315,0.917104
433.632,0.917203
430.134,0.917304
426.232,0.917402
422.872,0.917508
426.035,0.917606
434.468,0.917708
431.691,0.91781
430.295,0.91791
424.924,0.91801
419.817,0.918111
420.791,0.918216
427.642,0.918312
421.109,0.918413
419.154,0.918514
425.37,0.918617
421.337,0.918714
430.474,0.918821
415.661,0.918919
409.697,0.919018
422.221,0.919121
415.521,0.919221
422.893,0.919324
426.877,0.919424
412.176,0.919526
411.147,0.919626
419.079,0.919728
418.557,0.919825
422.545,0.919926
419.878,0.920031
424.882,0.920129
418.026,0.920231
419.116,0.920331
422.481,0.920429
426.236,0.920535
431.881,0.920633
425.956,0.920735
419.342,0.920837
417.802,0.920939
425.711,0.921037
428.552,0.921138
431.785,0.92124
441.999,0.921341
426.334,0.921441
436.812,0.921543
423.206,0.921642
426.837,0.921744
428.255,0.921846
431.551,0.921946
435.611,0.922047
431.554,0.922148
440.259,0.922247
432.518,0.922349
435.678,0.922451
431.758,0.92255
432.218,0.922654
434.812,0.922753
435.96,0.922853
428.041,0.922953
436.376,0.923058
436.737,0.923157
429.538,0.923256
436.117,0.923362
431.054,0.923459
428.764,0.923558
434.739,0.923662
437.098,0.92376
434.732,0.923862
422.086,0.923963
439.362,0.924067
438.491,0.924164
432.685,0.924265
433.903,0.924368
430.219,0.92447
434.748,0.924569
434.682,0.924671
433.616,0.92477
433.519,0.924868
419.205,0.924974
435,0.925073
425.956,0.925175
423.41,0.925276
420.279,0.925377
425.069,0.925478
418.207,0.92558
414.545,0.925679
424.523,0.92578
412.535,0.925879
412.516,0.925982
407.401,0.926084
403.095,0.926184
412.434,0.926287
411.385,0.926386
409.067,0.926487
404.192,0.92659
408.563,0.926687
388.23,0.926789
406.833,0.926889
402.506,0.926993
398.317,0.927091
396.851,0.927192
400.501,0.927292
381.68,0.927393
401.556,0.927499
397.59,0.927595
395.071,0.927698
388.984,0.927801
401.177,0.9279
387.854,0.928
389.864,0.9281
403.246,0.928205
386.454,0.928299
394.492,0.928408
400.909,0.928503
408.923,0.928605
407.154,0.928706
410.307,0.928812
401.654,0.928909
416.919,0.929011
423.784,0.929108
418.085,0.929213
416.976,0.929312
424.937,0.929412
422.805,0.929514
434.129,0.929616
428.267,0.929715
439.027,0.92982
436.093,0.929916
430.657,0.93002
439.838,0.930118
433.933,0.93022
440.353,0.93032
443.053,0.930422
425.717,0.930524
441.173,0.930623
439.372,0.930726
437.338,0.930827
448.579,0.930926
448.779,0.931028
444.247,0.931127
454.979,0.931228
448.532,0.93133
437.217,0.931432
457.18,0.931532
446.968,0.931633
448.203,0.931734
448.555,0.931836
451.224,0.931936
458.274,0.932036
455.829,0.932139
443.568,0.932239
458.737,0.93234
456.319,0.93244
446.095,0.932541
452.472,0.93264
455.018,0.932745
450.789,0.932843
441.349,0.932946
455.508,0.933046
457.307,0.933147
449.738,0.933248
445.651,0.933348
458.497,0.93345
446.185,0.933549
454.725,0.933651
451.201,0.933754
442.052,0.933852
451.554,0.933955
458.812,0.934055
453.011,0.934157
452.614,0.934256
452.386,0.934359
452.738,0.934459
445.515,0.934561
450.85,0.934661
450.009,0.934761
444.037,0.934863
444.883,0.934963
447.988,0.935064
452.886,0.935165
440.058,0.935267
452.508,0.935366
447.38,0.935469
444.078,0.935567
444.626,0.935671
447.805,0.935769
439.238,0.935871
435.96,0.935971
454.115,0.936073
448.508,0.936174
436.321,0.936276
458.365,0.936377
437.7,0.936476
438.46,0.936578
436.583,0.93668
444.175,0.936781
419.5,0.93688
453.474,0.936979
440.556,0.937082
446.278,0.937183
439.56,0.937285
441.494,0.937384
429.921,0.937486
438.504,0.937586
447.459,0.937687
430.97,0.937787
434.376,0.93789
428.422,0.93799
434.39,0.938091
433.241,0.938192
435.242,0.938293
435.549,0.938395
429.269,0.938494
430.333,0.938599
429.429,0.938699
428.074,0.938797
427.172,0.938898
429.774,0.939001
421.456,0.939102
425.45,0.939203
424.788,0.939301
428.746,0.939406
421.739,0.939502
421.435,0.939604
420.44,0.939706
425.132,0.939805
423.672,0.939909
424.867,0.940006
420.025,0.940111
415.729,0.94021
418.88,0.94031
423.691,0.940411
413.374,0.940512
412.707,0.940614
407.554,0.940717
417.966,0.940817
419.171,0.940916
415.712,0.94102
419.636,0.941117
414.967,0.941219
428.554,0.941319
426.799,0.941423
416.373,0.941521
421.237,0.941623
423.317,0.941725
431.535,0.941825
427.278,0.941928
442.62,0.942027
434.87,0.942127
435.494,0.942226
436.339,0.94233
418.294,0.94243
436.644,0.94253
431.141,0.942632
433.099,0.942734
437.125,0.942834
440.407,0.942933
425.329,0.943035
425.866,0.943137
442.208,0.943236
431.366,0.943337
437.913,0.943441
428.455,0.943541
433.669,0.943639
429.23,0.943742
438.558,0.943842
427.629,0.943944
438.45,0.944044
431.115,0.944147
433.813,0.944246
425.478,0.944345
434.535,0.94445
440.316,0.944548
431.102,0.944651
425.076,0.944752
426.196,0.94485
430.025,0.944951
424.854,0.945055
425.759,0.945153
425.591,0.945253
419.6,0.945358
424.732,0.945454
422.602,0.94556
422.245,0.945656
423.678,0.945759
414.191,0.945862
414.226,0.945964
424.96,0.946062
425.947,0.946166
415.503,0.946266
421.553,0.946368
417.56,0.946465
404.127,0.946565
402.207,0.946668
417.391,0.946772
395.532,0.946869
410.1,0.94697
397.572,0.947071
395.035,0.947174
405.269,0.947273
395.437,0.947373
403.805,0.947475
386.821,0.947573
388.136,0.947676
413.337,0.947776
389.143,0.947877
406.879,0.947982
400.362,0.948081
388.687,0.948182
412.024,0.948285
406.17,0.948383
396,0.948485
401.655,0.948586
405.739,0.948687
397.415,0.948787
396.804,0.948891
412.834,0.94899
419.294,0.949091
410.661,0.94919
412.005,0.949291
423.096,0.949395
407.985,0.949496
420.726,0.949596
425.821,0.949693
429.711,0.949798
421.2,0.949898
432.861,0.949998
434.815,0.950097
438.047,0.950201
443.039,0.950303
430.903,0.950401
439.935,0.950504
437.46,0.950604
444.754,0.950706
444.142,0.950804
441.314,0.950908
433.752,0.951007
446.712,0.951107
453.31,0.95121
437.552,0.95131
448.392,0.95141
441.534,0.951514
453.056,0.951613
436.174,0.951713
453.153,0.951814
439.451,0.951915
443.168,0.952016
459.379,0.952117
444.757,0.952218
459.997,0.952318
455.584,0.952419
433.352,0.952522
471.086,0.952621
441.879,0.952721
462.104,0.952825
447.76,0.952927
442.907,0.953025
454.164,0.953127
454.411,0.953226
445.063,0.95333
461.875,0.953427
446.734,0.953529
460.338,0.953631
456.433,0.953731
455.526,0.953834
458.676,0.953934
454.38,0.954033
446.652,0.954137
444.856,0.954234
446.852,0.954338
462.19,0.954437
455.288,0.954538
453.308,0.954639
444.586,0.954738
454.693,0.954842
452.514,0.954942
453.359,0.955044
457.652,0.955144
455.273,0.955247
449.212,0.955345
444.569,0.955447
441.333,0.955547
447.359,0.95565
447.801,0.955751
455.147,0.955849
449.23,0.955951
459.441,0.956053
458.275,0.956155
448.88,0.956254
442.557,0.956355
447.986,0.956456
447.076,0.956557
453.38,0.956658
442.661,0.95676
447.19,0.956861
447.534,0.956961
449.594,0.957061
438.691,0.957163
442.643,0.957265
445.312,0.957362
447.15,0.957466
444.062,0.957567
445.479,0.957668
435.403,0.957767
439.797,0.957868
437.675,0.957969
437.106,0.958071
441.666,0.958174
429.225,0.958273
431.464,0.958374
433.541,0.958474
427.474,0.958574
430.164,0.958675
434.213,0.958778
438.207,0.958879
421.428,0.958977
427.012,0.959081
438.343,0.959182
418.715,0.959284
423.714,0.959381
423.996,0.959485
421.877,0.959585
422.469,0.959686
422.546,0.959786
414.496,0.95989
409.587,0.959988
421.365,0.960089
409.173,0.96019
414.339,0.96029
418.102,0.960389
413.46,0.960494
424.437,0.960595
421.101,0.960692
415.373,0.960795
418.42,0.960895
410.274,0.961
432.252,0.961095
415.319,0.961202
413.956,0.9613
411.665,0.9614
428.384,0.961504
417.551,0.9616
412.664,0.961705
417.617,0.961803
417.375,0.961903
417.273,0.962006
405.246,0.962106
417.801,0.962209
425.88,0.962312
429.362,0.96241
426.975,0.962509
421.198,0.962612
434.692,0.962714
422.489,0.962813
423.571,0.962914
432.678,0.963015
423.606,0.963115
426.961,0.963217
431.287,0.963319
428.454,0.963417
438.615,0.963521
438.823,0.963622
431.864,0.963722
431.397,0.963823
431.129,0.963922
426.015,0.964022
425.745,0.964125
427.178,0.964227
433.442,0.964327
441.467,0.964427
436.636,0.96453
429.832,0.964629
426.493,0.964731
435.556,0.964832
414.969,0.964933
416.156,0.965032
437.844,0.965135
432.85,0.965232
429.249,0.965338
430.203,0.965437
421.257,0.96554
429.908,0.96564
423.827,0.965739
426.123,0.96584
428.55,0.965942
414.792,0.966042
425.903,0.966143
414.087,0.966242
428.624,0.966347
411.339,0.966447
411.993,0.966545
406.408,0.966647
414.263,0.966749
409.975,0.966848
420.088,0.966953
406.895,0.967051
415.719,0.967155
417.645,0.967257
403.088,0.967355
402.223,0.967454
386.698,0.967555
398.7,0.967659
416.575,0.967758
406.123,0.967858
414.287,0.96796
396.674,0.96806
402.733,0.968161
417.468,0.968262
393.023,0.96836
409.715,0.968462
407.974,0.968564
400.332,0.968669
420.495,0.968767
406.365,0.968869
416.127,0.96897
412.907,0.96907
407.756,0.969173
419.209,0.969273
406.254,0.969369
421.341,0.969474
413.887,0.969575
409.397,0.969673
414.522,0.969775
422.929,0.969879
426.225,0.969977
420.923,0.970081
433.143,0.970181
432.608,0.97028
438.62,0.970382
438.627,0.97048
438.773,0.970585
439.309,0.970684
443.6,0.970784
434.268,0.970887
451.553,0.970986
445.572,0.971088
443.825,0.971189
441.559,0.97129
441.584,0.971391
445.301,0.971491
437.976,0.971594
441.756,0.971695
458.407,0.971794
437.44,0.971897
449.838,0.971996
448.618,0.972097
452.966,0.972199
451.562,0.972299
449.737,0.9724
452.873,0.972502
449.716,0.972601
463.574,0.972703
454.748,0.972803
458.647,0.972903
450.09,0.973006
460.904,0.973106
457.149,0.973208
459.066,0.973308
457.095,0.97341
460.822,0.973511
467.173,0.973609
459.76,0.973713
458.076,0.973813
454.31,0.973915
448.767,0.974013
460.596,0.974116
455.324,0.974215
454.229,0.974318
452.863,0.974418
463.168,0.974518
450.014,0.97462
465.167,0.974721
454.535,0.974821
455.447,0.974923
458.321,0.975023
457.195,0.975124
449.421,0.975226
459.885,0.975328
451.815,0.975427
451.415,0.975529
443.558,0.975628
469.388,0.975728
451.464,0.975833
442.401,0.975932
448.693,0.976032
454.218,0.976133
453.411,0.976235
446.312,0.976334
440.573,0.976437
453.812,0.976536
445.814,0.976638
445.665,0.97674
454.851,0.976839
440.439,0.97694
441.104,0.97704
458.361,0.977142
441.876,0.977242
443.555,0.977345
438.633,0.977445
443.265,0.977547
441.205,0.977646
453.367,0.977747
448.945,0.977849
446.473,0.97795
439.726,0.978051
446.933,0.978151
434.22,0.978253
441.552,0.978354
431.61,0.978455
435.406,0.978554
432.352,0.978656
431.866,0.978757
436.278,0.978857
437.813,0.97896
437.84,0.97906
430.902,0.97916
428.29,0.979261
433.309,0.979363
425.106,0.979462
434.749,0.979565
427.906,0.979662
419.749,0.979766
423.291,0.979869
424.763,0.979966
432.639,0.98007
421.047,0.980169
426.829,0.98027
421.397,0.980372
432.119,0.980472
423.154,0.980573
420.235,0.980671
416.499,0.980774
421.351,0.980875
421.217,0.980976
418.18,0.981079
412.789,0.981177
413.37,0.981279
417.546,0.981381
407.577,0.981481
421.938,0.981582
419.224,0.981685
417.782,0.981784
406.068,0.981885
409.475,0.981987
413.286,0.982087
413.556,0.982186
415.332,0.982287
420.955,0.982388
426.114,0.982491
421.954,0.98259
429.798,0.982691
424.545,0.982792
433.769,0.982896
424.954,0.982994
424.706,0.983095
429.54,0.983199
442.754,0.983298
436.741,0.983399
423.201,0.9835
435.897,0.983598
422.443,0.983701
432.679,0.983802
436.138,0.983902
431.949,0.984004
439.458,0.984105
430.092,0.984206
429.431,0.984308
430.182,0.984408
443.68,0.984507
421.773,0.984608
431.008,0.984712
431.305,0.984809
432.151,0.984911
427.82,0.985015
432.514,0.985114
423.3,0.985213
440.619,0.985317
428.393,0.985417
423.87,0.985516
424.548,0.985621
419.513,0.985719
429.722,0.985819
429.876,0.98592
429.355,0.986022
434.489,0.986123
417.114,0.986223
414.374,0.986325
435.347,0.986424
431.998,0.986528
430.931,0.986625
422.311,0.986728
417.15,0.986826
402.232,0.986932
423.292,0.987031
412.699,0.987131
412.399,0.987232
421.619,0.987336
411.598,0.987436
419.37,0.987536
407.803,0.987639
397.984,0.987735
401.575,0.98784
405.669,0.987941
415.747,0.988039
405.103,0.988143
396.407,0.988243
400.906,0.988342
414.68,0.988447
402.744,0.988547
405.021,0.988648
399.883,0.988744
402.363,0.988849
403.895,0.988948
412.468,0.989049
415.084,0.98915
412.994,0.989253
411.007,0.989351
425.24,0.989454
422.322,0.989551
407.92,0.989658
418.404,0.989753
418.178,0.98986
410.032,0.989954
417.435,0.990061
428.503,0.99016
419.732,0.990261
426.626,0.990362
434.181,0.990461
430.858,0.990564
424.597,0.990664
440.165,0.990766
439.235,0.990867
431.303,0.990967
440.542,0.991068
440.048,0.991169
445.303,0.991268
444.593,0.99137
442.433,0.991473
444.09,0.991571
459.819,0.991672
447.338,0.991774
441.717,0.991875
449.983,0.991976
445.796,0.992078
446.902,0.992178
442.406,0.99228
443.87,0.99238
444.439,0.992478
446.478,0.992583
447.059,0.992683
459.372,0.992782
451.638,0.992883
459.648,0.992986
448.205,0.993087
462.521,0.993188
455.042,0.993289
455.954,0.993388
451.727,0.993491
452.982,0.993593
454.639,0.993693
453.263,0.993791
463.909,0.993891
449.347,0.993994
460.131,0.994093
457.473,0.994196
460.79,0.994297
450.317,0.994397
458.423,0.994497
459.307,0.9946
458.015,0.9947
462.914,0.994801
452.987,0.994904
453.968,0.995003
456.269,0.995103
454.335,0.995203
460.419,0.995307
457.415,0.995407
464.048,0.995507
451.374,0.995608
466.832,0.995708
457.561,0.995811
445.326,0.99591
440.466,0.996011
465.085,0.99611
457.524,0.996214
453.083,0.996313
456.292,0.996414
449.53,0.996516
452.177,0.99662
450.265,0.996718
454.634,0.99682
468.547,0.99692
449.452,0.997021
447.655,0.997123
457.799,0.997222
456.745,0.997325
453.811,0.997425
451.465,0.997527
450.523,0.997627
450.903,0.997726
452.407,0.99783
439.036,0.997928
450.524,0.998031
448.853,0.99813
453.559,0.998232
438.591,0.998333
446.405,0.998434
440.456,0.998536
439.015,0.998635
452.208,0.998738
443.195,0.998838
444.153,0.998939
450.021,0.999039
449.096,0.99914
432.946,0.999239
437.535,0.999342
441.58,0.999442
433.961,0.999544
434.085,0.999646
426.087,0.999748
430.731,0.999846
430.178,0.999946
433.721,1.00005
428.069,1.00015
430.998,1.00025
432.435,1.00035
433.559,1.00045
417.641,1.00055
431.51,1.00065
420.055,1.00075
425.463,1.00086
413.69,1.00096
432.647,1.00106
425.722,1.00116
431.259,1.00126
419.307,1.00136
425.212,1.00146
416.697,1.00156
409.246,1.00166
414.959,1.00176
413.325,1.00187
419.088,1.00197
411.58,1.00207
409.069,1.00217
421.504,1.00227
410.855,1.00237
404.886,1.00247
418.065,1.00257
423.243,1.00267
426.69,1.00277
419.31,1.00287
433.241,1.00298
425.476,1.00308
416.925,1.00318
434.362,1.00328
429.335,1.00338
430.662,1.00348
421.073,1.00358
435.798,1.00368
431.855,1.00378
435.635,1.00388
432.021,1.00399
430.338,1.00408
434.078,1.00419
420.374,1.00429
439.758,1.00439
428.977,1.00449
433.676,1.00459
437.872,1.00469
440.572,1.00479
436.405,1.00489
428.383,1.00499
434.241,1.00509
439.239,1.0052
437.219,1.0053
425.2,1.0054
429.055,1.0055
434.847,1.0056
427.145,1.0057
450.84,1.0058
445.24,1.0059
437.144,1.006
441.651,1.0061
439.174,1.00621
423.854,1.0063
426.656,1.0064
430.022,1.00651
429.169,1.00661
431.958,1.00671
422.109,1.00681
424.94,1.00691
427.25,1.00701
420.294,1.00711
418.899,1.00721
424.763,1.00731
419.973,1.00742
422.77,1.00751
434.265,1.00762
418.482,1.00772
415.51,1.00782
416.909,1.00792
424.892,1.00802
417.826,1.00812
406.423,1.00822
408.101,1.00832
409.644,1.00843
408.891,1.00852
402.836,1.00863
400.316,1.00873
403.164,1.00883
411.179,1.00893
406.407,1.00903
404.509,1.00913
406.081,1.00923
406.988,1.00933
405.43,1.00944
409.61,1.00954
408.597,1.00963
409.747,1.00974
414.043,1.00984
403.968,1.00994
404.966,1.01004
401.52,1.01014
416.898,1.01024
410.291,1.01034
413.187,1.01044
422.234,1.01055
420.677,1.01064
415.654,1.01074
418.916,1.01084
426.724,1.01095
423.504,1.01105
427.665,1.01115
423.143,1.01125
435.712,1.01135
433.309,1.01145
423.073,1.01155
442.607,1.01165
437.402,1.01175
447.53,1.01185
441.299,1.01196
444.443,1.01206
450.131,1.01216
447.4,1.01226
441.821,1.01236
445.98,1.01246
442.077,1.01256
453.941,1.01266
442.523,1.01276
447.802,1.01286
446.415,1.01296
441.981,1.01307
454.068,1.01317
451.456,1.01327
452.366,1.01337
457.918,1.01347
440.399,1.01357
457.447,1.01367
455.327,1.01377
442.656,1.01387
462.024,1.01397
447.424,1.01407
458.64,1.01418
456.838,1.01428
449.406,1.01438
449.053,1.01448
462.755,1.01458
461.915,1.01468
453.665,1.01478
449.125,1.01488
463.299,1.01498
449.923,1.01508
453.753,1.01518
467.298,1.01529
456.908,1.01539
458.503,1.01549
461.006,1.01559
462.622,1.01569
449.935,1.01579
466.745,1.01589
453.566,1.01599
459.563,1.0161
457.425,1.01619
447.288,1.01629
462.471,1.01639
451.959,1.0165
455.936,1.0166
455.426,1.0167
450.123,1.0168
437.21,1.0169
451.49,1.017
459.319,1.0171
445.3,1.0172
460.518,1.0173
435.251,1.0174
464.175,1.01751
445.72,1.01761
450.721,1.01771
444.817,1.01781
462.777,1.01791
447.056,1.01801
450.282,1.01811
447.201,1.01821
439.649,1.01831
440.718,1.01842
450.47,1.01851
448.609,1.01862
443.285,1.01872
442.433,1.01882
441.041,1.01892
442.52,1.01902
438.752,1.01912
448.175,1.01922
439.361,1.01932
439.073,1.01942
436.91,1.01953
428.047,1.01962
449.128,1.01972
438.612,1.01983
437.82,1.01993
429.887,1.02003
435.831,1.02013
431.455,1.02023
427.336,1.02033
434.756,1.02043
430.849,1.02053
431.614,1.02064
415.275,1.02073
435.708,1.02084
423.974,1.02094
429.406,1.02104
429.186,1.02114
420.213,1.02124
420.029,1.02134
420.565,1.02144
418.419,1.02154
425.651,1.02164
418.346,1.02175
418.452,1.02185
424.964,1.02195
419.859,1.02205
412.423,1.02215
413.174,1.02225
421.631,1.02235
414.816,1.02245
421.178,1.02255
404.332,1.02265
422.506,1.02275
416.885,1.02285
408.714,1.02296
411.118,1.02306
414.608,1.02316
413.262,1.02326
419.316,1.02336
417.622,1.02346
417.377,1.02356
417.434,1.02366
422.857,1.02376
431.179,1.02387
422.571,1.02396
425.688,1.02407
427.991,1.02416
430.374,1.02427
435.472,1.02437
432.813,1.02447
437.439,1.02457
434.022,1.02467
417.451,1.02477
431.794,1.02487
439.111,1.02497
428.901,1.02507
432.48,1.02517
434.616,1.02527
427.164,1.02538
431.669,1.02548
429.126,1.02558
432.524,1.02568
432.683,1.02578
430.55,1.02588
427.468,1.02598
427.279,1.02608
434.332,1.02619
423.298,1.02628
430.559,1.02639
428.923,1.02649
428.815,1.02659
421.589,1.02669
436.614,1.02679
436.845,1.02689
422.767,1.02699
423.337,1.02709
428.567,1.02719
413.128,1.02729
423.756,1.02739
415.272,1.0275
417.748,1.0276
427.352,1.0277
428.479,1.0278
420.19,1.0279
423.157,1.028
411.582,1.0281
410.228,1.02821
426.1,1.0283
410.921,1.0284
412.059,1.0285
412.367,1.0286
409.438,1.02871
416.121,1.02881
404.253,1.02891
415.57,1.02901
406.18,1.02911
415.96,1.02921
399.302,1.02931
402.465,1.02941
394.471,1.02951
392.999,1.02961
417.485,1.02972
408.555,1.02982
405.392,1.02992
394.229,1.03002
416.467,1.03012
406.784,1.03022
399.111,1.03032
409.255,1.03042
409.009,1.03052
401.021,1.03063
419.236,1.03073
414.387,1.03082
404.732,1.03093
413.363,1.03103
419.329,1.03113
421.277,1.03123
414.339,1.03133
432.248,1.03143
418.923,1.03153
421.988,1.03164
433.716,1.03173
430.996,1.03183
433.047,1.03194
438.585,1.03204
442.042,1.03214
443.195,1.03224
445.301,1.03234
436.018,1.03244
452.466,1.03254
454.257,1.03264
433.394,1.03274
452.195,1.03284
443.178,1.03295
447.267,1.03305
446.723,1.03315
444.186,1.03325
448.56,1.03335
453.933,1.03345
451.353,1.03355
456.919,1.03365
458.384,1.03375
451.186,1.03385
455.197,1.03395
445.791,1.03405
450.988,1.03415
458.061,1.03426
453.334,1.03435
458.866,1.03446
449.966,1.03456
457.548,1.03466
459.184,1.03476
444.723,1.03486
454.397,1.03496
457.178,1.03506
462.263,1.03516
458.261,1.03527
450.775,1.03537
461.451,1.03547
449.046,1.03557
464.725,1.03567
441.033,1.03577
462.921,1.03587
456.206,1.03597
453.441,1.03607
456.997,1.03617
452.789,1.03628
441.011,1.03638
464.109,1.03648
455.926,1.03658
462.884,1.03668
448.188,1.03678
445.281,1.03688
462.842,1.03698
439.621,1.03708
463.232,1.03718
457.409,1.03728
450.506,1.03738
465.186,1.03749
444.378,1.03759
459.409,1.03769
443.534,1.03779
458.594,1.03789
453.339,1.03799
458.605,1.03809
454.88,1.03819
453.328,1.03829
439.96,1.03839
461.127,1.03849
445.54,1.03859
446.085,1.0387
452.706,1.03879
450.69,1.0389
455.326,1.039
437.719,1.0391
446.528,1.0392
449.412,1.0393
446.675,1.0394
439.706,1.0395
457.835,1.03961
437.317,1.03971
439.441,1.03981
443.669,1.03991
442.578,1.04001
448.074,1.04011
444.654,1.04021
445.37,1.04031
429.668,1.04041
444.27,1.04051
427.265,1.04061
440.034,1.04072
439.376,1.04082
440.892,1.04092
430.233,1.04102
424.214,1.04112
446.992,1.04122
429.138,1.04132
432.416,1.04142
434.878,1.04152
421.566,1.04162
427.564,1.04172
422.715,1.04183
423.167,1.04192
414.258,1.04202
424.365,1.04213
424.948,1.04223
419.516,1.04233
413.973,1.04243
419.829,1.04253
409.935,1.04263
416.709,1.04273
413.262,1.04283
413.599,1.04293
431.602,1.04303
411.156,1.04314
416.984,1.04324
430.681,1.04334
424.923,1.04344
424.295,1.04354
415.007,1.04364
427.042,1.04374
416.655,1.04384
415.508,1.04395
416.815,1.04404
423.683,1.04415
417.182,1.04424
415.842,1.04435
416.181,1.04445
425.459,1.04455
418.872,1.04465
426.423,1.04475
420.48,1.04485
414.419,1.04495
423.402,1.04505
428.573,1.04516
433.707,1.04526
428.992,1.04536
430.122,1.04546
425.637,1.04556
431.754,1.04566
442.967,1.04576
431.631,1.04586
437.213,1.04596
419.559,1.04606
436.951,1.04616
433.231,1.04627
421.543,1.04636
429.325,1.04647
429.263,1.04657
433.589,1.04667
430.714,1.04677
416.978,1.04687
443.813,1.04697
431.678,1.04707
428.253,1.04717
434.477,1.04727
432.657,1.04737
419.842,1.04748
435.885,1.04758
424.282,1.04768
425.435,1.04778
420.366,1.04788
429.136,1.04798
423.222,1.04808
426.065,1.04818
431.842,1.04828
424.18,1.04839
412.135,1.04848
428.192,1.04859
431.151,1.04869
419.142,1.04879
407.495,1.04889
408.379,1.04899
409.264,1.04909
409.268,1.04919
399.51,1.04929
423.323,1.04939
395.313,1.04949
416.442,1.04959
408.732,1.0497
404.052,1.0498
410.69,1.04989
400.697,1.05
418.155,1.0501
389.546,1.0502
399.806,1.0503
406.464,1.0504
396.553,1.0505
405.781,1.05061
407.497,1.0507
407.819,1.0508
400.022,1.05091
397.54,1.05101
411.197,1.05111
405.492,1.05121
403.476,1.05131
402.901,1.05141
419.04,1.05151
403.695,1.05161
414.071,1.05171
419.051,1.05182
419.711,1.05191
426.763,1.05201
425.776,1.05212
427.808,1.05222
432.658,1.05232
437.015,1.05242
428.229,1.05252
431.902,1.05262
431.181,1.05272
429.603,1.05282
448.788,1.05292
437.267,1.05303
441.55,1.05313
440.75,1.05323
433.36,1.05333
443.209,1.05343
454.323,1.05353
450.671,1.05363
446.232,1.05373
439.865,1.05383
448.805,1.05393
449.887,1.05403
455.67,1.05414
449.499,1.05424
446.766,1.05434
466.943,1.05444
445.384,1.05454
452.423,1.05464
456.236,1.05474
450.879,1.05484
460.497,1.05494
451.305,1.05504
461.774,1.05514
459.355,1.05525
448.691,1.05535
459.118,1.05545
448.515,1.05555
461.098,1.05565
448.874,1.05575
467.729,1.05585
460.149,1.05595
458.136,1.05605
452.962,1.05615
463.871,1.05625
455.187,1.05636
460.083,1.05645
469.615,1.05656
455.255,1.05666
459.661,1.05676
456.811,1.05686
459.133,1.05696
451.7,1.05706
463.024,1.05716
460.527,1.05727
453.987,1.05736
459.574,1.05747
455.716,1.05757
455.801,1.05767
450.092,1.05777
465.779,1.05787
449.2,1.05797
460.84,1.05807
455.061,1.05817
460.056,1.05827
444.368,1.05837
454.676,1.05848
453.964,1.05858
457.308,1.05868
452.416,1.05878
448.855,1.05888
447.572,1.05898
451.365,1.05908
448.911,1.05918
438.171,1.05928
450.871,1.05938
446.815,1.05949
443.068,1.05958
445.712,1.05968
443.174,1.05979
443.373,1.05989
448.812,1.05999
448.41,1.06009
441.927,1.06019
442.772,1.06029
440.028,1.06039
444.834,1.06049
437.976,1.06059
433.792,1.06069
438.54,1.06079
439.956,1.0609
434.973,1.061
439.081,1.0611
432.87,1.0612
436.536,1.0613
432.439,1.0614
443.57,1.0615
435.946,1.0616
441.673,1.0617
437.374,1.0618
427.847,1.06191
423.638,1.06201
421.944,1.06211
426.018,1.0622
420.018,1.06231
439.53,1.06241
427.273,1.06251
417.562,1.06261
424.231,1.06272
422.09,1.06281
418.714,1.06292
424.894,1.06302
417.819,1.06311
425.002,1.06322
424.611,1.06332
417.1,1.06342
409.35,1.06352
422.829,1.06362
423.876,1.06372
419.044,1.06382
427.335,1.06392
414.311,1.06402
418.456,1.06412
414.4,1.06422
418.419,1.06433
413.457,1.06443
425.377,1.06453
423.725,1.06463
425.503,1.06473
428.076,1.06483
434.006,1.06493
418.338,1.06503
427.921,1.06514
428.166,1.06523
426.609,1.06534
436.867,1.06544
444.587,1.06554
432.925,1.06564
429.42,1.06574
430.617,1.06584
438.175,1.06594
433.838,1.06604
421.308,1.06614
426.295,1.06624
441.137,1.06635
429.775,1.06645
428.506,1.06655
434.419,1.06665
436.685,1.06675
427.953,1.06685
431.707,1.06695
427.197,1.06705
436.599,1.06715
427.82,1.06725
432.843,1.06735
436.031,1.06746
427.744,1.06756
435.339,1.06766
424.419,1.06776
426.514,1.06786
428.695,1.06796
434.953,1.06806
424.827,1.06816
431.278,1.06826
424.393,1.06836
422.713,1.06847
429.106,1.06857
423.241,1.06867
418.03,1.06877
418.499,1.06887
419.319,1.06897
419.885,1.06907
417.991,1.06917
410.23,1.06927
413.497,1.06937
416.813,1.06947
409.289,1.06958
415.914,1.06967
410.437,1.06978
417.264,1.06988
417.546,1.06998
408.091,1.07008
405.461,1.07018
400.426,1.07028
413.04,1.07038
415.529,1.07048
396.101,1.07058
404.175,1.07069
410.641,1.07079
399.759,1.07088
397.357,1.07099
400.3,1.07109
414.902,1.07119
398.688,1.07129
416.479,1.07139
393.397,1.07149
412.047,1.07159
403.228,1.07169
417.658,1.07179
406.912,1.0719
411.637,1.072
412.839,1.0721
407.033,1.0722
424.896,1.0723
417.919,1.0724
430.056,1.0725
423.261,1.0726
430.194,1.0727
432.779,1.0728
436.148,1.07291
436.924,1.07301
435.859,1.07311
435.696,1.07321
449.968,1.07331
439.183,1.07341
449.151,1.07351
445.954,1.07361
444.394,1.07371
446.779,1.07381
432.657,1.07391
454.836,1.07401
446.772,1.07412
445.493,1.07422
452.007,1.07431
462.237,1.07442
453.883,1.07452
454.099,1.07462
448.484,1.07472
453.914,1.07482
447.528,1.07492
457.815,1.07502
451.894,1.07512
456.716,1.07522
456.394,1.07533
467.022,1.07542
455.361,1.07553
452.042,1.07563
459.27,1.07573
452.878,1.07583
459.76,1.07593
449.636,1.07603
463.474,1.07613
451.129,1.07623
455.03,1.07634
457.897,1.07643
457.161,1.07654
455.04,1.07664
459.521,1.07674
461.154,1.07684
460.302,1.07694
459.568,1.07704
462.347,1.07714
455.189,1.07725
460.638,1.07735
460.974,1.07744
452.209,1.07755
452.474,1.07764
461.325,1.07774
457.093,1.07785
457.037,1.07795
461.902,1.07805
466.14,1.07815
452.251,1.07825
454.176,1.07836
444.029,1.07845
458.271,1.07855
465.271,1.07865
445.324,1.07876
460.802,1.07886
453.176,1.07896
451.407,1.07906
456.082,1.07916
449.546,1.07926
466.887,1.07936
440.855,1.07946
446.492,1.07956
457.381,1.07967
448.868,1.07977
458.081,1.07987
455.071,1.07997
445.732,1.08007
455.214,1.08017
461.843,1.08027
452.096,1.08037
452.095,1.08047
448.117,1.08057
447.075,1.08067
437.328,1.08077
452.707,1.08088
455.068,1.08098
456.946,1.08108
451.433,1.08118
429.841,1.08128
451.641,1.08138
453.783,1.08148
438.442,1.08158
440.454,1.08168
452.886,1.08178
438.204,1.08189
444.063,1.08199
434.72,1.08209
435.686,1.08219
446.412,1.08229
436.354,1.08239
432.143,1.08249
428.171,1.08259
432.995,1.08269
439.192,1.08279
431.91,1.08289
427.876,1.08299
436.754,1.0831
425.857,1.0832
426.542,1.0833
424.634,1.0834
424.735,1.0835
424.546,1.0836
422.634,1.0837
425.727,1.0838
429.389,1.0839
424.043,1.084
414.48,1.0841
412.638,1.08421
428.46,1.08431
425.167,1.08441
416.932,1.08451
409.203,1.08461
416.296,1.08471
401.314,1.08481
415.376,1.08491
418.481,1.08501
425.308,1.08511
417.645,1.08522
423.325,1.08531
419.678,1.08541
418.138,1.08552
413.281,1.08562
420.689,1.08572
421.835,1.08582
416.989,1.08592
424.712,1.08602
419.332,1.08612
425.462,1.08622
422.995,1.08632
432.147,1.08643
434.449,1.08653
431.796,1.08663
422.072,1.08673
437.804,1.08683
420.679,1.08693
422.571,1.08703
418.517,1.08713
427.496,1.08723
423.036,1.08733
436.058,1.08744
414.917,1.08754
423.336,1.08764
431.608,1.08774
426.889,1.08784
429.449,1.08794
428.657,1.08804
427.253,1.08814
424.704,1.08824
421.973,1.08834
416.725,1.08844
415.368,1.08854
416.803,1.08865
426.027,1.08875
426.137,1.08885
425.455,1.08895
421.876,1.08905
412.649,1.08915
414.714,1.08925
420.385,1.08935
421.096,1.08945
406.837,1.08955
418.672,1.08965
407.475,1.08975
418.117,1.08986
413.386,1.08995
416.485,1.09006
417.206,1.09016
409.355,1.09026
409.392,1.09036
397.585,1.09046
391.235,1.09056
414.625,1.09066
408.334,1.09076
401.229,1.09087
390.496,1.09096
396.635,1.09107
385.021,1.09117
392.332,1.09127
408.97,1.09137
402.127,1.09147
408.736,1.09157
401.735,1.09167
402.025,1.09177
399.016,1.09187
416.01,1.09198
389.922,1.09208
412.49,1.09218
416.699,1.09228
413.653,1.09238
406.634,1.09248
418.992,1.09258
423.268,1.09268
425.312,1.09278
433.891,1.09289
425.167,1.09299
426.137,1.09309
427.348,1.09319
423.225,1.09329
431.213,1.09339
428.97,1.09349
441.504,1.09359
442.828,1.09369
434.279,1.09379
437.946,1.09389
441.864,1.09399
457.902,1.09409
447.39,1.09419
447.113,1.0943
454.913,1.0944
443.413,1.0945
438.61,1.0946
462.197,1.0947
454.614,1.0948
449.227,1.0949
445.792,1.095
451.214,1.0951
463.035,1.09521
450.432,1.09531
458.142,1.09541
454.928,1.09551
451.181,1.09561
443.348,1.09571
464.917,1.09581
445.413,1.09591
449.285,1.09601
451.811,1.09611
470.477,1.09621
450.102,1.09632
455.024,1.09641
457.624,1.09652
458.633,1.09662
466.908,1.09672
459.409,1.09682
456.405,1.09692
462.092,1.09702
460.918,1.09712
459.495,1.09722
453.508,1.09732
450.416,1.09742
465.377,1.09753
456.124,1.09763
473.484,1.09773
458.791,1.09783
459.779,1.09793
449.879,1.09803
466.126,1.09813
460.774,1.09823
455.727,1.09833
468.666,1.09843
459.619,1.09853
458.6,1.09864
462.162,1.09874
457.546,1.09884
455.304,1.09894
461.012,1.09904
451.975,1.09914
452.4,1.09924
461.487,1.09934
444.443,1.09944
464.599,1.09955
455.243,1.09965
455.228,1.09975
450.68,1.09985
454.865,1.09995
458.129,1.10004
446.629,1.10015
452.958,1.10025
446.85,1.10035
446.041,1.10045
438.747,1.10055
451.445,1.10065
450.34,1.10075
451.667,1.10086
451.032,1.10096
439.093,1.10106
451.032,1.10116
444.803,1.10126
446.258,1.10136
446.96,1.10146
443.367,1.10156
442.081,1.10166
442.552,1.10176
443.855,1.10186
446.527,1.10197
441.879,1.10207
441.794,1.10217
432.445,1.10227
443.982,1.10237
436.46,1.10247
442.539,1.10257
426.566,1.10267
444.482,1.10277
437.012,1.10287
434.749,1.10297
430.581,1.10307
422.13,1.10318
442.299,1.10328
435.966,1.10338
416.141,1.10348
432.619,1.10358
436.777,1.10368
429.36,1.10378
422.078,1.10388
422.626,1.10398
407.931,1.10408
422.288,1.10418
428.45,1.10429
414.802,1.10439
418.375,1.10449
428.673,1.10459
423.23,1.10469
420.566,1.10479
421.33,1.10489
423.511,1.10499
423.186,1.1051
415.589,1.1052
423.327,1.10529
428.321,1.1054
415.542,1.1055
421.724,1.1056
427.39,1.1057
423.323,1.1058
411.47,1.1059
415.315,1.106
423.173,1.1061
414.76,1.10621
427.482,1.1063
413.946,1.10641
418.305,1.10651
423.067,1.10661
425.607,1.10671
430.617,1.10681
424.416,1.10691
430.449,1.10701
430.973,1.10711
427.924,1.10722
432.762,1.10731
428.62,1.10741
432.652,1.10751
433.389,1.10762
432.95,1.10772
430.858,1.10782
429.636,1.10792
430.422,1.10802
424.2,1.10812
433.886,1.10822
431.927,1.10832
435.22,1.10842
435.594,1.10853
418.989,1.10862
433.07,1.10873
423.559,1.10883
430.718,1.10893
428.668,1.10903
428.133,1.10913
419.655,1.10923
424.4,1.10933
432.471,1.10943
416.961,1.10953
413.933,1.10964
418,1.10974
409.085,1.10984
421.789,1.10994
424.725,1.11004
419.464,1.11014
413.605,1.11024
417.28,1.11034
415.993,1.11044
406.907,1.11054
412.162,1.11064
419.116,1.11074
400.955,1.11085
410.293,1.11095
400.398,1.11105
405.443,1.11115
407.196,1.11125
400.765,1.11135
397.689,1.11145
418.076,1.11155
393.209,1.11165
406.313,1.11175
397.212,1.11185
410.839,1.11196
390.426,1.11206
404.477,1.11215
397.175,1.11226
413.67,1.11236
414.227,1.11246
394.207,1.11256
410.468,1.11266
418.541,1.11276
411.026,1.11286
405.14,1.11296
418.972,1.11307
413.421,1.11317
420.27,1.11327
415.05,1.11337
431.187,1.11347
428.071,1.11357
416.253,1.11367
443.292,1.11377
444.927,1.11387
438.622,1.11397
444.391,1.11407
436.451,1.11418
440.069,1.11428
447.823,1.11438
441.971,1.11448
450.384,1.11458
446.155,1.11468
457.001,1.11478
448.818,1.11488
449.863,1.11498
456.06,1.11508
445.982,1.11518
450.892,1.11529
455.453,1.11539
452.837,1.11549
439.475,1.11559
460.077,1.11569
460.909,1.11579
448.693,1.11589
457.383,1.11599
470.804,1.11609
451.045,1.1162
453.345,1.11629
461.156,1.1164
455.642,1.1165
453.571,1.1166
455.672,1.1167
458.488,1.1168
461.602,1.1169
458.244,1.117
451.011,1.1171
453.864,1.1172
462.859,1.1173
468.582,1.11741
453.303,1.11751
448.385,1.1176
464.06,1.11771
460.525,1.1178
464.816,1.11791
461.449,1.11801
452.862,1.11811
463.705,1.11821
457.435,1.11831
458.278,1.11841
453.863,1.11851
460.447,1.11861
461.748,1.11872
462.776,1.11882
459.684,1.11892
459.869,1.11902
454.015,1.11912
449.686,1.11922
455.958,1.11932
462.636,1.11943
460.299,1.11953
457.941,1.11963
451.759,1.11973
450.402,1.11983
453.29,1.11993
453.549,1.12003
459.019,1.12013
458.416,1.12023
461.616,1.12033
456.898,1.12043
438.835,1.12053
458.16,1.12063
459.628,1.12073
459.603,1.12083
447.23,1.12093
454.97,1.12104
453.957,1.12114
456.209,1.12124
447.618,1.12134
453.434,1.12144
456.584,1.12154
441.672,1.12164
454.777,1.12174
445.174,1.12184
459.982,1.12194
442.875,1.12205
439.069,1.12215
448.886,1.12225
442.607,1.12235
451.17,1.12245
447.463,1.12255
432.998,1.12265
447.984,1.12275
448.127,1.12285
446.573,1.12295
434.851,1.12306
438.07,1.12316
432.633,1.12326
436.197,1.12336
445.147,1.12346
444.545,1.12356
444.368,1.12366
439.638,1.12376
434.427,1.12386
438.766,1.12396
438.964,1.12407
431.805,1.12416
439.12,1.12427
428.488,1.12437
431.117,1.12447
433.553,1.12457
432.978,1.12467
430.726,1.12477
431.917,1.12487
428.727,1.12497
426.87,1.12508
426.623,1.12518
425.772,1.12527
417.287,1.12538
430.092,1.12548
416.784,1.12558
419.3,1.12568
421.47,1.12578
419.847,1.12588
416.178,1.12598
422.634,1.12608
412.15,1.12618
410.382,1.12629
415.673,1.12638
413.111,1.12649
418.789,1.12659
416.876,1.12669
420.632,1.12679
410.361,1.12689
421.065,1.12699
411.437,1.12709
416.3,1.12719
410.314,1.12729
425.535,1.12739
423.945,1.12749
419.47,1.1276
423.468,1.1277
427.647,1.1278
415.474,1.1279
421.875,1.128
430.102,1.1281
413.989,1.1282
420.753,1.1283
424.142,1.12841
409.763,1.1285
422.928,1.12861
428.163,1.12871
427.694,1.12881
418.996,1.12891
425.001,1.12901
409.788,1.12911
420.909,1.12921
430.783,1.12931
421.842,1.12941
418.043,1.12951
413.82,1.12961
412.094,1.12972
404.309,1.12981
422.594,1.12991
426.095,1.13002
426.085,1.13012
418.572,1.13022
407.483,1.13032
418.263,1.13042
409.455,1.13052
406.76,1.13062
409.475,1.13072
406.036,1.13082
407.662,1.13093
400.736,1.13103
398.862,1.13112
389.85,1.13123
419.328,1.13133
397.038,1.13143
412.465,1.13153
401.057,1.13163
407.744,1.13173
397.531,1.13184
405.942,1.13193
402.265,1.13204
395.435,1.13214
404.307,1.13223
393.207,1.13234
397.766,1.13244
401.037,1.13254
391.748,1.13264
400.443,1.13274
392.664,1.13285
409.352,1.13295
404.178,1.13305
416.324,1.13315
403.069,1.13325
400.283,1.13335
413.177,1.13345
419.192,1.13355
406.413,1.13365
427.357,1.13375
436.173,1.13385
429.531,1.13395
426.407,1.13405
429.299,1.13415
422.581,1.13426
439.082,1.13436
440.762,1.13446
431.391,1.13456
441.155,1.13466
443.473,1.13476
441.121,1.13486
443.663,1.13496
441.187,1.13506
439.966,1.13516
456.453,1.13527
434.981,1.13537
456.572,1.13546
452.189,1.13557
447.446,1.13567
438.893,1.13577
463.776,1.13587
451.945,1.13597
438.346,1.13607
464.622,1.13617
451.66,1.13628
456.342,1.13638
441.825,1.13647
472.265,1.13658
458.835,1.13668
448.257,1.13678
456.1,1.13688
458.745,1.13698
452.086,1.13708
465.448,1.13718
450.21,1.13728
464.856,1.13738
467.649,1.13749
446.183,1.13759
464.209,1.13769
460.144,1.13779
462.312,1.13789
453.948,1.13799
455.284,1.13809
462.242,1.13819
470.902,1.13829
456.397,1.13839
455.782,1.13849
470.014,1.1386
452.822,1.1387
457.331,1.13879
464.109,1.1389
462.333,1.139
466.621,1.1391
462.789,1.1392
461.44,1.1393
463.181,1.1394
454.372,1.13951
467.096,1.13961
456.928,1.13971
449.253,1.13981
467.747,1.13991
463.517,1.14001
461.792,1.14011
452.114,1.14021
464.564,1.14031
454.752,1.14041
460.945,1.14051
453.147,1.14061
455.621,1.14071
459.701,1.14082
445.54,1.14092
469.363,1.14101
448.828,1.14112
455.649,1.14122
455.927,1.14132
456.593,1.14142
445.509,1.14152
455.114,1.14162
439.654,1.14172
451.833,1.14182
454.564,1.14193
446.944,1.14203
454.406,1.14213
445.373,1.14223
443.478,1.14233
445.954,1.14243
445.657,1.14253
446.844,1.14263
438.075,1.14273
429.1,1.14283
448.396,1.14293
451.441,1.14303
440.019,1.14313
447.152,1.14324
433.857,1.14334
451.777,1.14344
436.49,1.14354
442.122,1.14364
440.716,1.14374
440.26,1.14384
443.307,1.14394
435.529,1.14405
449.731,1.14414
432.104,1.14425
433.74,1.14435
444.544,1.14445
440.224,1.14455
432.702,1.14465
437.274,1.14475
435.778,1.14485
435.483,1.14495
430.636,1.14505
429.5,1.14515
431.796,1.14525
413.202,1.14535
428.218,1.14546
433.771,1.14556
423.605,1.14566
422.228,1.14576
416.307,1.14586
421.943,1.14596
423.388,1.14606
411.747,1.14616
424.184,1.14627
422.544,1.14637
412.285,1.14647
418.29,1.14657
416.054,1.14667
420.92,1.14677
416.406,1.14687
424.853,1.14697
415.213,1.14707
417.614,1.14717
418.703,1.14727
426.512,1.14738
417.348,1.14748
422.265,1.14757
421.959,1.14768
426.091,1.14778
423.969,1.14788
429.781,1.14798
422.466,1.14808
418.205,1.14818
425.957,1.14828
428.444,1.14839
422.233,1.14848
421.911,1.14859
427.706,1.14868
423.992,1.14879
421.459,1.14889
422.279,1.14899
438.465,1.14909
422.329,1.14919
414.688,1.14929
415.076,1.14939
420.978,1.14949
425.94,1.14959
426.552,1.14969
428.583,1.1498
419.117,1.14989
409.371,1.15
420.546,1.1501
423.308,1.1502
414.089,1.1503
413.764,1.1504
412.057,1.1505
420.533,1.1506
418.619,1.15071
425.739,1.1508
407.901,1.15091
416.343,1.15101
417.575,1.15111
411.329,1.15121
400.014,1.15131
409.47,1.15141
407.233,1.15151
397.741,1.15161
404.619,1.15171
414.941,1.15181
406.308,1.15191
398.124,1.15201
389.104,1.15212
391.856,1.15222
386.062,1.15232
404.803,1.15242
392.522,1.15252
405.561,1.15262
396.632,1.15272
395.081,1.15282
393.969,1.15292
389.578,1.15303
398.313,1.15313
397.801,1.15323
401.878,1.15333
404.009,1.15343
411.913,1.15353
414.544,1.15363
411.213,1.15373
408.868,1.15383
411.446,1.15393
408.165,1.15403
409.407,1.15413
403.218,1.15424
424.839,1.15434
424.398,1.15444
428.519,1.15454
428.275,1.15464
419.634,1.15474
436.787,1.15484
430.407,1.15494
442.231,1.15504
437.703,1.15515
439.628,1.15524
441.389,1.15535
449.112,1.15545
445.837,1.15555
445.108,1.15565
438.858,1.15575
460.033,1.15585
445.925,1.15595
453.436,1.15606
458.834,1.15615
453.292,1.15626
444.311,1.15636
461.331,1.15645
454.667,1.15656
457.372,1.15666
457.053,1.15676
456.219,1.15686
445.966,1.15696
465.081,1.15706
449.606,1.15716
464.971,1.15726
454.554,1.15736
458.23,1.15746
456.797,1.15757
464.116,1.15767
451.896,1.15777
456.495,1.15787
460.028,1.15797
460.767,1.15807
466.57,1.15817
455.397,1.15827
453.854,1.15837
457.148,1.15847
469.475,1.15857
451.042,1.15867
460.084,1.15878
462.165,1.15888
457.825,1.15898
456.579,1.15908
457.373,1.15918
463.373,1.15928
459.308,1.15938
463.331,1.15948
459.646,1.15959
449.286,1.15968
460.172,1.15979
459.201,1.15989
455.122,1.15999
448.668,1.16009
471.15,1.16019
449.49,1.16029
451.509,1.16039
455.08,1.16049
452.391,1.16059
463.928,1.16069
444.546,1.1608
462.086,1.1609
461.306,1.161
455.665,1.1611
449.891,1.1612
450.011,1.1613
447.669,1.1614
471.226,1.1615
453.461,1.1616
452.28,1.1617
451.085,1.1618
452.273,1.1619
449.957,1.16201
452.35,1.16211
443.213,1.16221
452.726,1.16231
452.993,1.16241
451.475,1.16251
449.818,1.16261
451.004,1.16271
446.246,1.16281
432.45,1.16291
459.123,1.16301
444.989,1.16312
444.578,1.16321
446.416,1.16332
435.975,1.16342
453.407,1.16352
443.7,1.16362
446.218,1.16372
445.476,1.16382
438.484,1.16392
454.318,1.16402
437.022,1.16412
441.156,1.16422
442.124,1.16433
446.155,1.16443
444.344,1.16453
448.158,1.16463
419.648,1.16473
444.721,1.16483
445.998,1.16493
429.984,1.16503
441.568,1.16514
435.206,1.16523
430.651,1.16534
432.783,1.16544
433.136,1.16554
436.3,1.16564
437.858,1.16574
429.332,1.16584
433.685,1.16594
412.253,1.16604
429.16,1.16614
430.115,1.16625
427.412,1.16634
428.858,1.16644
411.062,1.16655
415.204,1.16665
420.848,1.16675
423.536,1.16685
420.927,1.16695
422.579,1.16705
421.474,1.16715
419.683,1.16725
416.933,1.16735
420.579,1.16746
414.579,1.16756
417.516,1.16766
411.67,1.16776
411.034,1.16786
405.613,1.16796
424.388,1.16806
414.564,1.16816
421.82,1.16826
421.446,1.16836
425.261,1.16846
417.298,1.16856
418.843,1.16867
418.255,1.16877
419.204,1.16887
430.851,1.16897
419.816,1.16907
427.786,1.16917
423.768,1.16927
420.454,1.16937
424.55,1.16947
419.679,1.16957
421.407,1.16968
428.448,1.16978
415.25,1.16987
423.145,1.16998
423.963,1.17008
417.134,1.17018
420.677,1.17028
419.805,1.17038
430.714,1.17048
429.379,1.17058
429.417,1.17068
425.15,1.17078
420.608,1.17089
425.671,1.17099
417.009,1.17109
414.549,1.17119
414.005,1.17129
402.797,1.17139
411.327,1.17149
425.539,1.17159
419.689,1.17169
406.805,1.17179
409.062,1.1719
412.877,1.172
405.812,1.17209
410.615,1.1722
399.427,1.1723
410.594,1.1724
415.688,1.1725
409.26,1.1726
405.508,1.1727
401.496,1.1728
407.249,1.1729
414.59,1.173
404.671,1.1731
414.344,1.1732
416.786,1.17331
401.378,1.17341
405.667,1.17351
392.187,1.17361
403.099,1.17371
399.858,1.17381
407.902,1.17391
410.277,1.17402
408.813,1.17411
402.788,1.17422
417.512,1.17432
405.538,1.17442
406.558,1.17452
410.79,1.17462
414.595,1.17472
422.97,1.17482
423.97,1.17493
419.892,1.17502
411.935,1.17512
417.66,1.17523
442.452,1.17532
434.355,1.17543
434.994,1.17553
428.777,1.17563
447.694,1.17573
443.344,1.17583
439.668,1.17593
433.363,1.17603
464.323,1.17613
449.739,1.17623
451.133,1.17633
436.682,1.17643
454.258,1.17653
449.477,1.17664
455.637,1.17674
443.271,1.17684
448.535,1.17694
465.682,1.17704
453.825,1.17714
448.828,1.17724
459.617,1.17734
454.335,1.17745
459.683,1.17755
452.968,1.17765
441.839,1.17775
460.265,1.17785
458.855,1.17795
454.267,1.17805
458.387,1.17815
455.251,1.17825
460.644,1.17835
444.028,1.17845
466.05,1.17855
457.139,1.17866
448.329,1.17876
475.378,1.17886
464.757,1.17896
460.802,1.17906
440.11,1.17916
470.614,1.17926
448.951,1.17936
470.064,1.17946
457.678,1.17956
458.577,1.17966
469.525,1.17977
463.789,1.17987
448.35,1.17997
465.881,1.18007
464.889,1.18017
464.886,1.18027
448.568,1.18037
466.006,1.18047
459.596,1.18057
468.421,1.18067
459.722,1.18078
461.8,1.18088
457.543,1.18098
457.636,1.18108
453.603,1.18118
459.085,1.18128
462.589,1.18138
462.418,1.18148
458.6,1.18158
453.706,1.18168
459.857,1.18178
452.238,1.18189
457.865,1.18198
464.412,1.18209
457.379,1.18219
464.226,1.18229
458.68,1.18239
456.778,1.18249
444.06,1.18259
436.469,1.18269
460.889,1.18279
449.329,1.18289
456.16,1.183
455.723,1.18309
454.396,1.1832
457.985,1.1833
450.083,1.1834
452.77,1.1835
448.757,1.1836
441.672,1.1837
448.284,1.1838
438.438,1.1839
437.327,1.184
438.743,1.18411
440.334,1.1842
450.689,1.18431
436.999,1.18441
429.296,1.18451
455.425,1.18461
429.689,1.18471
432.087,1.18481
443.816,1.18491
436.95,1.18501
437.936,1.18511
429.241,1.18521
444.036,1.18532
439.465,1.18542
426.612,1.18552
447.574,1.18562
429.289,1.18572
427.006,1.18582
425.998,1.18592
422.7,1.18602
437.621,1.18612
416.742,1.18622
423.224,1.18632
423.754,1.18643
432.176,1.18652
418.916,1.18663
423.215,1.18673
415.496,1.18683
421.321,1.18693
420.774,1.18703
416.167,1.18713
422.53,1.18723
410.285,1.18733
410.125,1.18743
416.087,1.18754
409.887,1.18764
412.49,1.18774
417.807,1.18784
415.876,1.18794
423.286,1.18804
414.822,1.18814
413.649,1.18824
405.387,1.18834
412.394,1.18845
413.013,1.18854
411.334,1.18865
413.473,1.18875
413.369,1.18885
416.686,1.18895
421.467,1.18905
422.831,1.18915
421.971,1.18925
426.359,1.18935
422.157,1.18945
427.783,1.18955
417.664,1.18965
418.139,1.18975
430.154,1.18986
429.291,1.18996
429.331,1.19006
426.096,1.19016
422.178,1.19026
417.081,1.19036
434.205,1.19046
429.027,1.19056
435.719,1.19066
436.781,1.19076
425.962,1.19086
420.584,1.19097
415.523,1.19107
414.377,1.19117
418.888,1.19127
425.031,1.19137
421.117,1.19147
410.346,1.19157
416.811,1.19167
418.341,1.19177
413.435,1.19187
408.419,1.19198
414.817,1.19208
407.71,1.19217
414.537,1.19228
417.974,1.19238
411.552,1.19248
407.064,1.19258
399.125,1.19268
419.745,1.19279
405.831,1.19288
411.191,1.19298
414.541,1.19309
402.867,1.19319
398.789,1.19329
401.949,1.19339
403.219,1.19349
414.279,1.19359
414.274,1.19369
406.439,1.19379
406.511,1.19389
409.376,1.19399
416.04,1.1941
405.398,1.19419
410.691,1.1943
406.487,1.1944
403.329,1.1945
410.333,1.1946
408.146,1.1947
407.948,1.1948
420.453,1.1949
428.56,1.195
411.996,1.1951
412.754,1.1952
429.318,1.1953
423.903,1.19541
428.471,1.19551
425.075,1.19561
430.382,1.19571
429.637,1.19581
428.255,1.19591
434.029,1.19601
440.088,1.19611
445.802,1.19621
424.427,1.19631
438.6,1.19641
441.423,1.19652
449.537,1.19662
446.933,1.19672
443.704,1.19682
443.992,1.19692
447.126,1.19702
459.252,1.19712
452.824,1.19722
458.472,1.19732
436.126,1.19743
464.956,1.19752
469.865,1.19763
451.525,1.19773
458.53,1.19783
454.818,1.19793
464.806,1.19803
460.421,1.19813
459.613,1.19823
458.018,1.19833
459.336,1.19844
447.937,1.19853
468.645,1.19863
450.521,1.19873
458.595,1.19884
452.948,1.19894
465.89,1.19904
470.147,1.19914
449.497,1.19924
462.731,1.19934
467.834,1.19944
458.031,1.19954
463.1,1.19964
456.589,1.19975
456.977,1.19985
466.311,1.19995
454.886,1.20005
465.05,1.20015
455.616,1.20025
451.439,1.20035
471.282,1.20045
455.681,1.20055
464.118,1.20065
453.369,1.20075
459.398,1.20085
459.691,1.20096
450.942,1.20106
452.061,1.20116
466.582,1.20126
448.89,1.20136
469.105,1.20146
455.886,1.20156
444.454,1.20166
460.787,1.20176
457.658,1.20187
447.021,1.20196
458.823,1.20207
453.38,1.20217
446.452,1.20227
458.107,1.20237
456.097,1.20247
456.819,1.20257
449.332,1.20267
458.458,1.20277
450.403,1.20287
460.731,1.20297
440.408,1.20307
461.697,1.20318
445.641,1.20328
453.541,1.20338
436.987,1.20348
455.6,1.20358
451.689,1.20368
441.65,1.20378
456.832,1.20388
444.725,1.20398
448.435,1.20408
442.635,1.20419
437.213,1.20429
449.055,1.20439
438.452,1.20449
434.491,1.20459
445.777,1.20469
456.616,1.20479
436.621,1.20489
449.039,1.20499
436.716,1.20509
453.149,1.20519
441.612,1.2053
428.052,1.2054
451.353,1.2055
434.789,1.2056
430.082,1.2057
446.404,1.2058
433.117,1.2059
436.048,1.206
445.854,1.2061
435.039,1.2062
434.095,1.2063
434.738,1.2064
436.322,1.2065
433.639,1.20661
429.019,1.20671
424.89,1.20681
428.509,1.20691
417.775,1.20701
429.766,1.20711
428.949,1.20721
422.706,1.20731
416.502,1.20741
419.536,1.20751
417.992,1.20762
433.327,1.20772
416.151,1.20782
420.7,1.20792
413.983,1.20802
416.435,1.20812
413.159,1.20822
409.085,1.20832
411.206,1.20842
409.499,1.20852
413.285,1.20863
415.911,1.20873
410.942,1.20883
412.905,1.20892
413.837,1.20903
420.951,1.20913
419.99,1.20923
417.323,1.20933
413.566,1.20943
421.898,1.20953
426.391,1.20963
419.721,1.20973
428.116,1.20984
425.399,1.20994
420.787,1.21004
436.163,1.21014
419.892,1.21024
422.909,1.21034
427.808,1.21044
422.694,1.21054
425.414,1.21064
419.859,1.21074
422.473,1.21084
426.361,1.21095
419.75,1.21105
414.967,1.21115
417.575,1.21125
424.486,1.21135
427.294,1.21145
413.495,1.21155
424.582,1.21165
416.315,1.21175
411.265,1.21185
418.783,1.21196
412.99,1.21206
421.351,1.21216
414.086,1.21226
423.69,1.21236
406.918,1.21246
418.73,1.21256
417.566,1.21266
409.083,1.21276
410.635,1.21286
411.48,1.21297
416.838,1.21306
396.745,1.21317
412.529,1.21327
410.546,1.21337
399.991,1.21347
412.607,1.21357
397.634,1.21367
413.068,1.21377
414.729,1.21387
410.949,1.21397
403.455,1.21408
405.251,1.21417
399.87,1.21428
400.322,1.21438
409.755,1.21448
403.409,1.21458
406.653,1.21468
393.927,1.21478
394.217,1.21488
409.125,1.21498
402.553,1.21508
407.389,1.21518
397.453,1.21528
424.477,1.21539
407.491,1.21549
417.85,1.21559
415.483,1.21569
420.609,1.21579
414.281,1.21589
430.404,1.21599
422.926,1.21609
432.682,1.21619
429.171,1.21629
435.737,1.2164
436.36,1.2165
442.768,1.2166
447.846,1.2167
446.996,1.2168
443.007,1.2169
440.617,1.217
434.553,1.2171
451.131,1.2172
449.972,1.2173
445.127,1.21741
441.056,1.21751
450.079,1.21761
465.03,1.21771
447.346,1.21781
457.814,1.21791
452.506,1.21801
451.707,1.21811
456.519,1.21821
440.475,1.21831
463.035,1.21841
447.976,1.21851
449.918,1.21861
463.508,1.21872
447.438,1.21882
452.209,1.21892
457.522,1.21902
446.535,1.21912
471.798,1.21922
454.04,1.21932
458.044,1.21942
446.452,1.21952
472.972,1.21962
456.854,1.21972
464.689,1.21983
460.289,1.21993
444.779,1.22003
463.523,1.22013
461.847,1.22023
446.194,1.22033
469.582,1.22043
456.403,1.22053
467.48,1.22063
456.217,1.22073
461.669,1.22084
447.324,1.22094
473.669,1.22104
456.555,1.22114
449.951,1.22124
470.258,1.22134
449.856,1.22144
457.614,1.22154
461.778,1.22164
447.025,1.22174
467.662,1.22184
